2026-01-27 17:18:09,847 INFO o.a.j.u.JMeterUtils: Setting Locale to en_EN
2026-01-27 17:18:09,855 INFO o.a.j.JMeter: Loading user properties from: C:\ProgramData\chocolatey\lib\jmeter\tools\apache-jmeter-5.6.3\bin\user.properties
2026-01-27 17:18:09,856 INFO o.a.j.JMeter: Loading system properties from: C:\ProgramData\chocolatey\lib\jmeter\tools\apache-jmeter-5.6.3\bin\system.properties
2026-01-27 17:18:09,860 INFO o.a.j.JMeter: Copyright (c) 1998-2024 The Apache Software Foundation
2026-01-27 17:18:09,860 INFO o.a.j.JMeter: Version 5.6.3
2026-01-27 17:18:09,861 INFO o.a.j.JMeter: java.version=1.8.0_471
2026-01-27 17:18:09,861 INFO o.a.j.JMeter: java.vm.name=Java HotSpot(TM) 64-Bit Server VM
2026-01-27 17:18:09,861 INFO o.a.j.JMeter: os.name=Windows 11
2026-01-27 17:18:09,861 INFO o.a.j.JMeter: os.arch=amd64
2026-01-27 17:18:09,861 INFO o.a.j.JMeter: os.version=10.0
2026-01-27 17:18:09,861 INFO o.a.j.JMeter: file.encoding=Cp1252
2026-01-27 17:18:09,861 INFO o.a.j.JMeter: java.awt.headless=true
2026-01-27 17:18:09,861 INFO o.a.j.JMeter: Max memory     =1073741824
2026-01-27 17:18:09,861 INFO o.a.j.JMeter: Available Processors =12
2026-01-27 17:18:09,864 INFO o.a.j.JMeter: Default Locale=English (EN)
2026-01-27 17:18:09,864 INFO o.a.j.JMeter: JMeter  Locale=English (EN)
2026-01-27 17:18:09,864 INFO o.a.j.JMeter: JMeterHome=C:\ProgramData\chocolatey\lib\jmeter\tools\apache-jmeter-5.6.3
2026-01-27 17:18:09,864 INFO o.a.j.JMeter: user.dir  =C:\Users\aymen\OneDrive\Desktop\9raya\Software-Depandabilities\Project\spring-petclinic
2026-01-27 17:18:09,865 INFO o.a.j.JMeter: PWD       =C:\Users\aymen\OneDrive\Desktop\9raya\Software-Depandabilities\Project\spring-petclinic
2026-01-27 17:18:09,873 INFO o.a.j.JMeter: IP: 172.19.239.45 Name: Aymen-PC FullName: 172.19.239.45
2026-01-27 17:18:09,887 INFO o.a.j.JMeter: Setting property 'jmeter.reportgenerator.outputdir' to:'C:\Users\aymen\OneDrive\Desktop\9raya\Software-Depandabilities\Project\spring-petclinic\target\jmeter-report'
2026-01-27 17:18:09,889 INFO o.a.j.s.FileServer: Default base='C:\Users\aymen\OneDrive\Desktop\9raya\Software-Depandabilities\Project\spring-petclinic'
2026-01-27 17:18:09,891 INFO o.a.j.s.FileServer: Set new base='C:\Users\aymen\OneDrive\Desktop\9raya\Software-Depandabilities\Project\spring-petclinic\src\test\jmeter'
2026-01-27 17:18:09,990 INFO o.a.j.s.SaveService: Testplan (JMX) version: 2.2. Testlog (JTL) version: 2.2
2026-01-27 17:18:10,013 INFO o.a.j.s.SaveService: Using SaveService properties file encoding UTF-8
2026-01-27 17:18:10,018 INFO o.a.j.s.SaveService: Using SaveService properties version 5.0
2026-01-27 17:18:10,025 INFO o.a.j.s.SaveService: Loading file: src\test\jmeter\petclinic_test_plan.jmx
2026-01-27 17:18:10,070 INFO o.a.j.p.h.c.CookieManager: Settings: Delete null: true Check: true Allow variable: true Save: false Prefix: COOKIE_
2026-01-27 17:18:10,092 INFO o.a.j.p.h.s.HTTPSamplerBase: Parser for text/html is org.apache.jmeter.protocol.http.parser.LagartoBasedHtmlParser
2026-01-27 17:18:10,092 INFO o.a.j.p.h.s.HTTPSamplerBase: Parser for application/xhtml+xml is org.apache.jmeter.protocol.http.parser.LagartoBasedHtmlParser
2026-01-27 17:18:10,092 INFO o.a.j.p.h.s.HTTPSamplerBase: Parser for application/xml is org.apache.jmeter.protocol.http.parser.LagartoBasedHtmlParser
2026-01-27 17:18:10,092 INFO o.a.j.p.h.s.HTTPSamplerBase: Parser for text/xml is org.apache.jmeter.protocol.http.parser.LagartoBasedHtmlParser
2026-01-27 17:18:10,092 INFO o.a.j.p.h.s.HTTPSamplerBase: Parser for text/vnd.wap.wml is org.apache.jmeter.protocol.http.parser.RegexpHTMLParser
2026-01-27 17:18:10,092 INFO o.a.j.p.h.s.HTTPSamplerBase: Parser for text/css is org.apache.jmeter.protocol.http.parser.CssParser
2026-01-27 17:18:10,338 INFO o.a.j.JMeter: Creating summariser <summary>
2026-01-27 17:18:10,342 INFO o.a.j.r.d.ReportGenerator: ReportGenerator will use for Parsing the separator: ','
2026-01-27 17:18:10,342 INFO o.a.j.r.d.ReportGenerator: Will generate report at end of test from  results file: target\jmeter-results.jtl
2026-01-27 17:18:10,342 INFO o.a.j.r.d.ReportGenerator: Reading report generator properties from: C:\ProgramData\chocolatey\lib\jmeter\tools\apache-jmeter-5.6.3\bin\reportgenerator.properties
2026-01-27 17:18:10,343 INFO o.a.j.r.d.ReportGenerator: Merging with JMeter properties
2026-01-27 17:18:10,348 INFO o.a.j.r.c.ReportGeneratorConfiguration: Property 'jmeter.reportgenerator.temp_dir' not found, using default value 'temp' instead.
2026-01-27 17:18:10,350 INFO o.a.j.r.c.ReportGeneratorConfiguration: Property 'jmeter.reportgenerator.apdex_per_transaction' not found, using default value 'null' instead.
2026-01-27 17:18:10,350 INFO o.a.j.r.c.ReportGeneratorConfiguration: apdex_per_transaction is empty, not APDEX per transaction customization
2026-01-27 17:18:10,350 INFO o.a.j.r.c.ReportGeneratorConfiguration: Property 'jmeter.reportgenerator.sample_filter' not found, using default value 'null' instead.
2026-01-27 17:18:10,350 INFO o.a.j.r.c.ReportGeneratorConfiguration: Property 'jmeter.reportgenerator.report_title' not found, using default value 'null' instead.
2026-01-27 17:18:10,350 INFO o.a.j.r.c.ReportGeneratorConfiguration: Property 'jmeter.reportgenerator.start_date' not found, using default value 'null' instead.
2026-01-27 17:18:10,350 INFO o.a.j.r.c.ReportGeneratorConfiguration: Property 'jmeter.reportgenerator.end_date' not found, using default value 'null' instead.
2026-01-27 17:18:10,350 INFO o.a.j.r.c.ReportGeneratorConfiguration: Property 'jmeter.reportgenerator.date_format' not found, using default value 'null' instead.
2026-01-27 17:18:10,352 INFO o.a.j.r.c.ReportGeneratorConfiguration: Will use date range start date: null, end date: null
2026-01-27 17:18:10,355 INFO o.a.j.r.c.ReportGeneratorConfiguration: Property 'jmeter.reportgenerator.graph.totalTPS.exclude_controllers' not found, using default value 'false' instead.
2026-01-27 17:18:10,356 INFO o.a.j.r.c.ReportGeneratorConfiguration: Property 'jmeter.reportgenerator.graph.activeThreadsOverTime.exclude_controllers' not found, using default value 'false' instead.
2026-01-27 17:18:10,356 INFO o.a.j.r.c.ReportGeneratorConfiguration: Property 'jmeter.reportgenerator.graph.timeVsThreads.exclude_controllers' not found, using default value 'false' instead.
2026-01-27 17:18:10,356 INFO o.a.j.r.c.ReportGeneratorConfiguration: Property 'jmeter.reportgenerator.graph.responseTimeDistribution.exclude_controllers' not found, using default value 'false' instead.
2026-01-27 17:18:10,356 INFO o.a.j.r.c.ReportGeneratorConfiguration: Property 'jmeter.reportgenerator.graph.transactionsPerSecond.exclude_controllers' not found, using default value 'false' instead.
2026-01-27 17:18:10,356 INFO o.a.j.r.c.ReportGeneratorConfiguration: Property 'jmeter.reportgenerator.graph.responseTimePercentiles.exclude_controllers' not found, using default value 'false' instead.
2026-01-27 17:18:10,356 INFO o.a.j.r.c.ReportGeneratorConfiguration: Property 'jmeter.reportgenerator.graph.responseTimePercentilesOverTime.exclude_controllers' not found, using default value 'false' instead.
2026-01-27 17:18:10,356 INFO o.a.j.r.c.ReportGeneratorConfiguration: Property 'jmeter.reportgenerator.graph.responseTimesOverTime.exclude_controllers' not found, using default value 'false' instead.
2026-01-27 17:18:10,357 INFO o.a.j.r.c.ReportGeneratorConfiguration: Property 'jmeter.reportgenerator.graph.connectTimeOverTime.exclude_controllers' not found, using default value 'false' instead.
2026-01-27 17:18:10,357 INFO o.a.j.r.c.ReportGeneratorConfiguration: Property 'jmeter.reportgenerator.graph.latenciesOverTime.exclude_controllers' not found, using default value 'false' instead.
2026-01-27 17:18:10,357 INFO o.a.j.r.c.ReportGeneratorConfiguration: Property 'jmeter.reportgenerator.exporter.json.filters_only_sample_series' not found, using default value 'true' instead.
2026-01-27 17:18:10,357 INFO o.a.j.r.c.ReportGeneratorConfiguration: Property 'jmeter.reportgenerator.exporter.json.series_filter' not found, using default value '' instead.
2026-01-27 17:18:10,357 INFO o.a.j.r.c.ReportGeneratorConfiguration: Property 'jmeter.reportgenerator.exporter.json.show_controllers_only' not found, using default value 'false' instead.
2026-01-27 17:18:10,357 INFO o.a.j.r.c.ReportGeneratorConfiguration: Property 'jmeter.reportgenerator.exporter.html.filters_only_sample_series' not found, using default value 'true' instead.
2026-01-27 17:18:10,357 INFO o.a.j.r.c.ReportGeneratorConfiguration: Property 'jmeter.reportgenerator.exporter.html.series_filter' not found, using default value '' instead.
2026-01-27 17:18:10,357 INFO o.a.j.r.c.ReportGeneratorConfiguration: Property 'jmeter.reportgenerator.exporter.html.show_controllers_only' not found, using default value 'false' instead.
2026-01-27 17:18:10,366 INFO o.a.j.e.StandardJMeterEngine: Running the test!
2026-01-27 17:18:10,366 INFO o.a.j.s.SampleEvent: List of sample_variables: []
2026-01-27 17:18:10,367 INFO o.a.j.s.SampleEvent: List of sample_variables: []
2026-01-27 17:18:10,372 INFO o.a.j.e.u.CompoundVariable: Note: Function class names must contain the string: '.functions.'
2026-01-27 17:18:10,372 INFO o.a.j.e.u.CompoundVariable: Note: Function class names must not contain the string: '.gui.'
2026-01-27 17:18:10,639 INFO o.a.j.JMeter: Running test (1769530690639)
2026-01-27 17:18:10,685 INFO o.a.j.e.StandardJMeterEngine: Starting ThreadGroup: 1 : User threads
2026-01-27 17:18:10,685 INFO o.a.j.e.StandardJMeterEngine: Starting 500 threads for group User threads.
2026-01-27 17:18:10,686 INFO o.a.j.e.StandardJMeterEngine: Thread will continue on error
2026-01-27 17:18:10,686 INFO o.a.j.t.ThreadGroup: Starting thread group... number=1 threads=500 ramp-up=10 delayedStart=true
2026-01-27 17:18:10,687 INFO o.a.j.t.ThreadGroup: Started thread group number 1
2026-01-27 17:18:10,687 INFO o.a.j.e.StandardJMeterEngine: All thread groups have been started
2026-01-27 17:18:10,696 INFO o.a.j.t.JMeterThread: Thread started: User threads 1-1
2026-01-27 17:18:10,721 INFO o.a.j.t.JMeterThread: Thread started: User threads 1-2
2026-01-27 17:18:10,751 INFO o.a.j.t.JMeterThread: Thread started: User threads 1-3
2026-01-27 17:18:10,783 INFO o.a.j.t.JMeterThread: Thread started: User threads 1-4
2026-01-27 17:18:10,813 INFO o.a.j.t.JMeterThread: Thread started: User threads 1-5
2026-01-27 17:18:10,845 INFO o.a.j.t.JMeterThread: Thread started: User threads 1-6
2026-01-27 17:18:10,876 INFO o.a.j.t.JMeterThread: Thread started: User threads 1-7
2026-01-27 17:18:10,907 INFO o.a.j.t.JMeterThread: Thread started: User threads 1-8
2026-01-27 17:18:10,937 INFO o.a.j.t.JMeterThread: Thread started: User threads 1-9
2026-01-27 17:18:10,968 INFO o.a.j.t.JMeterThread: Thread started: User threads 1-10
2026-01-27 17:18:10,998 INFO o.a.j.t.JMeterThread: Thread started: User threads 1-11
2026-01-27 17:18:11,024 INFO o.a.j.p.h.s.HTTPHCAbstractImpl: Local host = Aymen-PC
2026-01-27 17:18:11,028 INFO o.a.j.p.h.s.HTTPHC4Impl: HTTP request retry count = 0
2026-01-27 17:18:11,030 INFO o.a.j.s.SampleResult: Note: Sample TimeStamps are START times
2026-01-27 17:18:11,030 INFO o.a.j.s.SampleResult: sampleresult.default.encoding is set to UTF-8
2026-01-27 17:18:11,030 INFO o.a.j.s.SampleResult: sampleresult.useNanoTime=true
2026-01-27 17:18:11,031 INFO o.a.j.s.SampleResult: sampleresult.nanoThreadSleep=5000
2026-01-27 17:18:11,031 INFO o.a.j.t.JMeterThread: Thread started: User threads 1-12
2026-01-27 17:18:11,062 INFO o.a.j.t.JMeterThread: Thread started: User threads 1-13
2026-01-27 17:18:11,094 INFO o.a.j.t.JMeterThread: Thread started: User threads 1-14
2026-01-27 17:18:11,123 INFO o.a.j.t.JMeterThread: Thread started: User threads 1-15
2026-01-27 17:18:11,155 INFO o.a.j.t.JMeterThread: Thread started: User threads 1-16
2026-01-27 17:18:11,186 INFO o.a.j.t.JMeterThread: Thread started: User threads 1-17
2026-01-27 17:18:11,217 INFO o.a.j.t.JMeterThread: Thread started: User threads 1-18
2026-01-27 17:18:11,249 INFO o.a.j.t.JMeterThread: Thread started: User threads 1-19
2026-01-27 17:18:11,278 INFO o.a.j.t.JMeterThread: Thread started: User threads 1-20
2026-01-27 17:18:11,309 INFO o.a.j.t.JMeterThread: Thread started: User threads 1-21
2026-01-27 17:18:11,341 INFO o.a.j.t.JMeterThread: Thread started: User threads 1-22
2026-01-27 17:18:11,372 INFO o.a.j.t.JMeterThread: Thread started: User threads 1-23
2026-01-27 17:18:11,403 INFO o.a.j.t.JMeterThread: Thread started: User threads 1-24
2026-01-27 17:18:11,433 INFO o.a.j.t.JMeterThread: Thread started: User threads 1-25
2026-01-27 17:18:11,453 INFO o.a.j.t.JMeterThread: Thread started: User threads 1-26
2026-01-27 17:18:11,473 INFO o.a.j.t.JMeterThread: Thread started: User threads 1-27
2026-01-27 17:18:11,491 INFO o.a.j.t.JMeterThread: Thread started: User threads 1-28
2026-01-27 17:18:11,510 INFO o.a.j.t.JMeterThread: Thread started: User threads 1-29
2026-01-27 17:18:11,531 INFO o.a.j.t.JMeterThread: Thread started: User threads 1-30
2026-01-27 17:18:11,550 INFO o.a.j.t.JMeterThread: Thread started: User threads 1-31
2026-01-27 17:18:11,571 INFO o.a.j.t.JMeterThread: Thread started: User threads 1-32
2026-01-27 17:18:11,590 INFO o.a.j.t.JMeterThread: Thread started: User threads 1-33
2026-01-27 17:18:11,609 INFO o.a.j.t.JMeterThread: Thread started: User threads 1-34
2026-01-27 17:18:11,629 INFO o.a.j.t.JMeterThread: Thread started: User threads 1-35
2026-01-27 17:18:11,649 INFO o.a.j.t.JMeterThread: Thread started: User threads 1-36
2026-01-27 17:18:11,667 INFO o.a.j.t.JMeterThread: Thread started: User threads 1-37
2026-01-27 17:18:11,687 INFO o.a.j.t.JMeterThread: Thread started: User threads 1-38
2026-01-27 17:18:11,706 INFO o.a.j.t.JMeterThread: Thread started: User threads 1-39
2026-01-27 17:18:11,725 INFO o.a.j.t.JMeterThread: Thread started: User threads 1-40
2026-01-27 17:18:11,745 INFO o.a.j.t.JMeterThread: Thread started: User threads 1-41
2026-01-27 17:18:11,766 INFO o.a.j.t.JMeterThread: Thread started: User threads 1-42
2026-01-27 17:18:11,786 INFO o.a.j.t.JMeterThread: Thread started: User threads 1-43
2026-01-27 17:18:11,808 INFO o.a.j.t.JMeterThread: Thread started: User threads 1-44
2026-01-27 17:18:11,828 INFO o.a.j.t.JMeterThread: Thread started: User threads 1-45
2026-01-27 17:18:11,848 INFO o.a.j.t.JMeterThread: Thread started: User threads 1-46
2026-01-27 17:18:11,867 INFO o.a.j.t.JMeterThread: Thread started: User threads 1-47
2026-01-27 17:18:11,887 INFO o.a.j.t.JMeterThread: Thread started: User threads 1-48
2026-01-27 17:18:11,907 INFO o.a.j.t.JMeterThread: Thread started: User threads 1-49
2026-01-27 17:18:11,927 INFO o.a.j.t.JMeterThread: Thread started: User threads 1-50
2026-01-27 17:18:11,947 INFO o.a.j.t.JMeterThread: Thread started: User threads 1-51
2026-01-27 17:18:11,967 INFO o.a.j.t.JMeterThread: Thread started: User threads 1-52
2026-01-27 17:18:11,986 INFO o.a.j.t.JMeterThread: Thread started: User threads 1-53
2026-01-27 17:18:12,006 INFO o.a.j.t.JMeterThread: Thread started: User threads 1-54
2026-01-27 17:18:12,026 INFO o.a.j.t.JMeterThread: Thread started: User threads 1-55
2026-01-27 17:18:12,045 INFO o.a.j.t.JMeterThread: Thread started: User threads 1-56
2026-01-27 17:18:12,065 INFO o.a.j.t.JMeterThread: Thread started: User threads 1-57
2026-01-27 17:18:12,084 INFO o.a.j.t.JMeterThread: Thread started: User threads 1-58
2026-01-27 17:18:12,105 INFO o.a.j.t.JMeterThread: Thread started: User threads 1-59
2026-01-27 17:18:12,125 INFO o.a.j.t.JMeterThread: Thread started: User threads 1-60
2026-01-27 17:18:12,145 INFO o.a.j.t.JMeterThread: Thread started: User threads 1-61
2026-01-27 17:18:12,164 INFO o.a.j.t.JMeterThread: Thread started: User threads 1-62
2026-01-27 17:18:12,184 INFO o.a.j.t.JMeterThread: Thread started: User threads 1-63
2026-01-27 17:18:12,202 INFO o.a.j.t.JMeterThread: Thread started: User threads 1-64
2026-01-27 17:18:12,229 INFO o.a.j.t.JMeterThread: Thread started: User threads 1-65
2026-01-27 17:18:12,242 INFO o.a.j.t.JMeterThread: Thread started: User threads 1-66
2026-01-27 17:18:12,261 INFO o.a.j.t.JMeterThread: Thread started: User threads 1-67
2026-01-27 17:18:12,281 INFO o.a.j.t.JMeterThread: Thread started: User threads 1-68
2026-01-27 17:18:12,301 INFO o.a.j.t.JMeterThread: Thread started: User threads 1-69
2026-01-27 17:18:12,320 INFO o.a.j.t.JMeterThread: Thread started: User threads 1-70
2026-01-27 17:18:12,340 INFO o.a.j.t.JMeterThread: Thread started: User threads 1-71
2026-01-27 17:18:12,359 INFO o.a.j.t.JMeterThread: Thread started: User threads 1-72
2026-01-27 17:18:12,380 INFO o.a.j.t.JMeterThread: Thread started: User threads 1-73
2026-01-27 17:18:12,400 INFO o.a.j.t.JMeterThread: Thread started: User threads 1-74
2026-01-27 17:18:12,421 INFO o.a.j.t.JMeterThread: Thread started: User threads 1-75
2026-01-27 17:18:12,440 INFO o.a.j.t.JMeterThread: Thread started: User threads 1-76
2026-01-27 17:18:12,459 INFO o.a.j.t.JMeterThread: Thread started: User threads 1-77
2026-01-27 17:18:12,479 INFO o.a.j.t.JMeterThread: Thread started: User threads 1-78
2026-01-27 17:18:12,499 INFO o.a.j.t.JMeterThread: Thread started: User threads 1-79
2026-01-27 17:18:12,519 INFO o.a.j.t.JMeterThread: Thread started: User threads 1-80
2026-01-27 17:18:12,539 INFO o.a.j.t.JMeterThread: Thread started: User threads 1-81
2026-01-27 17:18:12,558 INFO o.a.j.t.JMeterThread: Thread started: User threads 1-82
2026-01-27 17:18:12,579 INFO o.a.j.t.JMeterThread: Thread started: User threads 1-83
2026-01-27 17:18:12,598 INFO o.a.j.t.JMeterThread: Thread started: User threads 1-84
2026-01-27 17:18:12,618 INFO o.a.j.t.JMeterThread: Thread started: User threads 1-85
2026-01-27 17:18:12,640 INFO o.a.j.t.JMeterThread: Thread started: User threads 1-86
2026-01-27 17:18:12,658 INFO o.a.j.t.JMeterThread: Thread started: User threads 1-87
2026-01-27 17:18:12,677 INFO o.a.j.t.JMeterThread: Thread started: User threads 1-88
2026-01-27 17:18:12,697 INFO o.a.j.t.JMeterThread: Thread started: User threads 1-89
2026-01-27 17:18:12,717 INFO o.a.j.t.JMeterThread: Thread started: User threads 1-90
2026-01-27 17:18:12,737 INFO o.a.j.t.JMeterThread: Thread started: User threads 1-91
2026-01-27 17:18:12,756 INFO o.a.j.t.JMeterThread: Thread started: User threads 1-92
2026-01-27 17:18:12,775 INFO o.a.j.t.JMeterThread: Thread started: User threads 1-93
2026-01-27 17:18:12,795 INFO o.a.j.t.JMeterThread: Thread started: User threads 1-94
2026-01-27 17:18:12,815 INFO o.a.j.t.JMeterThread: Thread started: User threads 1-95
2026-01-27 17:18:12,835 INFO o.a.j.t.JMeterThread: Thread started: User threads 1-96
2026-01-27 17:18:12,854 INFO o.a.j.t.JMeterThread: Thread started: User threads 1-97
2026-01-27 17:18:12,874 INFO o.a.j.t.JMeterThread: Thread started: User threads 1-98
2026-01-27 17:18:12,894 INFO o.a.j.t.JMeterThread: Thread started: User threads 1-99
2026-01-27 17:18:12,914 INFO o.a.j.t.JMeterThread: Thread started: User threads 1-100
2026-01-27 17:18:12,933 INFO o.a.j.t.JMeterThread: Thread started: User threads 1-101
2026-01-27 17:18:12,953 INFO o.a.j.t.JMeterThread: Thread started: User threads 1-102
2026-01-27 17:18:12,974 INFO o.a.j.t.JMeterThread: Thread started: User threads 1-103
2026-01-27 17:18:12,995 INFO o.a.j.t.JMeterThread: Thread started: User threads 1-104
2026-01-27 17:18:13,033 INFO o.a.j.t.JMeterThread: Thread started: User threads 1-105
2026-01-27 17:18:13,048 INFO o.a.j.t.JMeterThread: Thread started: User threads 1-106
2026-01-27 17:18:13,062 INFO o.a.j.t.JMeterThread: Thread started: User threads 1-107
2026-01-27 17:18:13,083 INFO o.a.j.t.JMeterThread: Thread started: User threads 1-108
2026-01-27 17:18:13,107 INFO o.a.j.t.JMeterThread: Thread started: User threads 1-109
2026-01-27 17:18:13,125 INFO o.a.j.t.JMeterThread: Thread started: User threads 1-110
2026-01-27 17:18:13,143 INFO o.a.j.t.JMeterThread: Thread started: User threads 1-111
2026-01-27 17:18:13,163 INFO o.a.j.t.JMeterThread: Thread started: User threads 1-112
2026-01-27 17:18:13,183 INFO o.a.j.t.JMeterThread: Thread started: User threads 1-113
2026-01-27 17:18:13,202 INFO o.a.j.t.JMeterThread: Thread started: User threads 1-114
2026-01-27 17:18:13,222 INFO o.a.j.t.JMeterThread: Thread started: User threads 1-115
2026-01-27 17:18:13,242 INFO o.a.j.t.JMeterThread: Thread started: User threads 1-116
2026-01-27 17:18:13,263 INFO o.a.j.t.JMeterThread: Thread started: User threads 1-117
2026-01-27 17:18:13,289 INFO o.a.j.t.JMeterThread: Thread started: User threads 1-118
2026-01-27 17:18:13,310 INFO o.a.j.t.JMeterThread: Thread started: User threads 1-119
2026-01-27 17:18:13,322 INFO o.a.j.t.JMeterThread: Thread started: User threads 1-120
2026-01-27 17:18:13,342 INFO o.a.j.t.JMeterThread: Thread started: User threads 1-121
2026-01-27 17:18:13,360 INFO o.a.j.t.JMeterThread: Thread started: User threads 1-122
2026-01-27 17:18:13,379 INFO o.a.j.t.JMeterThread: Thread started: User threads 1-123
2026-01-27 17:18:13,398 INFO o.a.j.t.JMeterThread: Thread started: User threads 1-124
2026-01-27 17:18:13,421 INFO o.a.j.t.JMeterThread: Thread started: User threads 1-125
2026-01-27 17:18:13,439 INFO o.a.j.t.JMeterThread: Thread started: User threads 1-126
2026-01-27 17:18:13,458 INFO o.a.j.t.JMeterThread: Thread started: User threads 1-127
2026-01-27 17:18:13,479 INFO o.a.j.t.JMeterThread: Thread started: User threads 1-128
2026-01-27 17:18:13,498 INFO o.a.j.t.JMeterThread: Thread started: User threads 1-129
2026-01-27 17:18:13,518 INFO o.a.j.t.JMeterThread: Thread started: User threads 1-130
2026-01-27 17:18:13,538 INFO o.a.j.t.JMeterThread: Thread started: User threads 1-131
2026-01-27 17:18:13,558 INFO o.a.j.t.JMeterThread: Thread started: User threads 1-132
2026-01-27 17:18:13,577 INFO o.a.j.t.JMeterThread: Thread started: User threads 1-133
2026-01-27 17:18:13,597 INFO o.a.j.t.JMeterThread: Thread started: User threads 1-134
2026-01-27 17:18:13,618 INFO o.a.j.t.JMeterThread: Thread started: User threads 1-135
2026-01-27 17:18:13,637 INFO o.a.j.t.JMeterThread: Thread started: User threads 1-136
2026-01-27 17:18:13,656 INFO o.a.j.t.JMeterThread: Thread started: User threads 1-137
2026-01-27 17:18:13,676 INFO o.a.j.t.JMeterThread: Thread started: User threads 1-138
2026-01-27 17:18:13,696 INFO o.a.j.t.JMeterThread: Thread started: User threads 1-139
2026-01-27 17:18:13,725 INFO o.a.j.t.JMeterThread: Thread started: User threads 1-140
2026-01-27 17:18:13,738 INFO o.a.j.t.JMeterThread: Thread started: User threads 1-141
2026-01-27 17:18:13,758 INFO o.a.j.t.JMeterThread: Thread started: User threads 1-142
2026-01-27 17:18:13,779 INFO o.a.j.t.JMeterThread: Thread started: User threads 1-143
2026-01-27 17:18:13,804 INFO o.a.j.t.JMeterThread: Thread started: User threads 1-144
2026-01-27 17:18:13,819 INFO o.a.j.t.JMeterThread: Thread started: User threads 1-145
2026-01-27 17:18:13,839 INFO o.a.j.t.JMeterThread: Thread started: User threads 1-146
2026-01-27 17:18:13,859 INFO o.a.j.t.JMeterThread: Thread started: User threads 1-147
2026-01-27 17:18:13,878 INFO o.a.j.t.JMeterThread: Thread started: User threads 1-148
2026-01-27 17:18:13,901 INFO o.a.j.t.JMeterThread: Thread started: User threads 1-149
2026-01-27 17:18:13,920 INFO o.a.j.t.JMeterThread: Thread started: User threads 1-150
2026-01-27 17:18:13,939 INFO o.a.j.t.JMeterThread: Thread started: User threads 1-151
2026-01-27 17:18:13,958 INFO o.a.j.t.JMeterThread: Thread started: User threads 1-152
2026-01-27 17:18:13,978 INFO o.a.j.t.JMeterThread: Thread started: User threads 1-153
2026-01-27 17:18:13,999 INFO o.a.j.t.JMeterThread: Thread started: User threads 1-154
2026-01-27 17:18:14,019 INFO o.a.j.t.JMeterThread: Thread started: User threads 1-155
2026-01-27 17:18:14,038 INFO o.a.j.t.JMeterThread: Thread started: User threads 1-156
2026-01-27 17:18:14,058 INFO o.a.j.t.JMeterThread: Thread started: User threads 1-157
2026-01-27 17:18:14,078 INFO o.a.j.t.JMeterThread: Thread started: User threads 1-158
2026-01-27 17:18:14,105 INFO o.a.j.t.JMeterThread: Thread started: User threads 1-159
2026-01-27 17:18:14,125 INFO o.a.j.t.JMeterThread: Thread started: User threads 1-160
2026-01-27 17:18:14,146 INFO o.a.j.t.JMeterThread: Thread started: User threads 1-161
2026-01-27 17:18:14,165 INFO o.a.j.t.JMeterThread: Thread started: User threads 1-162
2026-01-27 17:18:14,184 INFO o.a.j.t.JMeterThread: Thread started: User threads 1-163
2026-01-27 17:18:14,205 INFO o.a.j.t.JMeterThread: Thread started: User threads 1-164
2026-01-27 17:18:14,225 INFO o.a.j.t.JMeterThread: Thread started: User threads 1-165
2026-01-27 17:18:14,245 INFO o.a.j.t.JMeterThread: Thread started: User threads 1-166
2026-01-27 17:18:14,265 INFO o.a.j.t.JMeterThread: Thread started: User threads 1-167
2026-01-27 17:18:14,286 INFO o.a.j.t.JMeterThread: Thread started: User threads 1-168
2026-01-27 17:18:14,306 INFO o.a.j.t.JMeterThread: Thread started: User threads 1-169
2026-01-27 17:18:14,325 INFO o.a.j.t.JMeterThread: Thread started: User threads 1-170
2026-01-27 17:18:14,345 INFO o.a.j.t.JMeterThread: Thread started: User threads 1-171
2026-01-27 17:18:14,365 INFO o.a.j.t.JMeterThread: Thread started: User threads 1-172
2026-01-27 17:18:14,384 INFO o.a.j.t.JMeterThread: Thread started: User threads 1-173
2026-01-27 17:18:14,404 INFO o.a.j.t.JMeterThread: Thread started: User threads 1-174
2026-01-27 17:18:14,424 INFO o.a.j.t.JMeterThread: Thread started: User threads 1-175
2026-01-27 17:18:14,446 INFO o.a.j.t.JMeterThread: Thread started: User threads 1-176
2026-01-27 17:18:14,463 INFO o.a.j.t.JMeterThread: Thread started: User threads 1-177
2026-01-27 17:18:14,483 INFO o.a.j.t.JMeterThread: Thread started: User threads 1-178
2026-01-27 17:18:14,503 INFO o.a.j.t.JMeterThread: Thread started: User threads 1-179
2026-01-27 17:18:14,522 INFO o.a.j.t.JMeterThread: Thread started: User threads 1-180
2026-01-27 17:18:14,541 INFO o.a.j.t.JMeterThread: Thread started: User threads 1-181
2026-01-27 17:18:14,561 INFO o.a.j.t.JMeterThread: Thread started: User threads 1-182
2026-01-27 17:18:14,583 INFO o.a.j.t.JMeterThread: Thread started: User threads 1-183
2026-01-27 17:18:14,601 INFO o.a.j.t.JMeterThread: Thread started: User threads 1-184
2026-01-27 17:18:14,622 INFO o.a.j.t.JMeterThread: Thread started: User threads 1-185
2026-01-27 17:18:14,650 INFO o.a.j.t.JMeterThread: Thread started: User threads 1-186
2026-01-27 17:18:14,669 INFO o.a.j.t.JMeterThread: Thread started: User threads 1-187
2026-01-27 17:18:14,690 INFO o.a.j.t.JMeterThread: Thread started: User threads 1-188
2026-01-27 17:18:14,710 INFO o.a.j.t.JMeterThread: Thread started: User threads 1-189
2026-01-27 17:18:14,729 INFO o.a.j.t.JMeterThread: Thread started: User threads 1-190
2026-01-27 17:18:14,749 INFO o.a.j.t.JMeterThread: Thread started: User threads 1-191
2026-01-27 17:18:14,769 INFO o.a.j.t.JMeterThread: Thread started: User threads 1-192
2026-01-27 17:18:14,790 INFO o.a.j.t.JMeterThread: Thread started: User threads 1-193
2026-01-27 17:18:14,810 INFO o.a.j.t.JMeterThread: Thread started: User threads 1-194
2026-01-27 17:18:14,829 INFO o.a.j.t.JMeterThread: Thread started: User threads 1-195
2026-01-27 17:18:14,849 INFO o.a.j.t.JMeterThread: Thread started: User threads 1-196
2026-01-27 17:18:14,868 INFO o.a.j.t.JMeterThread: Thread started: User threads 1-197
2026-01-27 17:18:14,888 INFO o.a.j.t.JMeterThread: Thread started: User threads 1-198
2026-01-27 17:18:14,911 INFO o.a.j.t.JMeterThread: Thread started: User threads 1-199
2026-01-27 17:18:14,926 INFO o.a.j.t.JMeterThread: Thread started: User threads 1-200
2026-01-27 17:18:14,947 INFO o.a.j.t.JMeterThread: Thread started: User threads 1-201
2026-01-27 17:18:14,966 INFO o.a.j.t.JMeterThread: Thread started: User threads 1-202
2026-01-27 17:18:14,986 INFO o.a.j.t.JMeterThread: Thread started: User threads 1-203
2026-01-27 17:18:15,006 INFO o.a.j.t.JMeterThread: Thread started: User threads 1-204
2026-01-27 17:18:15,031 INFO o.a.j.t.JMeterThread: Thread started: User threads 1-205
2026-01-27 17:18:15,070 INFO o.a.j.t.JMeterThread: Thread started: User threads 1-206
2026-01-27 17:18:15,086 INFO o.a.j.t.JMeterThread: Thread started: User threads 1-207
2026-01-27 17:18:15,105 INFO o.a.j.t.JMeterThread: Thread started: User threads 1-208
2026-01-27 17:18:15,129 INFO o.a.j.t.JMeterThread: Thread started: User threads 1-209
2026-01-27 17:18:15,148 INFO o.a.j.t.JMeterThread: Thread started: User threads 1-210
2026-01-27 17:18:15,167 INFO o.a.j.t.JMeterThread: Thread started: User threads 1-211
2026-01-27 17:18:15,187 INFO o.a.j.t.JMeterThread: Thread started: User threads 1-212
2026-01-27 17:18:15,206 INFO o.a.j.t.JMeterThread: Thread started: User threads 1-213
2026-01-27 17:18:15,226 INFO o.a.j.t.JMeterThread: Thread started: User threads 1-214
2026-01-27 17:18:15,246 INFO o.a.j.t.JMeterThread: Thread started: User threads 1-215
2026-01-27 17:18:15,265 INFO o.a.j.t.JMeterThread: Thread started: User threads 1-216
2026-01-27 17:18:15,286 INFO o.a.j.t.JMeterThread: Thread started: User threads 1-217
2026-01-27 17:18:15,304 INFO o.a.j.t.JMeterThread: Thread started: User threads 1-218
2026-01-27 17:18:15,325 INFO o.a.j.t.JMeterThread: Thread started: User threads 1-219
2026-01-27 17:18:15,344 INFO o.a.j.t.JMeterThread: Thread started: User threads 1-220
2026-01-27 17:18:15,364 INFO o.a.j.t.JMeterThread: Thread started: User threads 1-221
2026-01-27 17:18:15,395 INFO o.a.j.t.JMeterThread: Thread started: User threads 1-222
2026-01-27 17:18:15,415 INFO o.a.j.t.JMeterThread: Thread started: User threads 1-223
2026-01-27 17:18:15,434 INFO o.a.j.t.JMeterThread: Thread started: User threads 1-224
2026-01-27 17:18:15,455 INFO o.a.j.t.JMeterThread: Thread started: User threads 1-225
2026-01-27 17:18:15,476 INFO o.a.j.t.JMeterThread: Thread started: User threads 1-226
2026-01-27 17:18:15,498 INFO o.a.j.t.JMeterThread: Thread started: User threads 1-227
2026-01-27 17:18:15,518 INFO o.a.j.t.JMeterThread: Thread started: User threads 1-228
2026-01-27 17:18:15,538 INFO o.a.j.t.JMeterThread: Thread started: User threads 1-229
2026-01-27 17:18:15,563 INFO o.a.j.t.JMeterThread: Thread started: User threads 1-230
2026-01-27 17:18:15,578 INFO o.a.j.t.JMeterThread: Thread started: User threads 1-231
2026-01-27 17:18:15,598 INFO o.a.j.t.JMeterThread: Thread started: User threads 1-232
2026-01-27 17:18:15,618 INFO o.a.j.t.JMeterThread: Thread started: User threads 1-233
2026-01-27 17:18:15,638 INFO o.a.j.t.JMeterThread: Thread started: User threads 1-234
2026-01-27 17:18:15,658 INFO o.a.j.t.JMeterThread: Thread started: User threads 1-235
2026-01-27 17:18:15,677 INFO o.a.j.t.JMeterThread: Thread started: User threads 1-236
2026-01-27 17:18:15,697 INFO o.a.j.t.JMeterThread: Thread started: User threads 1-237
2026-01-27 17:18:15,717 INFO o.a.j.t.JMeterThread: Thread started: User threads 1-238
2026-01-27 17:18:15,737 INFO o.a.j.t.JMeterThread: Thread started: User threads 1-239
2026-01-27 17:18:15,756 INFO o.a.j.t.JMeterThread: Thread started: User threads 1-240
2026-01-27 17:18:15,776 INFO o.a.j.t.JMeterThread: Thread started: User threads 1-241
2026-01-27 17:18:15,795 INFO o.a.j.t.JMeterThread: Thread started: User threads 1-242
2026-01-27 17:18:15,814 INFO o.a.j.t.JMeterThread: Thread started: User threads 1-243
2026-01-27 17:18:15,834 INFO o.a.j.t.JMeterThread: Thread started: User threads 1-244
2026-01-27 17:18:15,854 INFO o.a.j.t.JMeterThread: Thread started: User threads 1-245
2026-01-27 17:18:15,874 INFO o.a.j.t.JMeterThread: Thread started: User threads 1-246
2026-01-27 17:18:15,896 INFO o.a.j.t.JMeterThread: Thread started: User threads 1-247
2026-01-27 17:18:15,914 INFO o.a.j.t.JMeterThread: Thread started: User threads 1-248
2026-01-27 17:18:15,937 INFO o.a.j.t.JMeterThread: Thread started: User threads 1-249
2026-01-27 17:18:15,958 INFO o.a.j.t.JMeterThread: Thread started: User threads 1-250
2026-01-27 17:18:15,977 INFO o.a.j.t.JMeterThread: Thread started: User threads 1-251
2026-01-27 17:18:15,996 INFO o.a.j.t.JMeterThread: Thread started: User threads 1-252
2026-01-27 17:18:16,019 INFO o.a.j.t.JMeterThread: Thread started: User threads 1-253
2026-01-27 17:18:16,039 INFO o.a.j.t.JMeterThread: Thread started: User threads 1-254
2026-01-27 17:18:16,059 INFO o.a.j.t.JMeterThread: Thread started: User threads 1-255
2026-01-27 17:18:16,079 INFO o.a.j.t.JMeterThread: Thread started: User threads 1-256
2026-01-27 17:18:16,099 INFO o.a.j.t.JMeterThread: Thread started: User threads 1-257
2026-01-27 17:18:16,119 INFO o.a.j.t.JMeterThread: Thread started: User threads 1-258
2026-01-27 17:18:16,138 INFO o.a.j.t.JMeterThread: Thread started: User threads 1-259
2026-01-27 17:18:16,159 INFO o.a.j.t.JMeterThread: Thread started: User threads 1-260
2026-01-27 17:18:16,178 INFO o.a.j.t.JMeterThread: Thread started: User threads 1-261
2026-01-27 17:18:16,198 INFO o.a.j.t.JMeterThread: Thread started: User threads 1-262
2026-01-27 17:18:16,216 INFO o.a.j.t.JMeterThread: Thread started: User threads 1-263
2026-01-27 17:18:16,236 INFO o.a.j.t.JMeterThread: Thread started: User threads 1-264
2026-01-27 17:18:16,256 INFO o.a.j.t.JMeterThread: Thread started: User threads 1-265
2026-01-27 17:18:16,276 INFO o.a.j.t.JMeterThread: Thread started: User threads 1-266
2026-01-27 17:18:16,298 INFO o.a.j.t.JMeterThread: Thread started: User threads 1-267
2026-01-27 17:18:16,318 INFO o.a.j.t.JMeterThread: Thread started: User threads 1-268
2026-01-27 17:18:16,337 INFO o.a.j.t.JMeterThread: Thread started: User threads 1-269
2026-01-27 17:18:16,357 INFO o.a.j.t.JMeterThread: Thread started: User threads 1-270
2026-01-27 17:18:16,377 INFO o.a.j.t.JMeterThread: Thread started: User threads 1-271
2026-01-27 17:18:16,400 INFO o.a.j.t.JMeterThread: Thread started: User threads 1-272
2026-01-27 17:18:16,416 INFO o.a.j.t.JMeterThread: Thread started: User threads 1-273
2026-01-27 17:18:16,435 INFO o.a.j.t.JMeterThread: Thread started: User threads 1-274
2026-01-27 17:18:16,456 INFO o.a.j.t.JMeterThread: Thread started: User threads 1-275
2026-01-27 17:18:16,476 INFO o.a.j.t.JMeterThread: Thread started: User threads 1-276
2026-01-27 17:18:16,495 INFO o.a.j.t.JMeterThread: Thread started: User threads 1-277
2026-01-27 17:18:16,516 INFO o.a.j.t.JMeterThread: Thread started: User threads 1-278
2026-01-27 17:18:16,536 INFO o.a.j.t.JMeterThread: Thread started: User threads 1-279
2026-01-27 17:18:16,556 INFO o.a.j.t.JMeterThread: Thread started: User threads 1-280
2026-01-27 17:18:16,578 INFO o.a.j.t.JMeterThread: Thread started: User threads 1-281
2026-01-27 17:18:16,598 INFO o.a.j.t.JMeterThread: Thread started: User threads 1-282
2026-01-27 17:18:16,618 INFO o.a.j.t.JMeterThread: Thread started: User threads 1-283
2026-01-27 17:18:16,637 INFO o.a.j.t.JMeterThread: Thread started: User threads 1-284
2026-01-27 17:18:16,658 INFO o.a.j.t.JMeterThread: Thread started: User threads 1-285
2026-01-27 17:18:16,677 INFO o.a.j.t.JMeterThread: Thread started: User threads 1-286
2026-01-27 17:18:16,697 INFO o.a.j.t.JMeterThread: Thread started: User threads 1-287
2026-01-27 17:18:16,717 INFO o.a.j.t.JMeterThread: Thread started: User threads 1-288
2026-01-27 17:18:16,737 INFO o.a.j.t.JMeterThread: Thread started: User threads 1-289
2026-01-27 17:18:16,756 INFO o.a.j.t.JMeterThread: Thread started: User threads 1-290
2026-01-27 17:18:16,776 INFO o.a.j.t.JMeterThread: Thread started: User threads 1-291
2026-01-27 17:18:16,795 INFO o.a.j.t.JMeterThread: Thread started: User threads 1-292
2026-01-27 17:18:16,815 INFO o.a.j.t.JMeterThread: Thread started: User threads 1-293
2026-01-27 17:18:16,834 INFO o.a.j.t.JMeterThread: Thread started: User threads 1-294
2026-01-27 17:18:16,854 INFO o.a.j.t.JMeterThread: Thread started: User threads 1-295
2026-01-27 17:18:16,874 INFO o.a.j.t.JMeterThread: Thread started: User threads 1-296
2026-01-27 17:18:16,894 INFO o.a.j.t.JMeterThread: Thread started: User threads 1-297
2026-01-27 17:18:16,913 INFO o.a.j.t.JMeterThread: Thread started: User threads 1-298
2026-01-27 17:18:16,934 INFO o.a.j.t.JMeterThread: Thread started: User threads 1-299
2026-01-27 17:18:16,954 INFO o.a.j.t.JMeterThread: Thread started: User threads 1-300
2026-01-27 17:18:16,973 INFO o.a.j.t.JMeterThread: Thread started: User threads 1-301
2026-01-27 17:18:16,995 INFO o.a.j.t.JMeterThread: Thread started: User threads 1-302
2026-01-27 17:18:17,017 INFO o.a.j.t.JMeterThread: Thread started: User threads 1-303
2026-01-27 17:18:17,037 INFO o.a.j.t.JMeterThread: Thread started: User threads 1-304
2026-01-27 17:18:17,057 INFO o.a.j.t.JMeterThread: Thread started: User threads 1-305
2026-01-27 17:18:17,076 INFO o.a.j.t.JMeterThread: Thread started: User threads 1-306
2026-01-27 17:18:17,096 INFO o.a.j.t.JMeterThread: Thread started: User threads 1-307
2026-01-27 17:18:17,118 INFO o.a.j.t.JMeterThread: Thread started: User threads 1-308
2026-01-27 17:18:17,137 INFO o.a.j.t.JMeterThread: Thread started: User threads 1-309
2026-01-27 17:18:17,155 INFO o.a.j.t.JMeterThread: Thread started: User threads 1-310
2026-01-27 17:18:17,174 INFO o.a.j.t.JMeterThread: Thread started: User threads 1-311
2026-01-27 17:18:17,193 INFO o.a.j.t.JMeterThread: Thread started: User threads 1-312
2026-01-27 17:18:17,214 INFO o.a.j.t.JMeterThread: Thread started: User threads 1-313
2026-01-27 17:18:17,235 INFO o.a.j.t.JMeterThread: Thread started: User threads 1-314
2026-01-27 17:18:17,254 INFO o.a.j.t.JMeterThread: Thread started: User threads 1-315
2026-01-27 17:18:17,277 INFO o.a.j.t.JMeterThread: Thread started: User threads 1-316
2026-01-27 17:18:17,297 INFO o.a.j.t.JMeterThread: Thread started: User threads 1-317
2026-01-27 17:18:17,317 INFO o.a.j.t.JMeterThread: Thread started: User threads 1-318
2026-01-27 17:18:17,336 INFO o.a.j.t.JMeterThread: Thread started: User threads 1-319
2026-01-27 17:18:17,356 INFO o.a.j.t.JMeterThread: Thread started: User threads 1-320
2026-01-27 17:18:17,376 INFO o.a.j.t.JMeterThread: Thread started: User threads 1-321
2026-01-27 17:18:17,397 INFO o.a.j.t.JMeterThread: Thread started: User threads 1-322
2026-01-27 17:18:17,415 INFO o.a.j.t.JMeterThread: Thread started: User threads 1-323
2026-01-27 17:18:17,433 INFO o.a.j.t.JMeterThread: Thread started: User threads 1-324
2026-01-27 17:18:17,455 INFO o.a.j.t.JMeterThread: Thread started: User threads 1-325
2026-01-27 17:18:17,471 INFO o.a.j.t.JMeterThread: Thread started: User threads 1-326
2026-01-27 17:18:17,497 INFO o.a.j.t.JMeterThread: Thread started: User threads 1-327
2026-01-27 17:18:17,512 INFO o.a.j.t.JMeterThread: Thread started: User threads 1-328
2026-01-27 17:18:17,532 INFO o.a.j.t.JMeterThread: Thread started: User threads 1-329
2026-01-27 17:18:17,549 INFO o.a.j.t.JMeterThread: Thread started: User threads 1-330
2026-01-27 17:18:17,569 INFO o.a.j.t.JMeterThread: Thread started: User threads 1-331
2026-01-27 17:18:17,587 INFO o.a.j.t.JMeterThread: Thread started: User threads 1-332
2026-01-27 17:18:17,607 INFO o.a.j.t.JMeterThread: Thread started: User threads 1-333
2026-01-27 17:18:17,626 INFO o.a.j.t.JMeterThread: Thread started: User threads 1-334
2026-01-27 17:18:17,644 INFO o.a.j.t.JMeterThread: Thread started: User threads 1-335
2026-01-27 17:18:17,663 INFO o.a.j.t.JMeterThread: Thread started: User threads 1-336
2026-01-27 17:18:17,681 INFO o.a.j.t.JMeterThread: Thread started: User threads 1-337
2026-01-27 17:18:17,700 INFO o.a.j.t.JMeterThread: Thread started: User threads 1-338
2026-01-27 17:18:17,719 INFO o.a.j.t.JMeterThread: Thread started: User threads 1-339
2026-01-27 17:18:17,739 INFO o.a.j.t.JMeterThread: Thread started: User threads 1-340
2026-01-27 17:18:17,756 INFO o.a.j.t.JMeterThread: Thread started: User threads 1-341
2026-01-27 17:18:17,776 INFO o.a.j.t.JMeterThread: Thread started: User threads 1-342
2026-01-27 17:18:17,794 INFO o.a.j.t.JMeterThread: Thread started: User threads 1-343
2026-01-27 17:18:17,813 INFO o.a.j.t.JMeterThread: Thread started: User threads 1-344
2026-01-27 17:18:17,831 INFO o.a.j.t.JMeterThread: Thread started: User threads 1-345
2026-01-27 17:18:17,850 INFO o.a.j.t.JMeterThread: Thread started: User threads 1-346
2026-01-27 17:18:17,869 INFO o.a.j.t.JMeterThread: Thread started: User threads 1-347
2026-01-27 17:18:17,887 INFO o.a.j.t.JMeterThread: Thread started: User threads 1-348
2026-01-27 17:18:17,906 INFO o.a.j.t.JMeterThread: Thread started: User threads 1-349
2026-01-27 17:18:17,926 INFO o.a.j.t.JMeterThread: Thread started: User threads 1-350
2026-01-27 17:18:17,945 INFO o.a.j.t.JMeterThread: Thread started: User threads 1-351
2026-01-27 17:18:17,965 INFO o.a.j.t.JMeterThread: Thread started: User threads 1-352
2026-01-27 17:18:17,983 INFO o.a.j.t.JMeterThread: Thread started: User threads 1-353
2026-01-27 17:18:18,002 INFO o.a.j.t.JMeterThread: Thread started: User threads 1-354
2026-01-27 17:18:18,021 INFO o.a.j.t.JMeterThread: Thread started: User threads 1-355
2026-01-27 17:18:18,039 INFO o.a.j.t.JMeterThread: Thread started: User threads 1-356
2026-01-27 17:18:18,059 INFO o.a.j.t.JMeterThread: Thread started: User threads 1-357
2026-01-27 17:18:18,077 INFO o.a.j.t.JMeterThread: Thread started: User threads 1-358
2026-01-27 17:18:18,099 INFO o.a.j.t.JMeterThread: Thread started: User threads 1-359
2026-01-27 17:18:18,117 INFO o.a.j.t.JMeterThread: Thread started: User threads 1-360
2026-01-27 17:18:18,137 INFO o.a.j.t.JMeterThread: Thread started: User threads 1-361
2026-01-27 17:18:18,155 INFO o.a.j.t.JMeterThread: Thread started: User threads 1-362
2026-01-27 17:18:18,176 INFO o.a.j.t.JMeterThread: Thread started: User threads 1-363
2026-01-27 17:18:18,193 INFO o.a.j.t.JMeterThread: Thread started: User threads 1-364
2026-01-27 17:18:18,212 INFO o.a.j.t.JMeterThread: Thread started: User threads 1-365
2026-01-27 17:18:18,230 INFO o.a.j.t.JMeterThread: Thread started: User threads 1-366
2026-01-27 17:18:18,249 INFO o.a.j.t.JMeterThread: Thread started: User threads 1-367
2026-01-27 17:18:18,267 INFO o.a.j.t.JMeterThread: Thread started: User threads 1-368
2026-01-27 17:18:18,286 INFO o.a.j.t.JMeterThread: Thread started: User threads 1-369
2026-01-27 17:18:18,304 INFO o.a.j.t.JMeterThread: Thread started: User threads 1-370
2026-01-27 17:18:18,323 INFO o.a.j.t.JMeterThread: Thread started: User threads 1-371
2026-01-27 17:18:18,341 INFO o.a.j.t.JMeterThread: Thread started: User threads 1-372
2026-01-27 17:18:18,363 INFO o.a.j.t.JMeterThread: Thread started: User threads 1-373
2026-01-27 17:18:18,381 INFO o.a.j.t.JMeterThread: Thread started: User threads 1-374
2026-01-27 17:18:18,403 INFO o.a.j.t.JMeterThread: Thread started: User threads 1-375
2026-01-27 17:18:18,421 INFO o.a.j.t.JMeterThread: Thread started: User threads 1-376
2026-01-27 17:18:18,440 INFO o.a.j.t.JMeterThread: Thread started: User threads 1-377
2026-01-27 17:18:18,459 INFO o.a.j.t.JMeterThread: Thread started: User threads 1-378
2026-01-27 17:18:18,478 INFO o.a.j.t.JMeterThread: Thread started: User threads 1-379
2026-01-27 17:18:18,497 INFO o.a.j.t.JMeterThread: Thread started: User threads 1-380
2026-01-27 17:18:18,516 INFO o.a.j.t.JMeterThread: Thread started: User threads 1-381
2026-01-27 17:18:18,536 INFO o.a.j.t.JMeterThread: Thread started: User threads 1-382
2026-01-27 17:18:18,553 INFO o.a.j.t.JMeterThread: Thread started: User threads 1-383
2026-01-27 17:18:18,574 INFO o.a.j.t.JMeterThread: Thread started: User threads 1-384
2026-01-27 17:18:18,592 INFO o.a.j.t.JMeterThread: Thread started: User threads 1-385
2026-01-27 17:18:18,611 INFO o.a.j.t.JMeterThread: Thread started: User threads 1-386
2026-01-27 17:18:18,630 INFO o.a.j.t.JMeterThread: Thread started: User threads 1-387
2026-01-27 17:18:18,650 INFO o.a.j.t.JMeterThread: Thread started: User threads 1-388
2026-01-27 17:18:18,667 INFO o.a.j.t.JMeterThread: Thread started: User threads 1-389
2026-01-27 17:18:18,686 INFO o.a.j.t.JMeterThread: Thread started: User threads 1-390
2026-01-27 17:18:18,705 INFO o.a.j.t.JMeterThread: Thread started: User threads 1-391
2026-01-27 17:18:18,723 INFO o.a.j.t.JMeterThread: Thread started: User threads 1-392
2026-01-27 17:18:18,746 INFO o.a.j.t.JMeterThread: Thread started: User threads 1-393
2026-01-27 17:18:18,764 INFO o.a.j.t.JMeterThread: Thread started: User threads 1-394
2026-01-27 17:18:18,783 INFO o.a.j.t.JMeterThread: Thread started: User threads 1-395
2026-01-27 17:18:18,802 INFO o.a.j.t.JMeterThread: Thread started: User threads 1-396
2026-01-27 17:18:18,821 INFO o.a.j.t.JMeterThread: Thread started: User threads 1-397
2026-01-27 17:18:18,842 INFO o.a.j.t.JMeterThread: Thread started: User threads 1-398
2026-01-27 17:18:18,876 INFO o.a.j.t.JMeterThread: Thread started: User threads 1-399
2026-01-27 17:18:18,886 INFO o.a.j.t.JMeterThread: Thread started: User threads 1-400
2026-01-27 17:18:18,905 INFO o.a.j.t.JMeterThread: Thread started: User threads 1-401
2026-01-27 17:18:18,924 INFO o.a.j.t.JMeterThread: Thread started: User threads 1-402
2026-01-27 17:18:18,942 INFO o.a.j.t.JMeterThread: Thread started: User threads 1-403
2026-01-27 17:18:18,961 INFO o.a.j.t.JMeterThread: Thread started: User threads 1-404
2026-01-27 17:18:18,979 INFO o.a.j.t.JMeterThread: Thread started: User threads 1-405
2026-01-27 17:18:18,998 INFO o.a.j.t.JMeterThread: Thread started: User threads 1-406
2026-01-27 17:18:19,017 INFO o.a.j.t.JMeterThread: Thread started: User threads 1-407
2026-01-27 17:18:19,036 INFO o.a.j.t.JMeterThread: Thread started: User threads 1-408
2026-01-27 17:18:19,057 INFO o.a.j.t.JMeterThread: Thread started: User threads 1-409
2026-01-27 17:18:19,073 INFO o.a.j.t.JMeterThread: Thread started: User threads 1-410
2026-01-27 17:18:19,092 INFO o.a.j.t.JMeterThread: Thread started: User threads 1-411
2026-01-27 17:18:19,111 INFO o.a.j.t.JMeterThread: Thread started: User threads 1-412
2026-01-27 17:18:19,130 INFO o.a.j.t.JMeterThread: Thread started: User threads 1-413
2026-01-27 17:18:19,148 INFO o.a.j.t.JMeterThread: Thread started: User threads 1-414
2026-01-27 17:18:19,167 INFO o.a.j.t.JMeterThread: Thread started: User threads 1-415
2026-01-27 17:18:19,185 INFO o.a.j.t.JMeterThread: Thread started: User threads 1-416
2026-01-27 17:18:19,204 INFO o.a.j.t.JMeterThread: Thread started: User threads 1-417
2026-01-27 17:18:19,223 INFO o.a.j.t.JMeterThread: Thread started: User threads 1-418
2026-01-27 17:18:19,241 INFO o.a.j.t.JMeterThread: Thread started: User threads 1-419
2026-01-27 17:18:19,260 INFO o.a.j.t.JMeterThread: Thread started: User threads 1-420
2026-01-27 17:18:19,279 INFO o.a.j.t.JMeterThread: Thread started: User threads 1-421
2026-01-27 17:18:19,298 INFO o.a.j.t.JMeterThread: Thread started: User threads 1-422
2026-01-27 17:18:19,317 INFO o.a.j.t.JMeterThread: Thread started: User threads 1-423
2026-01-27 17:18:19,341 INFO o.a.j.t.JMeterThread: Thread started: User threads 1-424
2026-01-27 17:18:19,355 INFO o.a.j.t.JMeterThread: Thread started: User threads 1-425
2026-01-27 17:18:19,374 INFO o.a.j.t.JMeterThread: Thread started: User threads 1-426
2026-01-27 17:18:19,395 INFO o.a.j.t.JMeterThread: Thread started: User threads 1-427
2026-01-27 17:18:19,413 INFO o.a.j.t.JMeterThread: Thread started: User threads 1-428
2026-01-27 17:18:19,433 INFO o.a.j.t.JMeterThread: Thread started: User threads 1-429
2026-01-27 17:18:19,451 INFO o.a.j.t.JMeterThread: Thread started: User threads 1-430
2026-01-27 17:18:19,469 INFO o.a.j.t.JMeterThread: Thread started: User threads 1-431
2026-01-27 17:18:19,489 INFO o.a.j.t.JMeterThread: Thread started: User threads 1-432
2026-01-27 17:18:19,507 INFO o.a.j.t.JMeterThread: Thread started: User threads 1-433
2026-01-27 17:18:19,531 INFO o.a.j.t.JMeterThread: Thread started: User threads 1-434
2026-01-27 17:18:19,547 INFO o.a.j.t.JMeterThread: Thread started: User threads 1-435
2026-01-27 17:18:19,566 INFO o.a.j.t.JMeterThread: Thread started: User threads 1-436
2026-01-27 17:18:19,584 INFO o.a.j.t.JMeterThread: Thread started: User threads 1-437
2026-01-27 17:18:19,602 INFO o.a.j.t.JMeterThread: Thread started: User threads 1-438
2026-01-27 17:18:19,621 INFO o.a.j.t.JMeterThread: Thread started: User threads 1-439
2026-01-27 17:18:19,639 INFO o.a.j.t.JMeterThread: Thread started: User threads 1-440
2026-01-27 17:18:19,657 INFO o.a.j.t.JMeterThread: Thread started: User threads 1-441
2026-01-27 17:18:19,675 INFO o.a.j.t.JMeterThread: Thread started: User threads 1-442
2026-01-27 17:18:19,694 INFO o.a.j.t.JMeterThread: Thread started: User threads 1-443
2026-01-27 17:18:19,710 INFO o.a.j.t.JMeterThread: Thread started: User threads 1-444
2026-01-27 17:18:19,730 INFO o.a.j.t.JMeterThread: Thread started: User threads 1-445
2026-01-27 17:18:19,749 INFO o.a.j.t.JMeterThread: Thread started: User threads 1-446
2026-01-27 17:18:19,765 INFO o.a.j.t.JMeterThread: Thread started: User threads 1-447
2026-01-27 17:18:19,783 INFO o.a.j.t.JMeterThread: Thread started: User threads 1-448
2026-01-27 17:18:19,801 INFO o.a.j.t.JMeterThread: Thread started: User threads 1-449
2026-01-27 17:18:19,818 INFO o.a.j.t.JMeterThread: Thread started: User threads 1-450
2026-01-27 17:18:19,839 INFO o.a.j.t.JMeterThread: Thread started: User threads 1-451
2026-01-27 17:18:19,856 INFO o.a.j.t.JMeterThread: Thread started: User threads 1-452
2026-01-27 17:18:19,875 INFO o.a.j.t.JMeterThread: Thread started: User threads 1-453
2026-01-27 17:18:19,894 INFO o.a.j.t.JMeterThread: Thread started: User threads 1-454
2026-01-27 17:18:19,911 INFO o.a.j.t.JMeterThread: Thread started: User threads 1-455
2026-01-27 17:18:19,928 INFO o.a.j.t.JMeterThread: Thread started: User threads 1-456
2026-01-27 17:18:19,946 INFO o.a.j.t.JMeterThread: Thread started: User threads 1-457
2026-01-27 17:18:19,964 INFO o.a.j.t.JMeterThread: Thread started: User threads 1-458
2026-01-27 17:18:19,981 INFO o.a.j.t.JMeterThread: Thread started: User threads 1-459
2026-01-27 17:18:20,000 INFO o.a.j.t.JMeterThread: Thread started: User threads 1-460
2026-01-27 17:18:20,017 INFO o.a.j.t.JMeterThread: Thread started: User threads 1-461
2026-01-27 17:18:20,038 INFO o.a.j.t.JMeterThread: Thread started: User threads 1-462
2026-01-27 17:18:20,054 INFO o.a.j.t.JMeterThread: Thread started: User threads 1-463
2026-01-27 17:18:20,072 INFO o.a.j.t.JMeterThread: Thread started: User threads 1-464
2026-01-27 17:18:20,089 INFO o.a.j.t.JMeterThread: Thread started: User threads 1-465
2026-01-27 17:18:20,115 INFO o.a.j.t.JMeterThread: Thread started: User threads 1-466
2026-01-27 17:18:20,135 INFO o.a.j.t.JMeterThread: Thread started: User threads 1-467
2026-01-27 17:18:20,152 INFO o.a.j.t.JMeterThread: Thread started: User threads 1-468
2026-01-27 17:18:20,172 INFO o.a.j.t.JMeterThread: Thread started: User threads 1-469
2026-01-27 17:18:20,196 INFO o.a.j.t.JMeterThread: Thread started: User threads 1-470
2026-01-27 17:18:20,209 INFO o.a.j.t.JMeterThread: Thread started: User threads 1-471
2026-01-27 17:18:20,227 INFO o.a.j.t.JMeterThread: Thread started: User threads 1-472
2026-01-27 17:18:20,243 INFO o.a.j.t.JMeterThread: Thread started: User threads 1-473
2026-01-27 17:18:20,260 INFO o.a.j.t.JMeterThread: Thread started: User threads 1-474
2026-01-27 17:18:20,277 INFO o.a.j.t.JMeterThread: Thread started: User threads 1-475
2026-01-27 17:18:20,293 INFO o.a.j.t.JMeterThread: Thread started: User threads 1-476
2026-01-27 17:18:20,311 INFO o.a.j.t.JMeterThread: Thread started: User threads 1-477
2026-01-27 17:18:20,327 INFO o.a.j.t.JMeterThread: Thread started: User threads 1-478
2026-01-27 17:18:20,344 INFO o.a.j.t.JMeterThread: Thread started: User threads 1-479
2026-01-27 17:18:20,360 INFO o.a.j.t.JMeterThread: Thread started: User threads 1-480
2026-01-27 17:18:20,378 INFO o.a.j.t.JMeterThread: Thread started: User threads 1-481
2026-01-27 17:18:20,394 INFO o.a.j.t.JMeterThread: Thread started: User threads 1-482
2026-01-27 17:18:20,411 INFO o.a.j.t.JMeterThread: Thread started: User threads 1-483
2026-01-27 17:18:20,428 INFO o.a.j.t.JMeterThread: Thread started: User threads 1-484
2026-01-27 17:18:20,445 INFO o.a.j.t.JMeterThread: Thread started: User threads 1-485
2026-01-27 17:18:20,461 INFO o.a.j.t.JMeterThread: Thread started: User threads 1-486
2026-01-27 17:18:20,479 INFO o.a.j.t.JMeterThread: Thread started: User threads 1-487
2026-01-27 17:18:20,495 INFO o.a.j.t.JMeterThread: Thread started: User threads 1-488
2026-01-27 17:18:20,516 INFO o.a.j.t.JMeterThread: Thread started: User threads 1-489
2026-01-27 17:18:20,531 INFO o.a.j.t.JMeterThread: Thread started: User threads 1-490
2026-01-27 17:18:20,548 INFO o.a.j.t.JMeterThread: Thread started: User threads 1-491
2026-01-27 17:18:20,565 INFO o.a.j.t.JMeterThread: Thread started: User threads 1-492
2026-01-27 17:18:20,580 INFO o.a.j.t.JMeterThread: Thread started: User threads 1-493
2026-01-27 17:18:20,596 INFO o.a.j.t.JMeterThread: Thread started: User threads 1-494
2026-01-27 17:18:20,627 INFO o.a.j.t.JMeterThread: Thread started: User threads 1-495
2026-01-27 17:18:20,634 INFO o.a.j.t.JMeterThread: Thread started: User threads 1-496
2026-01-27 17:18:20,648 INFO o.a.j.t.JMeterThread: Thread started: User threads 1-497
2026-01-27 17:18:20,665 INFO o.a.j.t.JMeterThread: Thread started: User threads 1-498
2026-01-27 17:18:20,675 INFO o.a.j.t.JMeterThread: Thread started: User threads 1-499
2026-01-27 17:18:20,688 INFO o.a.j.t.JMeterThread: Thread started: User threads 1-500
2026-01-27 17:18:27,476 WARN o.a.j.p.h.s.HTTPSamplerBase: Existing CookieManager HTTP cookie manager superseded by HTTP cookie manager
2026-01-27 17:18:27,813 WARN o.a.j.p.h.s.HTTPSamplerBase: Existing CookieManager HTTP cookie manager superseded by HTTP cookie manager
2026-01-27 17:18:27,846 WARN o.a.j.p.h.s.HTTPSamplerBase: Existing CookieManager HTTP cookie manager superseded by HTTP cookie manager
2026-01-27 17:18:27,906 WARN o.a.j.p.h.s.HTTPSamplerBase: Existing CookieManager HTTP cookie manager superseded by HTTP cookie manager
2026-01-27 17:18:27,941 WARN o.a.j.p.h.s.HTTPSamplerBase: Existing CookieManager HTTP cookie manager superseded by HTTP cookie manager
2026-01-27 17:18:28,188 WARN o.a.j.p.h.s.HTTPSamplerBase: Existing CookieManager HTTP cookie manager superseded by HTTP cookie manager
2026-01-27 17:18:28,384 WARN o.a.j.p.h.s.HTTPSamplerBase: Existing CookieManager HTTP cookie manager superseded by HTTP cookie manager
2026-01-27 17:18:28,389 WARN o.a.j.p.h.s.HTTPSamplerBase: Existing CookieManager HTTP cookie manager superseded by HTTP cookie manager
2026-01-27 17:18:28,424 WARN o.a.j.p.h.s.HTTPSamplerBase: Existing CookieManager HTTP cookie manager superseded by HTTP cookie manager
2026-01-27 17:18:28,483 WARN o.a.j.p.h.s.HTTPSamplerBase: Existing CookieManager HTTP cookie manager superseded by HTTP cookie manager
2026-01-27 17:18:28,519 WARN o.a.j.p.h.s.HTTPSamplerBase: Existing CookieManager HTTP cookie manager superseded by HTTP cookie manager
2026-01-27 17:18:28,534 WARN o.a.j.p.h.s.HTTPSamplerBase: Existing CookieManager HTTP cookie manager superseded by HTTP cookie manager
2026-01-27 17:18:28,587 WARN o.a.j.p.h.s.HTTPSamplerBase: Existing CookieManager HTTP cookie manager superseded by HTTP cookie manager
2026-01-27 17:18:28,609 WARN o.a.j.p.h.s.HTTPSamplerBase: Existing CookieManager HTTP cookie manager superseded by HTTP cookie manager
2026-01-27 17:18:28,637 WARN o.a.j.p.h.s.HTTPSamplerBase: Existing CookieManager HTTP cookie manager superseded by HTTP cookie manager
2026-01-27 17:18:28,657 WARN o.a.j.p.h.s.HTTPSamplerBase: Existing CookieManager HTTP cookie manager superseded by HTTP cookie manager
2026-01-27 17:18:28,749 WARN o.a.j.p.h.s.HTTPSamplerBase: Existing CookieManager HTTP cookie manager superseded by HTTP cookie manager
2026-01-27 17:18:28,824 WARN o.a.j.p.h.s.HTTPSamplerBase: Existing CookieManager HTTP cookie manager superseded by HTTP cookie manager
2026-01-27 17:18:28,995 WARN o.a.j.p.h.s.HTTPSamplerBase: Existing CookieManager HTTP cookie manager superseded by HTTP cookie manager
2026-01-27 17:18:28,995 WARN o.a.j.p.h.s.HTTPSamplerBase: Existing CookieManager HTTP cookie manager superseded by HTTP cookie manager
2026-01-27 17:18:29,017 WARN o.a.j.p.h.s.HTTPSamplerBase: Existing CookieManager HTTP cookie manager superseded by HTTP cookie manager
2026-01-27 17:18:29,018 WARN o.a.j.p.h.s.HTTPSamplerBase: Existing CookieManager HTTP cookie manager superseded by HTTP cookie manager
2026-01-27 17:18:29,101 WARN o.a.j.p.h.s.HTTPSamplerBase: Existing CookieManager HTTP cookie manager superseded by HTTP cookie manager
2026-01-27 17:18:29,115 WARN o.a.j.p.h.s.HTTPSamplerBase: Existing CookieManager HTTP cookie manager superseded by HTTP cookie manager
2026-01-27 17:18:29,122 WARN o.a.j.p.h.s.HTTPSamplerBase: Existing CookieManager HTTP cookie manager superseded by HTTP cookie manager
2026-01-27 17:18:29,129 WARN o.a.j.p.h.s.HTTPSamplerBase: Existing CookieManager HTTP cookie manager superseded by HTTP cookie manager
2026-01-27 17:18:29,147 WARN o.a.j.p.h.s.HTTPSamplerBase: Existing CookieManager HTTP cookie manager superseded by HTTP cookie manager
2026-01-27 17:18:29,197 WARN o.a.j.p.h.s.HTTPSamplerBase: Existing CookieManager HTTP cookie manager superseded by HTTP cookie manager
2026-01-27 17:18:29,209 WARN o.a.j.p.h.s.HTTPSamplerBase: Existing CookieManager HTTP cookie manager superseded by HTTP cookie manager
2026-01-27 17:18:29,218 WARN o.a.j.p.h.s.HTTPSamplerBase: Existing CookieManager HTTP cookie manager superseded by HTTP cookie manager
2026-01-27 17:18:29,222 WARN o.a.j.p.h.s.HTTPSamplerBase: Existing CookieManager HTTP cookie manager superseded by HTTP cookie manager
2026-01-27 17:18:29,256 WARN o.a.j.p.h.s.HTTPSamplerBase: Existing CookieManager HTTP cookie manager superseded by HTTP cookie manager
2026-01-27 17:18:29,259 WARN o.a.j.p.h.s.HTTPSamplerBase: Existing CookieManager HTTP cookie manager superseded by HTTP cookie manager
2026-01-27 17:18:29,324 WARN o.a.j.p.h.s.HTTPSamplerBase: Existing CookieManager HTTP cookie manager superseded by HTTP cookie manager
2026-01-27 17:18:29,382 WARN o.a.j.p.h.s.HTTPSamplerBase: Existing CookieManager HTTP cookie manager superseded by HTTP cookie manager
2026-01-27 17:18:29,395 WARN o.a.j.p.h.s.HTTPSamplerBase: Existing CookieManager HTTP cookie manager superseded by HTTP cookie manager
2026-01-27 17:18:29,401 WARN o.a.j.p.h.s.HTTPSamplerBase: Existing CookieManager HTTP cookie manager superseded by HTTP cookie manager
2026-01-27 17:18:29,416 WARN o.a.j.p.h.s.HTTPSamplerBase: Existing CookieManager HTTP cookie manager superseded by HTTP cookie manager
2026-01-27 17:18:29,535 WARN o.a.j.p.h.s.HTTPSamplerBase: Existing CookieManager HTTP cookie manager superseded by HTTP cookie manager
2026-01-27 17:18:29,540 WARN o.a.j.p.h.s.HTTPSamplerBase: Existing CookieManager HTTP cookie manager superseded by HTTP cookie manager
2026-01-27 17:18:29,547 WARN o.a.j.p.h.s.HTTPSamplerBase: Existing CookieManager HTTP cookie manager superseded by HTTP cookie manager
2026-01-27 17:18:29,651 WARN o.a.j.p.h.s.HTTPSamplerBase: Existing CookieManager HTTP cookie manager superseded by HTTP cookie manager
2026-01-27 17:18:29,656 WARN o.a.j.p.h.s.HTTPSamplerBase: Existing CookieManager HTTP cookie manager superseded by HTTP cookie manager
2026-01-27 17:18:29,691 WARN o.a.j.p.h.s.HTTPSamplerBase: Existing CookieManager HTTP cookie manager superseded by HTTP cookie manager
2026-01-27 17:18:29,783 WARN o.a.j.p.h.s.HTTPSamplerBase: Existing CookieManager HTTP cookie manager superseded by HTTP cookie manager
2026-01-27 17:18:29,787 WARN o.a.j.p.h.s.HTTPSamplerBase: Existing CookieManager HTTP cookie manager superseded by HTTP cookie manager
2026-01-27 17:18:29,791 WARN o.a.j.p.h.s.HTTPSamplerBase: Existing CookieManager HTTP cookie manager superseded by HTTP cookie manager
2026-01-27 17:18:29,809 WARN o.a.j.p.h.s.HTTPSamplerBase: Existing CookieManager HTTP cookie manager superseded by HTTP cookie manager
2026-01-27 17:18:29,821 WARN o.a.j.p.h.s.HTTPSamplerBase: Existing CookieManager HTTP cookie manager superseded by HTTP cookie manager
2026-01-27 17:18:29,830 WARN o.a.j.p.h.s.HTTPSamplerBase: Existing CookieManager HTTP cookie manager superseded by HTTP cookie manager
2026-01-27 17:18:29,858 WARN o.a.j.p.h.s.HTTPSamplerBase: Existing CookieManager HTTP cookie manager superseded by HTTP cookie manager
2026-01-27 17:18:29,882 WARN o.a.j.p.h.s.HTTPSamplerBase: Existing CookieManager HTTP cookie manager superseded by HTTP cookie manager
2026-01-27 17:18:29,931 WARN o.a.j.p.h.s.HTTPSamplerBase: Existing CookieManager HTTP cookie manager superseded by HTTP cookie manager
2026-01-27 17:18:29,940 WARN o.a.j.p.h.s.HTTPSamplerBase: Existing CookieManager HTTP cookie manager superseded by HTTP cookie manager
2026-01-27 17:18:30,005 INFO o.a.j.r.Summariser: summary +   8976 in 00:00:19 =  463.5/s Avg:   451 Min:     3 Max:  4177 Err:     0 (0.00%) Active: 500 Started: 500 Finished: 0
2026-01-27 17:18:30,021 WARN o.a.j.p.h.s.HTTPSamplerBase: Existing CookieManager HTTP cookie manager superseded by HTTP cookie manager
2026-01-27 17:18:30,022 WARN o.a.j.p.h.s.HTTPSamplerBase: Existing CookieManager HTTP cookie manager superseded by HTTP cookie manager
2026-01-27 17:18:30,080 WARN o.a.j.p.h.s.HTTPSamplerBase: Existing CookieManager HTTP cookie manager superseded by HTTP cookie manager
2026-01-27 17:18:30,134 WARN o.a.j.p.h.s.HTTPSamplerBase: Existing CookieManager HTTP cookie manager superseded by HTTP cookie manager
2026-01-27 17:18:30,151 WARN o.a.j.p.h.s.HTTPSamplerBase: Existing CookieManager HTTP cookie manager superseded by HTTP cookie manager
2026-01-27 17:18:30,154 WARN o.a.j.p.h.s.HTTPSamplerBase: Existing CookieManager HTTP cookie manager superseded by HTTP cookie manager
2026-01-27 17:18:30,154 WARN o.a.j.p.h.s.HTTPSamplerBase: Existing CookieManager HTTP cookie manager superseded by HTTP cookie manager
2026-01-27 17:18:30,244 WARN o.a.j.p.h.s.HTTPSamplerBase: Existing CookieManager HTTP cookie manager superseded by HTTP cookie manager
2026-01-27 17:18:30,257 WARN o.a.j.p.h.s.HTTPSamplerBase: Existing CookieManager HTTP cookie manager superseded by HTTP cookie manager
2026-01-27 17:18:30,257 WARN o.a.j.p.h.s.HTTPSamplerBase: Existing CookieManager HTTP cookie manager superseded by HTTP cookie manager
2026-01-27 17:18:30,271 WARN o.a.j.p.h.s.HTTPSamplerBase: Existing CookieManager HTTP cookie manager superseded by HTTP cookie manager
2026-01-27 17:18:30,278 WARN o.a.j.p.h.s.HTTPSamplerBase: Existing CookieManager HTTP cookie manager superseded by HTTP cookie manager
2026-01-27 17:18:30,323 WARN o.a.j.p.h.s.HTTPSamplerBase: Existing CookieManager HTTP cookie manager superseded by HTTP cookie manager
2026-01-27 17:18:30,386 WARN o.a.j.p.h.s.HTTPSamplerBase: Existing CookieManager HTTP cookie manager superseded by HTTP cookie manager
2026-01-27 17:18:30,386 WARN o.a.j.p.h.s.HTTPSamplerBase: Existing CookieManager HTTP cookie manager superseded by HTTP cookie manager
2026-01-27 17:18:30,501 WARN o.a.j.p.h.s.HTTPSamplerBase: Existing CookieManager HTTP cookie manager superseded by HTTP cookie manager
2026-01-27 17:18:30,551 WARN o.a.j.p.h.s.HTTPSamplerBase: Existing CookieManager HTTP cookie manager superseded by HTTP cookie manager
2026-01-27 17:18:30,560 WARN o.a.j.p.h.s.HTTPSamplerBase: Existing CookieManager HTTP cookie manager superseded by HTTP cookie manager
2026-01-27 17:18:30,572 WARN o.a.j.p.h.s.HTTPSamplerBase: Existing CookieManager HTTP cookie manager superseded by HTTP cookie manager
2026-01-27 17:18:30,576 WARN o.a.j.p.h.s.HTTPSamplerBase: Existing CookieManager HTTP cookie manager superseded by HTTP cookie manager
2026-01-27 17:18:30,603 WARN o.a.j.p.h.s.HTTPSamplerBase: Existing CookieManager HTTP cookie manager superseded by HTTP cookie manager
2026-01-27 17:18:30,693 WARN o.a.j.p.h.s.HTTPSamplerBase: Existing CookieManager HTTP cookie manager superseded by HTTP cookie manager
2026-01-27 17:18:30,716 WARN o.a.j.p.h.s.HTTPSamplerBase: Existing CookieManager HTTP cookie manager superseded by HTTP cookie manager
2026-01-27 17:18:30,767 WARN o.a.j.p.h.s.HTTPSamplerBase: Existing CookieManager HTTP cookie manager superseded by HTTP cookie manager
2026-01-27 17:18:30,775 WARN o.a.j.p.h.s.HTTPSamplerBase: Existing CookieManager HTTP cookie manager superseded by HTTP cookie manager
2026-01-27 17:18:30,793 WARN o.a.j.p.h.s.HTTPSamplerBase: Existing CookieManager HTTP cookie manager superseded by HTTP cookie manager
2026-01-27 17:18:30,800 WARN o.a.j.p.h.s.HTTPSamplerBase: Existing CookieManager HTTP cookie manager superseded by HTTP cookie manager
2026-01-27 17:18:30,833 WARN o.a.j.p.h.s.HTTPSamplerBase: Existing CookieManager HTTP cookie manager superseded by HTTP cookie manager
2026-01-27 17:18:30,840 WARN o.a.j.p.h.s.HTTPSamplerBase: Existing CookieManager HTTP cookie manager superseded by HTTP cookie manager
2026-01-27 17:18:30,867 WARN o.a.j.p.h.s.HTTPSamplerBase: Existing CookieManager HTTP cookie manager superseded by HTTP cookie manager
2026-01-27 17:18:30,884 WARN o.a.j.p.h.s.HTTPSamplerBase: Existing CookieManager HTTP cookie manager superseded by HTTP cookie manager
2026-01-27 17:18:30,909 WARN o.a.j.p.h.s.HTTPSamplerBase: Existing CookieManager HTTP cookie manager superseded by HTTP cookie manager
2026-01-27 17:18:30,915 WARN o.a.j.p.h.s.HTTPSamplerBase: Existing CookieManager HTTP cookie manager superseded by HTTP cookie manager
2026-01-27 17:18:30,994 WARN o.a.j.p.h.s.HTTPSamplerBase: Existing CookieManager HTTP cookie manager superseded by HTTP cookie manager
2026-01-27 17:18:31,076 WARN o.a.j.p.h.s.HTTPSamplerBase: Existing CookieManager HTTP cookie manager superseded by HTTP cookie manager
2026-01-27 17:18:31,077 WARN o.a.j.p.h.s.HTTPSamplerBase: Existing CookieManager HTTP cookie manager superseded by HTTP cookie manager
2026-01-27 17:18:31,079 WARN o.a.j.p.h.s.HTTPSamplerBase: Existing CookieManager HTTP cookie manager superseded by HTTP cookie manager
2026-01-27 17:18:31,089 WARN o.a.j.p.h.s.HTTPSamplerBase: Existing CookieManager HTTP cookie manager superseded by HTTP cookie manager
2026-01-27 17:18:31,127 WARN o.a.j.p.h.s.HTTPSamplerBase: Existing CookieManager HTTP cookie manager superseded by HTTP cookie manager
2026-01-27 17:18:31,144 WARN o.a.j.p.h.s.HTTPSamplerBase: Existing CookieManager HTTP cookie manager superseded by HTTP cookie manager
2026-01-27 17:18:31,144 WARN o.a.j.p.h.s.HTTPSamplerBase: Existing CookieManager HTTP cookie manager superseded by HTTP cookie manager
2026-01-27 17:18:31,157 WARN o.a.j.p.h.s.HTTPSamplerBase: Existing CookieManager HTTP cookie manager superseded by HTTP cookie manager
2026-01-27 17:18:31,176 WARN o.a.j.p.h.s.HTTPSamplerBase: Existing CookieManager HTTP cookie manager superseded by HTTP cookie manager
2026-01-27 17:18:31,209 WARN o.a.j.p.h.s.HTTPSamplerBase: Existing CookieManager HTTP cookie manager superseded by HTTP cookie manager
2026-01-27 17:18:31,268 WARN o.a.j.p.h.s.HTTPSamplerBase: Existing CookieManager HTTP cookie manager superseded by HTTP cookie manager
2026-01-27 17:18:31,290 WARN o.a.j.p.h.s.HTTPSamplerBase: Existing CookieManager HTTP cookie manager superseded by HTTP cookie manager
2026-01-27 17:18:31,351 WARN o.a.j.p.h.s.HTTPSamplerBase: Existing CookieManager HTTP cookie manager superseded by HTTP cookie manager
2026-01-27 17:18:31,357 WARN o.a.j.p.h.s.HTTPSamplerBase: Existing CookieManager HTTP cookie manager superseded by HTTP cookie manager
2026-01-27 17:18:31,363 WARN o.a.j.p.h.s.HTTPSamplerBase: Existing CookieManager HTTP cookie manager superseded by HTTP cookie manager
2026-01-27 17:18:31,372 WARN o.a.j.p.h.s.HTTPSamplerBase: Existing CookieManager HTTP cookie manager superseded by HTTP cookie manager
2026-01-27 17:18:31,407 WARN o.a.j.p.h.s.HTTPSamplerBase: Existing CookieManager HTTP cookie manager superseded by HTTP cookie manager
2026-01-27 17:18:31,407 WARN o.a.j.p.h.s.HTTPSamplerBase: Existing CookieManager HTTP cookie manager superseded by HTTP cookie manager
2026-01-27 17:18:31,469 WARN o.a.j.p.h.s.HTTPSamplerBase: Existing CookieManager HTTP cookie manager superseded by HTTP cookie manager
2026-01-27 17:18:31,478 WARN o.a.j.p.h.s.HTTPSamplerBase: Existing CookieManager HTTP cookie manager superseded by HTTP cookie manager
2026-01-27 17:18:31,499 WARN o.a.j.p.h.s.HTTPSamplerBase: Existing CookieManager HTTP cookie manager superseded by HTTP cookie manager
2026-01-27 17:18:31,510 WARN o.a.j.p.h.s.HTTPSamplerBase: Existing CookieManager HTTP cookie manager superseded by HTTP cookie manager
2026-01-27 17:18:31,523 WARN o.a.j.p.h.s.HTTPSamplerBase: Existing CookieManager HTTP cookie manager superseded by HTTP cookie manager
2026-01-27 17:18:31,529 WARN o.a.j.p.h.s.HTTPSamplerBase: Existing CookieManager HTTP cookie manager superseded by HTTP cookie manager
2026-01-27 17:18:31,552 WARN o.a.j.p.h.s.HTTPSamplerBase: Existing CookieManager HTTP cookie manager superseded by HTTP cookie manager
2026-01-27 17:18:31,581 WARN o.a.j.p.h.s.HTTPSamplerBase: Existing CookieManager HTTP cookie manager superseded by HTTP cookie manager
2026-01-27 17:18:31,594 WARN o.a.j.p.h.s.HTTPSamplerBase: Existing CookieManager HTTP cookie manager superseded by HTTP cookie manager
2026-01-27 17:18:31,618 WARN o.a.j.p.h.s.HTTPSamplerBase: Existing CookieManager HTTP cookie manager superseded by HTTP cookie manager
2026-01-27 17:18:31,704 WARN o.a.j.p.h.s.HTTPSamplerBase: Existing CookieManager HTTP cookie manager superseded by HTTP cookie manager
2026-01-27 17:18:31,706 WARN o.a.j.p.h.s.HTTPSamplerBase: Existing CookieManager HTTP cookie manager superseded by HTTP cookie manager
2026-01-27 17:18:31,790 WARN o.a.j.p.h.s.HTTPSamplerBase: Existing CookieManager HTTP cookie manager superseded by HTTP cookie manager
2026-01-27 17:18:31,798 WARN o.a.j.p.h.s.HTTPSamplerBase: Existing CookieManager HTTP cookie manager superseded by HTTP cookie manager
2026-01-27 17:18:31,798 WARN o.a.j.p.h.s.HTTPSamplerBase: Existing CookieManager HTTP cookie manager superseded by HTTP cookie manager
2026-01-27 17:18:31,816 WARN o.a.j.p.h.s.HTTPSamplerBase: Existing CookieManager HTTP cookie manager superseded by HTTP cookie manager
2026-01-27 17:18:31,816 WARN o.a.j.p.h.s.HTTPSamplerBase: Existing CookieManager HTTP cookie manager superseded by HTTP cookie manager
2026-01-27 17:18:31,873 WARN o.a.j.p.h.s.HTTPSamplerBase: Existing CookieManager HTTP cookie manager superseded by HTTP cookie manager
2026-01-27 17:18:31,883 WARN o.a.j.p.h.s.HTTPSamplerBase: Existing CookieManager HTTP cookie manager superseded by HTTP cookie manager
2026-01-27 17:18:31,961 WARN o.a.j.p.h.s.HTTPSamplerBase: Existing CookieManager HTTP cookie manager superseded by HTTP cookie manager
2026-01-27 17:18:31,967 WARN o.a.j.p.h.s.HTTPSamplerBase: Existing CookieManager HTTP cookie manager superseded by HTTP cookie manager
2026-01-27 17:18:32,000 WARN o.a.j.p.h.s.HTTPSamplerBase: Existing CookieManager HTTP cookie manager superseded by HTTP cookie manager
2026-01-27 17:18:32,053 WARN o.a.j.p.h.s.HTTPSamplerBase: Existing CookieManager HTTP cookie manager superseded by HTTP cookie manager
2026-01-27 17:18:32,053 WARN o.a.j.p.h.s.HTTPSamplerBase: Existing CookieManager HTTP cookie manager superseded by HTTP cookie manager
2026-01-27 17:18:32,059 WARN o.a.j.p.h.s.HTTPSamplerBase: Existing CookieManager HTTP cookie manager superseded by HTTP cookie manager
2026-01-27 17:18:32,059 WARN o.a.j.p.h.s.HTTPSamplerBase: Existing CookieManager HTTP cookie manager superseded by HTTP cookie manager
2026-01-27 17:18:32,078 WARN o.a.j.p.h.s.HTTPSamplerBase: Existing CookieManager HTTP cookie manager superseded by HTTP cookie manager
2026-01-27 17:18:32,090 WARN o.a.j.p.h.s.HTTPSamplerBase: Existing CookieManager HTTP cookie manager superseded by HTTP cookie manager
2026-01-27 17:18:32,120 WARN o.a.j.p.h.s.HTTPSamplerBase: Existing CookieManager HTTP cookie manager superseded by HTTP cookie manager
2026-01-27 17:18:32,133 WARN o.a.j.p.h.s.HTTPSamplerBase: Existing CookieManager HTTP cookie manager superseded by HTTP cookie manager
2026-01-27 17:18:32,134 WARN o.a.j.p.h.s.HTTPSamplerBase: Existing CookieManager HTTP cookie manager superseded by HTTP cookie manager
2026-01-27 17:18:32,155 WARN o.a.j.p.h.s.HTTPSamplerBase: Existing CookieManager HTTP cookie manager superseded by HTTP cookie manager
2026-01-27 17:18:32,179 WARN o.a.j.p.h.s.HTTPSamplerBase: Existing CookieManager HTTP cookie manager superseded by HTTP cookie manager
2026-01-27 17:18:32,228 WARN o.a.j.p.h.s.HTTPSamplerBase: Existing CookieManager HTTP cookie manager superseded by HTTP cookie manager
2026-01-27 17:18:32,244 WARN o.a.j.p.h.s.HTTPSamplerBase: Existing CookieManager HTTP cookie manager superseded by HTTP cookie manager
2026-01-27 17:18:32,261 WARN o.a.j.p.h.s.HTTPSamplerBase: Existing CookieManager HTTP cookie manager superseded by HTTP cookie manager
2026-01-27 17:18:32,262 WARN o.a.j.p.h.s.HTTPSamplerBase: Existing CookieManager HTTP cookie manager superseded by HTTP cookie manager
2026-01-27 17:18:32,302 WARN o.a.j.p.h.s.HTTPSamplerBase: Existing CookieManager HTTP cookie manager superseded by HTTP cookie manager
2026-01-27 17:18:32,303 WARN o.a.j.p.h.s.HTTPSamplerBase: Existing CookieManager HTTP cookie manager superseded by HTTP cookie manager
2026-01-27 17:18:32,311 WARN o.a.j.p.h.s.HTTPSamplerBase: Existing CookieManager HTTP cookie manager superseded by HTTP cookie manager
2026-01-27 17:18:32,312 WARN o.a.j.p.h.s.HTTPSamplerBase: Existing CookieManager HTTP cookie manager superseded by HTTP cookie manager
2026-01-27 17:18:32,336 WARN o.a.j.p.h.s.HTTPSamplerBase: Existing CookieManager HTTP cookie manager superseded by HTTP cookie manager
2026-01-27 17:18:32,347 WARN o.a.j.p.h.s.HTTPSamplerBase: Existing CookieManager HTTP cookie manager superseded by HTTP cookie manager
2026-01-27 17:18:32,355 WARN o.a.j.p.h.s.HTTPSamplerBase: Existing CookieManager HTTP cookie manager superseded by HTTP cookie manager
2026-01-27 17:18:32,414 WARN o.a.j.p.h.s.HTTPSamplerBase: Existing CookieManager HTTP cookie manager superseded by HTTP cookie manager
2026-01-27 17:18:32,460 WARN o.a.j.p.h.s.HTTPSamplerBase: Existing CookieManager HTTP cookie manager superseded by HTTP cookie manager
2026-01-27 17:18:32,479 WARN o.a.j.p.h.s.HTTPSamplerBase: Existing CookieManager HTTP cookie manager superseded by HTTP cookie manager
2026-01-27 17:18:32,521 WARN o.a.j.p.h.s.HTTPSamplerBase: Existing CookieManager HTTP cookie manager superseded by HTTP cookie manager
2026-01-27 17:18:32,536 WARN o.a.j.p.h.s.HTTPSamplerBase: Existing CookieManager HTTP cookie manager superseded by HTTP cookie manager
2026-01-27 17:18:32,575 WARN o.a.j.p.h.s.HTTPSamplerBase: Existing CookieManager HTTP cookie manager superseded by HTTP cookie manager
2026-01-27 17:18:32,598 WARN o.a.j.p.h.s.HTTPSamplerBase: Existing CookieManager HTTP cookie manager superseded by HTTP cookie manager
2026-01-27 17:18:32,637 WARN o.a.j.p.h.s.HTTPSamplerBase: Existing CookieManager HTTP cookie manager superseded by HTTP cookie manager
2026-01-27 17:18:32,674 WARN o.a.j.p.h.s.HTTPSamplerBase: Existing CookieManager HTTP cookie manager superseded by HTTP cookie manager
2026-01-27 17:18:32,695 WARN o.a.j.p.h.s.HTTPSamplerBase: Existing CookieManager HTTP cookie manager superseded by HTTP cookie manager
2026-01-27 17:18:32,718 WARN o.a.j.p.h.s.HTTPSamplerBase: Existing CookieManager HTTP cookie manager superseded by HTTP cookie manager
2026-01-27 17:18:32,768 WARN o.a.j.p.h.s.HTTPSamplerBase: Existing CookieManager HTTP cookie manager superseded by HTTP cookie manager
2026-01-27 17:18:32,799 WARN o.a.j.p.h.s.HTTPSamplerBase: Existing CookieManager HTTP cookie manager superseded by HTTP cookie manager
2026-01-27 17:18:32,845 WARN o.a.j.p.h.s.HTTPSamplerBase: Existing CookieManager HTTP cookie manager superseded by HTTP cookie manager
2026-01-27 17:18:32,868 WARN o.a.j.p.h.s.HTTPSamplerBase: Existing CookieManager HTTP cookie manager superseded by HTTP cookie manager
2026-01-27 17:18:32,872 WARN o.a.j.p.h.s.HTTPSamplerBase: Existing CookieManager HTTP cookie manager superseded by HTTP cookie manager
2026-01-27 17:18:32,893 WARN o.a.j.p.h.s.HTTPSamplerBase: Existing CookieManager HTTP cookie manager superseded by HTTP cookie manager
2026-01-27 17:18:32,955 WARN o.a.j.p.h.s.HTTPSamplerBase: Existing CookieManager HTTP cookie manager superseded by HTTP cookie manager
2026-01-27 17:18:32,974 WARN o.a.j.p.h.s.HTTPSamplerBase: Existing CookieManager HTTP cookie manager superseded by HTTP cookie manager
2026-01-27 17:18:32,989 WARN o.a.j.p.h.s.HTTPSamplerBase: Existing CookieManager HTTP cookie manager superseded by HTTP cookie manager
2026-01-27 17:18:32,992 WARN o.a.j.p.h.s.HTTPSamplerBase: Existing CookieManager HTTP cookie manager superseded by HTTP cookie manager
2026-01-27 17:18:33,019 WARN o.a.j.p.h.s.HTTPSamplerBase: Existing CookieManager HTTP cookie manager superseded by HTTP cookie manager
2026-01-27 17:18:33,062 WARN o.a.j.p.h.s.HTTPSamplerBase: Existing CookieManager HTTP cookie manager superseded by HTTP cookie manager
2026-01-27 17:18:33,082 WARN o.a.j.p.h.s.HTTPSamplerBase: Existing CookieManager HTTP cookie manager superseded by HTTP cookie manager
2026-01-27 17:18:33,184 WARN o.a.j.p.h.s.HTTPSamplerBase: Existing CookieManager HTTP cookie manager superseded by HTTP cookie manager
2026-01-27 17:18:33,207 WARN o.a.j.p.h.s.HTTPSamplerBase: Existing CookieManager HTTP cookie manager superseded by HTTP cookie manager
2026-01-27 17:18:33,283 WARN o.a.j.p.h.s.HTTPSamplerBase: Existing CookieManager HTTP cookie manager superseded by HTTP cookie manager
2026-01-27 17:18:33,300 WARN o.a.j.p.h.s.HTTPSamplerBase: Existing CookieManager HTTP cookie manager superseded by HTTP cookie manager
2026-01-27 17:18:33,301 WARN o.a.j.p.h.s.HTTPSamplerBase: Existing CookieManager HTTP cookie manager superseded by HTTP cookie manager
2026-01-27 17:18:33,315 WARN o.a.j.p.h.s.HTTPSamplerBase: Existing CookieManager HTTP cookie manager superseded by HTTP cookie manager
2026-01-27 17:18:33,346 WARN o.a.j.p.h.s.HTTPSamplerBase: Existing CookieManager HTTP cookie manager superseded by HTTP cookie manager
2026-01-27 17:18:33,375 WARN o.a.j.p.h.s.HTTPSamplerBase: Existing CookieManager HTTP cookie manager superseded by HTTP cookie manager
2026-01-27 17:18:33,389 WARN o.a.j.p.h.s.HTTPSamplerBase: Existing CookieManager HTTP cookie manager superseded by HTTP cookie manager
2026-01-27 17:18:33,403 WARN o.a.j.p.h.s.HTTPSamplerBase: Existing CookieManager HTTP cookie manager superseded by HTTP cookie manager
2026-01-27 17:18:33,433 WARN o.a.j.p.h.s.HTTPSamplerBase: Existing CookieManager HTTP cookie manager superseded by HTTP cookie manager
2026-01-27 17:18:33,517 WARN o.a.j.p.h.s.HTTPSamplerBase: Existing CookieManager HTTP cookie manager superseded by HTTP cookie manager
2026-01-27 17:18:33,527 WARN o.a.j.p.h.s.HTTPSamplerBase: Existing CookieManager HTTP cookie manager superseded by HTTP cookie manager
2026-01-27 17:18:33,527 WARN o.a.j.p.h.s.HTTPSamplerBase: Existing CookieManager HTTP cookie manager superseded by HTTP cookie manager
2026-01-27 17:18:33,546 WARN o.a.j.p.h.s.HTTPSamplerBase: Existing CookieManager HTTP cookie manager superseded by HTTP cookie manager
2026-01-27 17:18:33,554 WARN o.a.j.p.h.s.HTTPSamplerBase: Existing CookieManager HTTP cookie manager superseded by HTTP cookie manager
2026-01-27 17:18:33,603 WARN o.a.j.p.h.s.HTTPSamplerBase: Existing CookieManager HTTP cookie manager superseded by HTTP cookie manager
2026-01-27 17:18:33,605 WARN o.a.j.p.h.s.HTTPSamplerBase: Existing CookieManager HTTP cookie manager superseded by HTTP cookie manager
2026-01-27 17:18:33,651 WARN o.a.j.p.h.s.HTTPSamplerBase: Existing CookieManager HTTP cookie manager superseded by HTTP cookie manager
2026-01-27 17:18:33,652 WARN o.a.j.p.h.s.HTTPSamplerBase: Existing CookieManager HTTP cookie manager superseded by HTTP cookie manager
2026-01-27 17:18:33,697 WARN o.a.j.p.h.s.HTTPSamplerBase: Existing CookieManager HTTP cookie manager superseded by HTTP cookie manager
2026-01-27 17:18:33,763 WARN o.a.j.p.h.s.HTTPSamplerBase: Existing CookieManager HTTP cookie manager superseded by HTTP cookie manager
2026-01-27 17:18:33,785 WARN o.a.j.p.h.s.HTTPSamplerBase: Existing CookieManager HTTP cookie manager superseded by HTTP cookie manager
2026-01-27 17:18:33,837 WARN o.a.j.p.h.s.HTTPSamplerBase: Existing CookieManager HTTP cookie manager superseded by HTTP cookie manager
2026-01-27 17:18:33,923 WARN o.a.j.p.h.s.HTTPSamplerBase: Existing CookieManager HTTP cookie manager superseded by HTTP cookie manager
2026-01-27 17:18:33,965 WARN o.a.j.p.h.s.HTTPSamplerBase: Existing CookieManager HTTP cookie manager superseded by HTTP cookie manager
2026-01-27 17:18:34,034 WARN o.a.j.p.h.s.HTTPSamplerBase: Existing CookieManager HTTP cookie manager superseded by HTTP cookie manager
2026-01-27 17:18:34,079 WARN o.a.j.p.h.s.HTTPSamplerBase: Existing CookieManager HTTP cookie manager superseded by HTTP cookie manager
2026-01-27 17:18:34,105 WARN o.a.j.p.h.s.HTTPSamplerBase: Existing CookieManager HTTP cookie manager superseded by HTTP cookie manager
2026-01-27 17:18:34,184 WARN o.a.j.p.h.s.HTTPSamplerBase: Existing CookieManager HTTP cookie manager superseded by HTTP cookie manager
2026-01-27 17:18:34,251 WARN o.a.j.p.h.s.HTTPSamplerBase: Existing CookieManager HTTP cookie manager superseded by HTTP cookie manager
2026-01-27 17:18:34,272 WARN o.a.j.p.h.s.HTTPSamplerBase: Existing CookieManager HTTP cookie manager superseded by HTTP cookie manager
2026-01-27 17:18:34,292 WARN o.a.j.p.h.s.HTTPSamplerBase: Existing CookieManager HTTP cookie manager superseded by HTTP cookie manager
2026-01-27 17:18:34,309 WARN o.a.j.p.h.s.HTTPSamplerBase: Existing CookieManager HTTP cookie manager superseded by HTTP cookie manager
2026-01-27 17:18:34,351 WARN o.a.j.p.h.s.HTTPSamplerBase: Existing CookieManager HTTP cookie manager superseded by HTTP cookie manager
2026-01-27 17:18:34,460 WARN o.a.j.p.h.s.HTTPSamplerBase: Existing CookieManager HTTP cookie manager superseded by HTTP cookie manager
2026-01-27 17:18:34,473 WARN o.a.j.p.h.s.HTTPSamplerBase: Existing CookieManager HTTP cookie manager superseded by HTTP cookie manager
2026-01-27 17:18:34,549 WARN o.a.j.p.h.s.HTTPSamplerBase: Existing CookieManager HTTP cookie manager superseded by HTTP cookie manager
2026-01-27 17:18:34,563 WARN o.a.j.p.h.s.HTTPSamplerBase: Existing CookieManager HTTP cookie manager superseded by HTTP cookie manager
2026-01-27 17:18:34,579 WARN o.a.j.p.h.s.HTTPSamplerBase: Existing CookieManager HTTP cookie manager superseded by HTTP cookie manager
2026-01-27 17:18:34,584 WARN o.a.j.p.h.s.HTTPSamplerBase: Existing CookieManager HTTP cookie manager superseded by HTTP cookie manager
2026-01-27 17:18:34,625 WARN o.a.j.p.h.s.HTTPSamplerBase: Existing CookieManager HTTP cookie manager superseded by HTTP cookie manager
2026-01-27 17:18:34,640 WARN o.a.j.p.h.s.HTTPSamplerBase: Existing CookieManager HTTP cookie manager superseded by HTTP cookie manager
2026-01-27 17:18:34,664 WARN o.a.j.p.h.s.HTTPSamplerBase: Existing CookieManager HTTP cookie manager superseded by HTTP cookie manager
2026-01-27 17:18:34,719 WARN o.a.j.p.h.s.HTTPSamplerBase: Existing CookieManager HTTP cookie manager superseded by HTTP cookie manager
2026-01-27 17:18:34,776 WARN o.a.j.p.h.s.HTTPSamplerBase: Existing CookieManager HTTP cookie manager superseded by HTTP cookie manager
2026-01-27 17:18:34,891 WARN o.a.j.p.h.s.HTTPSamplerBase: Existing CookieManager HTTP cookie manager superseded by HTTP cookie manager
2026-01-27 17:18:34,966 WARN o.a.j.p.h.s.HTTPSamplerBase: Existing CookieManager HTTP cookie manager superseded by HTTP cookie manager
2026-01-27 17:18:34,966 WARN o.a.j.p.h.s.HTTPSamplerBase: Existing CookieManager HTTP cookie manager superseded by HTTP cookie manager
2026-01-27 17:18:34,997 WARN o.a.j.p.h.s.HTTPSamplerBase: Existing CookieManager HTTP cookie manager superseded by HTTP cookie manager
2026-01-27 17:18:35,020 WARN o.a.j.p.h.s.HTTPSamplerBase: Existing CookieManager HTTP cookie manager superseded by HTTP cookie manager
2026-01-27 17:18:35,020 WARN o.a.j.p.h.s.HTTPSamplerBase: Existing CookieManager HTTP cookie manager superseded by HTTP cookie manager
2026-01-27 17:18:35,065 WARN o.a.j.p.h.s.HTTPSamplerBase: Existing CookieManager HTTP cookie manager superseded by HTTP cookie manager
2026-01-27 17:18:35,070 WARN o.a.j.p.h.s.HTTPSamplerBase: Existing CookieManager HTTP cookie manager superseded by HTTP cookie manager
2026-01-27 17:18:35,072 WARN o.a.j.p.h.s.HTTPSamplerBase: Existing CookieManager HTTP cookie manager superseded by HTTP cookie manager
2026-01-27 17:18:35,087 WARN o.a.j.p.h.s.HTTPSamplerBase: Existing CookieManager HTTP cookie manager superseded by HTTP cookie manager
2026-01-27 17:18:35,112 WARN o.a.j.p.h.s.HTTPSamplerBase: Existing CookieManager HTTP cookie manager superseded by HTTP cookie manager
2026-01-27 17:18:35,112 WARN o.a.j.p.h.s.HTTPSamplerBase: Existing CookieManager HTTP cookie manager superseded by HTTP cookie manager
2026-01-27 17:18:35,140 WARN o.a.j.p.h.s.HTTPSamplerBase: Existing CookieManager HTTP cookie manager superseded by HTTP cookie manager
2026-01-27 17:18:35,170 WARN o.a.j.p.h.s.HTTPSamplerBase: Existing CookieManager HTTP cookie manager superseded by HTTP cookie manager
2026-01-27 17:18:35,183 WARN o.a.j.p.h.s.HTTPSamplerBase: Existing CookieManager HTTP cookie manager superseded by HTTP cookie manager
2026-01-27 17:18:35,227 WARN o.a.j.p.h.s.HTTPSamplerBase: Existing CookieManager HTTP cookie manager superseded by HTTP cookie manager
2026-01-27 17:18:35,257 WARN o.a.j.p.h.s.HTTPSamplerBase: Existing CookieManager HTTP cookie manager superseded by HTTP cookie manager
2026-01-27 17:18:35,314 WARN o.a.j.p.h.s.HTTPSamplerBase: Existing CookieManager HTTP cookie manager superseded by HTTP cookie manager
2026-01-27 17:18:35,353 WARN o.a.j.p.h.s.HTTPSamplerBase: Existing CookieManager HTTP cookie manager superseded by HTTP cookie manager
2026-01-27 17:18:35,394 WARN o.a.j.p.h.s.HTTPSamplerBase: Existing CookieManager HTTP cookie manager superseded by HTTP cookie manager
2026-01-27 17:18:35,400 WARN o.a.j.p.h.s.HTTPSamplerBase: Existing CookieManager HTTP cookie manager superseded by HTTP cookie manager
2026-01-27 17:18:35,411 WARN o.a.j.p.h.s.HTTPSamplerBase: Existing CookieManager HTTP cookie manager superseded by HTTP cookie manager
2026-01-27 17:18:35,451 WARN o.a.j.p.h.s.HTTPSamplerBase: Existing CookieManager HTTP cookie manager superseded by HTTP cookie manager
2026-01-27 17:18:35,452 WARN o.a.j.p.h.s.HTTPSamplerBase: Existing CookieManager HTTP cookie manager superseded by HTTP cookie manager
2026-01-27 17:18:35,473 WARN o.a.j.p.h.s.HTTPSamplerBase: Existing CookieManager HTTP cookie manager superseded by HTTP cookie manager
2026-01-27 17:18:35,480 WARN o.a.j.p.h.s.HTTPSamplerBase: Existing CookieManager HTTP cookie manager superseded by HTTP cookie manager
2026-01-27 17:18:35,485 WARN o.a.j.p.h.s.HTTPSamplerBase: Existing CookieManager HTTP cookie manager superseded by HTTP cookie manager
2026-01-27 17:18:35,495 WARN o.a.j.p.h.s.HTTPSamplerBase: Existing CookieManager HTTP cookie manager superseded by HTTP cookie manager
2026-01-27 17:18:35,586 WARN o.a.j.p.h.s.HTTPSamplerBase: Existing CookieManager HTTP cookie manager superseded by HTTP cookie manager
2026-01-27 17:18:35,621 WARN o.a.j.p.h.s.HTTPSamplerBase: Existing CookieManager HTTP cookie manager superseded by HTTP cookie manager
2026-01-27 17:18:35,625 WARN o.a.j.p.h.s.HTTPSamplerBase: Existing CookieManager HTTP cookie manager superseded by HTTP cookie manager
2026-01-27 17:18:35,628 WARN o.a.j.p.h.s.HTTPSamplerBase: Existing CookieManager HTTP cookie manager superseded by HTTP cookie manager
2026-01-27 17:18:35,702 WARN o.a.j.p.h.s.HTTPSamplerBase: Existing CookieManager HTTP cookie manager superseded by HTTP cookie manager
2026-01-27 17:18:35,716 WARN o.a.j.p.h.s.HTTPSamplerBase: Existing CookieManager HTTP cookie manager superseded by HTTP cookie manager
2026-01-27 17:18:35,730 WARN o.a.j.p.h.s.HTTPSamplerBase: Existing CookieManager HTTP cookie manager superseded by HTTP cookie manager
2026-01-27 17:18:35,774 WARN o.a.j.p.h.s.HTTPSamplerBase: Existing CookieManager HTTP cookie manager superseded by HTTP cookie manager
2026-01-27 17:18:35,782 WARN o.a.j.p.h.s.HTTPSamplerBase: Existing CookieManager HTTP cookie manager superseded by HTTP cookie manager
2026-01-27 17:18:35,828 WARN o.a.j.p.h.s.HTTPSamplerBase: Existing CookieManager HTTP cookie manager superseded by HTTP cookie manager
2026-01-27 17:18:35,848 WARN o.a.j.p.h.s.HTTPSamplerBase: Existing CookieManager HTTP cookie manager superseded by HTTP cookie manager
2026-01-27 17:18:35,883 WARN o.a.j.p.h.s.HTTPSamplerBase: Existing CookieManager HTTP cookie manager superseded by HTTP cookie manager
2026-01-27 17:18:35,883 WARN o.a.j.p.h.s.HTTPSamplerBase: Existing CookieManager HTTP cookie manager superseded by HTTP cookie manager
2026-01-27 17:18:35,975 WARN o.a.j.p.h.s.HTTPSamplerBase: Existing CookieManager HTTP cookie manager superseded by HTTP cookie manager
2026-01-27 17:18:35,988 WARN o.a.j.p.h.s.HTTPSamplerBase: Existing CookieManager HTTP cookie manager superseded by HTTP cookie manager
2026-01-27 17:18:35,998 WARN o.a.j.p.h.s.HTTPSamplerBase: Existing CookieManager HTTP cookie manager superseded by HTTP cookie manager
2026-01-27 17:18:36,024 WARN o.a.j.p.h.s.HTTPSamplerBase: Existing CookieManager HTTP cookie manager superseded by HTTP cookie manager
2026-01-27 17:18:36,049 WARN o.a.j.p.h.s.HTTPSamplerBase: Existing CookieManager HTTP cookie manager superseded by HTTP cookie manager
2026-01-27 17:18:36,095 WARN o.a.j.p.h.s.HTTPSamplerBase: Existing CookieManager HTTP cookie manager superseded by HTTP cookie manager
2026-01-27 17:18:36,105 WARN o.a.j.p.h.s.HTTPSamplerBase: Existing CookieManager HTTP cookie manager superseded by HTTP cookie manager
2026-01-27 17:18:36,147 WARN o.a.j.p.h.s.HTTPSamplerBase: Existing CookieManager HTTP cookie manager superseded by HTTP cookie manager
2026-01-27 17:18:36,154 WARN o.a.j.p.h.s.HTTPSamplerBase: Existing CookieManager HTTP cookie manager superseded by HTTP cookie manager
2026-01-27 17:18:36,175 WARN o.a.j.p.h.s.HTTPSamplerBase: Existing CookieManager HTTP cookie manager superseded by HTTP cookie manager
2026-01-27 17:18:36,178 WARN o.a.j.p.h.s.HTTPSamplerBase: Existing CookieManager HTTP cookie manager superseded by HTTP cookie manager
2026-01-27 17:18:36,193 WARN o.a.j.p.h.s.HTTPSamplerBase: Existing CookieManager HTTP cookie manager superseded by HTTP cookie manager
2026-01-27 17:18:36,206 WARN o.a.j.p.h.s.HTTPSamplerBase: Existing CookieManager HTTP cookie manager superseded by HTTP cookie manager
2026-01-27 17:18:36,243 WARN o.a.j.p.h.s.HTTPSamplerBase: Existing CookieManager HTTP cookie manager superseded by HTTP cookie manager
2026-01-27 17:18:36,243 WARN o.a.j.p.h.s.HTTPSamplerBase: Existing CookieManager HTTP cookie manager superseded by HTTP cookie manager
2026-01-27 17:18:36,385 WARN o.a.j.p.h.s.HTTPSamplerBase: Existing CookieManager HTTP cookie manager superseded by HTTP cookie manager
2026-01-27 17:18:36,449 WARN o.a.j.p.h.s.HTTPSamplerBase: Existing CookieManager HTTP cookie manager superseded by HTTP cookie manager
2026-01-27 17:18:36,498 WARN o.a.j.p.h.s.HTTPSamplerBase: Existing CookieManager HTTP cookie manager superseded by HTTP cookie manager
2026-01-27 17:18:36,508 WARN o.a.j.p.h.s.HTTPSamplerBase: Existing CookieManager HTTP cookie manager superseded by HTTP cookie manager
2026-01-27 17:18:36,515 WARN o.a.j.p.h.s.HTTPSamplerBase: Existing CookieManager HTTP cookie manager superseded by HTTP cookie manager
2026-01-27 17:18:36,527 WARN o.a.j.p.h.s.HTTPSamplerBase: Existing CookieManager HTTP cookie manager superseded by HTTP cookie manager
2026-01-27 17:18:36,557 WARN o.a.j.p.h.s.HTTPSamplerBase: Existing CookieManager HTTP cookie manager superseded by HTTP cookie manager
2026-01-27 17:18:36,568 WARN o.a.j.p.h.s.HTTPSamplerBase: Existing CookieManager HTTP cookie manager superseded by HTTP cookie manager
2026-01-27 17:18:36,595 WARN o.a.j.p.h.s.HTTPSamplerBase: Existing CookieManager HTTP cookie manager superseded by HTTP cookie manager
2026-01-27 17:18:36,615 WARN o.a.j.p.h.s.HTTPSamplerBase: Existing CookieManager HTTP cookie manager superseded by HTTP cookie manager
2026-01-27 17:18:36,639 WARN o.a.j.p.h.s.HTTPSamplerBase: Existing CookieManager HTTP cookie manager superseded by HTTP cookie manager
2026-01-27 17:18:36,651 WARN o.a.j.p.h.s.HTTPSamplerBase: Existing CookieManager HTTP cookie manager superseded by HTTP cookie manager
2026-01-27 17:18:36,653 WARN o.a.j.p.h.s.HTTPSamplerBase: Existing CookieManager HTTP cookie manager superseded by HTTP cookie manager
2026-01-27 17:18:36,661 WARN o.a.j.p.h.s.HTTPSamplerBase: Existing CookieManager HTTP cookie manager superseded by HTTP cookie manager
2026-01-27 17:18:36,682 WARN o.a.j.p.h.s.HTTPSamplerBase: Existing CookieManager HTTP cookie manager superseded by HTTP cookie manager
2026-01-27 17:18:36,694 WARN o.a.j.p.h.s.HTTPSamplerBase: Existing CookieManager HTTP cookie manager superseded by HTTP cookie manager
2026-01-27 17:18:36,740 WARN o.a.j.p.h.s.HTTPSamplerBase: Existing CookieManager HTTP cookie manager superseded by HTTP cookie manager
2026-01-27 17:18:36,769 WARN o.a.j.p.h.s.HTTPSamplerBase: Existing CookieManager HTTP cookie manager superseded by HTTP cookie manager
2026-01-27 17:18:36,810 WARN o.a.j.p.h.s.HTTPSamplerBase: Existing CookieManager HTTP cookie manager superseded by HTTP cookie manager
2026-01-27 17:18:36,852 WARN o.a.j.p.h.s.HTTPSamplerBase: Existing CookieManager HTTP cookie manager superseded by HTTP cookie manager
2026-01-27 17:18:36,923 WARN o.a.j.p.h.s.HTTPSamplerBase: Existing CookieManager HTTP cookie manager superseded by HTTP cookie manager
2026-01-27 17:18:36,943 WARN o.a.j.p.h.s.HTTPSamplerBase: Existing CookieManager HTTP cookie manager superseded by HTTP cookie manager
2026-01-27 17:18:36,954 WARN o.a.j.p.h.s.HTTPSamplerBase: Existing CookieManager HTTP cookie manager superseded by HTTP cookie manager
2026-01-27 17:18:36,954 WARN o.a.j.p.h.s.HTTPSamplerBase: Existing CookieManager HTTP cookie manager superseded by HTTP cookie manager
2026-01-27 17:18:36,961 WARN o.a.j.p.h.s.HTTPSamplerBase: Existing CookieManager HTTP cookie manager superseded by HTTP cookie manager
2026-01-27 17:18:36,965 WARN o.a.j.p.h.s.HTTPSamplerBase: Existing CookieManager HTTP cookie manager superseded by HTTP cookie manager
2026-01-27 17:18:36,981 WARN o.a.j.p.h.s.HTTPSamplerBase: Existing CookieManager HTTP cookie manager superseded by HTTP cookie manager
2026-01-27 17:18:36,991 WARN o.a.j.p.h.s.HTTPSamplerBase: Existing CookieManager HTTP cookie manager superseded by HTTP cookie manager
2026-01-27 17:18:37,113 WARN o.a.j.p.h.s.HTTPSamplerBase: Existing CookieManager HTTP cookie manager superseded by HTTP cookie manager
2026-01-27 17:18:37,128 WARN o.a.j.p.h.s.HTTPSamplerBase: Existing CookieManager HTTP cookie manager superseded by HTTP cookie manager
2026-01-27 17:18:37,129 WARN o.a.j.p.h.s.HTTPSamplerBase: Existing CookieManager HTTP cookie manager superseded by HTTP cookie manager
2026-01-27 17:18:37,136 WARN o.a.j.p.h.s.HTTPSamplerBase: Existing CookieManager HTTP cookie manager superseded by HTTP cookie manager
2026-01-27 17:18:37,176 WARN o.a.j.p.h.s.HTTPSamplerBase: Existing CookieManager HTTP cookie manager superseded by HTTP cookie manager
2026-01-27 17:18:37,185 WARN o.a.j.p.h.s.HTTPSamplerBase: Existing CookieManager HTTP cookie manager superseded by HTTP cookie manager
2026-01-27 17:18:37,204 WARN o.a.j.p.h.s.HTTPSamplerBase: Existing CookieManager HTTP cookie manager superseded by HTTP cookie manager
2026-01-27 17:18:37,218 WARN o.a.j.p.h.s.HTTPSamplerBase: Existing CookieManager HTTP cookie manager superseded by HTTP cookie manager
2026-01-27 17:18:37,225 WARN o.a.j.p.h.s.HTTPSamplerBase: Existing CookieManager HTTP cookie manager superseded by HTTP cookie manager
2026-01-27 17:18:37,235 WARN o.a.j.p.h.s.HTTPSamplerBase: Existing CookieManager HTTP cookie manager superseded by HTTP cookie manager
2026-01-27 17:18:37,238 WARN o.a.j.p.h.s.HTTPSamplerBase: Existing CookieManager HTTP cookie manager superseded by HTTP cookie manager
2026-01-27 17:18:37,286 WARN o.a.j.p.h.s.HTTPSamplerBase: Existing CookieManager HTTP cookie manager superseded by HTTP cookie manager
2026-01-27 17:18:37,323 WARN o.a.j.p.h.s.HTTPSamplerBase: Existing CookieManager HTTP cookie manager superseded by HTTP cookie manager
2026-01-27 17:18:37,380 WARN o.a.j.p.h.s.HTTPSamplerBase: Existing CookieManager HTTP cookie manager superseded by HTTP cookie manager
2026-01-27 17:18:37,392 WARN o.a.j.p.h.s.HTTPSamplerBase: Existing CookieManager HTTP cookie manager superseded by HTTP cookie manager
2026-01-27 17:18:37,418 WARN o.a.j.p.h.s.HTTPSamplerBase: Existing CookieManager HTTP cookie manager superseded by HTTP cookie manager
2026-01-27 17:18:37,432 WARN o.a.j.p.h.s.HTTPSamplerBase: Existing CookieManager HTTP cookie manager superseded by HTTP cookie manager
2026-01-27 17:18:37,459 WARN o.a.j.p.h.s.HTTPSamplerBase: Existing CookieManager HTTP cookie manager superseded by HTTP cookie manager
2026-01-27 17:18:37,464 WARN o.a.j.p.h.s.HTTPSamplerBase: Existing CookieManager HTTP cookie manager superseded by HTTP cookie manager
2026-01-27 17:18:37,472 WARN o.a.j.p.h.s.HTTPSamplerBase: Existing CookieManager HTTP cookie manager superseded by HTTP cookie manager
2026-01-27 17:18:37,486 WARN o.a.j.p.h.s.HTTPSamplerBase: Existing CookieManager HTTP cookie manager superseded by HTTP cookie manager
2026-01-27 17:18:37,512 WARN o.a.j.p.h.s.HTTPSamplerBase: Existing CookieManager HTTP cookie manager superseded by HTTP cookie manager
2026-01-27 17:18:37,543 WARN o.a.j.p.h.s.HTTPSamplerBase: Existing CookieManager HTTP cookie manager superseded by HTTP cookie manager
2026-01-27 17:18:37,557 WARN o.a.j.p.h.s.HTTPSamplerBase: Existing CookieManager HTTP cookie manager superseded by HTTP cookie manager
2026-01-27 17:18:37,574 WARN o.a.j.p.h.s.HTTPSamplerBase: Existing CookieManager HTTP cookie manager superseded by HTTP cookie manager
2026-01-27 17:18:37,602 WARN o.a.j.p.h.s.HTTPSamplerBase: Existing CookieManager HTTP cookie manager superseded by HTTP cookie manager
2026-01-27 17:18:37,679 WARN o.a.j.p.h.s.HTTPSamplerBase: Existing CookieManager HTTP cookie manager superseded by HTTP cookie manager
2026-01-27 17:18:37,685 WARN o.a.j.p.h.s.HTTPSamplerBase: Existing CookieManager HTTP cookie manager superseded by HTTP cookie manager
2026-01-27 17:18:37,701 WARN o.a.j.p.h.s.HTTPSamplerBase: Existing CookieManager HTTP cookie manager superseded by HTTP cookie manager
2026-01-27 17:18:37,712 WARN o.a.j.p.h.s.HTTPSamplerBase: Existing CookieManager HTTP cookie manager superseded by HTTP cookie manager
2026-01-27 17:18:37,727 WARN o.a.j.p.h.s.HTTPSamplerBase: Existing CookieManager HTTP cookie manager superseded by HTTP cookie manager
2026-01-27 17:18:37,743 WARN o.a.j.p.h.s.HTTPSamplerBase: Existing CookieManager HTTP cookie manager superseded by HTTP cookie manager
2026-01-27 17:18:37,752 WARN o.a.j.p.h.s.HTTPSamplerBase: Existing CookieManager HTTP cookie manager superseded by HTTP cookie manager
2026-01-27 17:18:37,767 WARN o.a.j.p.h.s.HTTPSamplerBase: Existing CookieManager HTTP cookie manager superseded by HTTP cookie manager
2026-01-27 17:18:37,767 WARN o.a.j.p.h.s.HTTPSamplerBase: Existing CookieManager HTTP cookie manager superseded by HTTP cookie manager
2026-01-27 17:18:37,816 WARN o.a.j.p.h.s.HTTPSamplerBase: Existing CookieManager HTTP cookie manager superseded by HTTP cookie manager
2026-01-27 17:18:37,840 WARN o.a.j.p.h.s.HTTPSamplerBase: Existing CookieManager HTTP cookie manager superseded by HTTP cookie manager
2026-01-27 17:18:37,848 WARN o.a.j.p.h.s.HTTPSamplerBase: Existing CookieManager HTTP cookie manager superseded by HTTP cookie manager
2026-01-27 17:18:37,874 WARN o.a.j.p.h.s.HTTPSamplerBase: Existing CookieManager HTTP cookie manager superseded by HTTP cookie manager
2026-01-27 17:18:37,891 WARN o.a.j.p.h.s.HTTPSamplerBase: Existing CookieManager HTTP cookie manager superseded by HTTP cookie manager
2026-01-27 17:18:37,899 WARN o.a.j.p.h.s.HTTPSamplerBase: Existing CookieManager HTTP cookie manager superseded by HTTP cookie manager
2026-01-27 17:18:37,937 WARN o.a.j.p.h.s.HTTPSamplerBase: Existing CookieManager HTTP cookie manager superseded by HTTP cookie manager
2026-01-27 17:18:37,942 WARN o.a.j.p.h.s.HTTPSamplerBase: Existing CookieManager HTTP cookie manager superseded by HTTP cookie manager
2026-01-27 17:18:37,942 WARN o.a.j.p.h.s.HTTPSamplerBase: Existing CookieManager HTTP cookie manager superseded by HTTP cookie manager
2026-01-27 17:18:37,943 WARN o.a.j.p.h.s.HTTPSamplerBase: Existing CookieManager HTTP cookie manager superseded by HTTP cookie manager
2026-01-27 17:18:37,948 WARN o.a.j.p.h.s.HTTPSamplerBase: Existing CookieManager HTTP cookie manager superseded by HTTP cookie manager
2026-01-27 17:18:37,952 WARN o.a.j.p.h.s.HTTPSamplerBase: Existing CookieManager HTTP cookie manager superseded by HTTP cookie manager
2026-01-27 17:18:37,980 WARN o.a.j.p.h.s.HTTPSamplerBase: Existing CookieManager HTTP cookie manager superseded by HTTP cookie manager
2026-01-27 17:18:37,984 WARN o.a.j.p.h.s.HTTPSamplerBase: Existing CookieManager HTTP cookie manager superseded by HTTP cookie manager
2026-01-27 17:18:37,988 WARN o.a.j.p.h.s.HTTPSamplerBase: Existing CookieManager HTTP cookie manager superseded by HTTP cookie manager
2026-01-27 17:18:37,989 WARN o.a.j.p.h.s.HTTPSamplerBase: Existing CookieManager HTTP cookie manager superseded by HTTP cookie manager
2026-01-27 17:18:37,999 WARN o.a.j.p.h.s.HTTPSamplerBase: Existing CookieManager HTTP cookie manager superseded by HTTP cookie manager
2026-01-27 17:18:38,001 WARN o.a.j.p.h.s.HTTPSamplerBase: Existing CookieManager HTTP cookie manager superseded by HTTP cookie manager
2026-01-27 17:18:38,007 WARN o.a.j.p.h.s.HTTPSamplerBase: Existing CookieManager HTTP cookie manager superseded by HTTP cookie manager
2026-01-27 17:18:38,027 WARN o.a.j.p.h.s.HTTPSamplerBase: Existing CookieManager HTTP cookie manager superseded by HTTP cookie manager
2026-01-27 17:18:38,052 WARN o.a.j.p.h.s.HTTPSamplerBase: Existing CookieManager HTTP cookie manager superseded by HTTP cookie manager
2026-01-27 17:18:38,068 WARN o.a.j.p.h.s.HTTPSamplerBase: Existing CookieManager HTTP cookie manager superseded by HTTP cookie manager
2026-01-27 17:18:38,080 WARN o.a.j.p.h.s.HTTPSamplerBase: Existing CookieManager HTTP cookie manager superseded by HTTP cookie manager
2026-01-27 17:18:38,105 WARN o.a.j.p.h.s.HTTPSamplerBase: Existing CookieManager HTTP cookie manager superseded by HTTP cookie manager
2026-01-27 17:18:38,119 WARN o.a.j.p.h.s.HTTPSamplerBase: Existing CookieManager HTTP cookie manager superseded by HTTP cookie manager
2026-01-27 17:18:38,123 WARN o.a.j.p.h.s.HTTPSamplerBase: Existing CookieManager HTTP cookie manager superseded by HTTP cookie manager
2026-01-27 17:18:38,168 WARN o.a.j.p.h.s.HTTPSamplerBase: Existing CookieManager HTTP cookie manager superseded by HTTP cookie manager
2026-01-27 17:18:38,173 WARN o.a.j.p.h.s.HTTPSamplerBase: Existing CookieManager HTTP cookie manager superseded by HTTP cookie manager
2026-01-27 17:18:38,210 WARN o.a.j.p.h.s.HTTPSamplerBase: Existing CookieManager HTTP cookie manager superseded by HTTP cookie manager
2026-01-27 17:18:38,211 WARN o.a.j.p.h.s.HTTPSamplerBase: Existing CookieManager HTTP cookie manager superseded by HTTP cookie manager
2026-01-27 17:18:38,218 WARN o.a.j.p.h.s.HTTPSamplerBase: Existing CookieManager HTTP cookie manager superseded by HTTP cookie manager
2026-01-27 17:18:38,231 WARN o.a.j.p.h.s.HTTPSamplerBase: Existing CookieManager HTTP cookie manager superseded by HTTP cookie manager
2026-01-27 17:18:38,269 WARN o.a.j.p.h.s.HTTPSamplerBase: Existing CookieManager HTTP cookie manager superseded by HTTP cookie manager
2026-01-27 17:18:38,278 WARN o.a.j.p.h.s.HTTPSamplerBase: Existing CookieManager HTTP cookie manager superseded by HTTP cookie manager
2026-01-27 17:18:38,281 WARN o.a.j.p.h.s.HTTPSamplerBase: Existing CookieManager HTTP cookie manager superseded by HTTP cookie manager
2026-01-27 17:18:38,351 WARN o.a.j.p.h.s.HTTPSamplerBase: Existing CookieManager HTTP cookie manager superseded by HTTP cookie manager
2026-01-27 17:18:38,391 WARN o.a.j.p.h.s.HTTPSamplerBase: Existing CookieManager HTTP cookie manager superseded by HTTP cookie manager
2026-01-27 17:18:38,398 WARN o.a.j.p.h.s.HTTPSamplerBase: Existing CookieManager HTTP cookie manager superseded by HTTP cookie manager
2026-01-27 17:18:38,401 WARN o.a.j.p.h.s.HTTPSamplerBase: Existing CookieManager HTTP cookie manager superseded by HTTP cookie manager
2026-01-27 17:18:38,446 WARN o.a.j.p.h.s.HTTPSamplerBase: Existing CookieManager HTTP cookie manager superseded by HTTP cookie manager
2026-01-27 17:18:38,449 WARN o.a.j.p.h.s.HTTPSamplerBase: Existing CookieManager HTTP cookie manager superseded by HTTP cookie manager
2026-01-27 17:18:38,475 WARN o.a.j.p.h.s.HTTPSamplerBase: Existing CookieManager HTTP cookie manager superseded by HTTP cookie manager
2026-01-27 17:18:38,502 WARN o.a.j.p.h.s.HTTPSamplerBase: Existing CookieManager HTTP cookie manager superseded by HTTP cookie manager
2026-01-27 17:18:38,507 WARN o.a.j.p.h.s.HTTPSamplerBase: Existing CookieManager HTTP cookie manager superseded by HTTP cookie manager
2026-01-27 17:18:38,518 WARN o.a.j.p.h.s.HTTPSamplerBase: Existing CookieManager HTTP cookie manager superseded by HTTP cookie manager
2026-01-27 17:18:38,537 WARN o.a.j.p.h.s.HTTPSamplerBase: Existing CookieManager HTTP cookie manager superseded by HTTP cookie manager
2026-01-27 17:18:38,543 WARN o.a.j.p.h.s.HTTPSamplerBase: Existing CookieManager HTTP cookie manager superseded by HTTP cookie manager
2026-01-27 17:18:38,555 WARN o.a.j.p.h.s.HTTPSamplerBase: Existing CookieManager HTTP cookie manager superseded by HTTP cookie manager
2026-01-27 17:18:38,575 WARN o.a.j.p.h.s.HTTPSamplerBase: Existing CookieManager HTTP cookie manager superseded by HTTP cookie manager
2026-01-27 17:18:38,581 WARN o.a.j.p.h.s.HTTPSamplerBase: Existing CookieManager HTTP cookie manager superseded by HTTP cookie manager
2026-01-27 17:18:38,625 WARN o.a.j.p.h.s.HTTPSamplerBase: Existing CookieManager HTTP cookie manager superseded by HTTP cookie manager
2026-01-27 17:18:38,637 WARN o.a.j.p.h.s.HTTPSamplerBase: Existing CookieManager HTTP cookie manager superseded by HTTP cookie manager
2026-01-27 17:18:38,679 WARN o.a.j.p.h.s.HTTPSamplerBase: Existing CookieManager HTTP cookie manager superseded by HTTP cookie manager
2026-01-27 17:18:38,684 WARN o.a.j.p.h.s.HTTPSamplerBase: Existing CookieManager HTTP cookie manager superseded by HTTP cookie manager
2026-01-27 17:18:38,686 WARN o.a.j.p.h.s.HTTPSamplerBase: Existing CookieManager HTTP cookie manager superseded by HTTP cookie manager
2026-01-27 17:18:38,693 WARN o.a.j.p.h.s.HTTPSamplerBase: Existing CookieManager HTTP cookie manager superseded by HTTP cookie manager
2026-01-27 17:18:38,699 WARN o.a.j.p.h.s.HTTPSamplerBase: Existing CookieManager HTTP cookie manager superseded by HTTP cookie manager
2026-01-27 17:18:38,711 WARN o.a.j.p.h.s.HTTPSamplerBase: Existing CookieManager HTTP cookie manager superseded by HTTP cookie manager
2026-01-27 17:18:38,727 WARN o.a.j.p.h.s.HTTPSamplerBase: Existing CookieManager HTTP cookie manager superseded by HTTP cookie manager
2026-01-27 17:18:38,728 WARN o.a.j.p.h.s.HTTPSamplerBase: Existing CookieManager HTTP cookie manager superseded by HTTP cookie manager
2026-01-27 17:18:38,752 WARN o.a.j.p.h.s.HTTPSamplerBase: Existing CookieManager HTTP cookie manager superseded by HTTP cookie manager
2026-01-27 17:18:38,756 WARN o.a.j.p.h.s.HTTPSamplerBase: Existing CookieManager HTTP cookie manager superseded by HTTP cookie manager
2026-01-27 17:18:38,765 WARN o.a.j.p.h.s.HTTPSamplerBase: Existing CookieManager HTTP cookie manager superseded by HTTP cookie manager
2026-01-27 17:18:38,778 WARN o.a.j.p.h.s.HTTPSamplerBase: Existing CookieManager HTTP cookie manager superseded by HTTP cookie manager
2026-01-27 17:18:38,783 WARN o.a.j.p.h.s.HTTPSamplerBase: Existing CookieManager HTTP cookie manager superseded by HTTP cookie manager
2026-01-27 17:18:38,783 WARN o.a.j.p.h.s.HTTPSamplerBase: Existing CookieManager HTTP cookie manager superseded by HTTP cookie manager
2026-01-27 17:18:38,796 WARN o.a.j.p.h.s.HTTPSamplerBase: Existing CookieManager HTTP cookie manager superseded by HTTP cookie manager
2026-01-27 17:18:38,834 WARN o.a.j.p.h.s.HTTPSamplerBase: Existing CookieManager HTTP cookie manager superseded by HTTP cookie manager
2026-01-27 17:18:38,855 WARN o.a.j.p.h.s.HTTPSamplerBase: Existing CookieManager HTTP cookie manager superseded by HTTP cookie manager
2026-01-27 17:18:38,856 WARN o.a.j.p.h.s.HTTPSamplerBase: Existing CookieManager HTTP cookie manager superseded by HTTP cookie manager
2026-01-27 17:18:38,861 WARN o.a.j.p.h.s.HTTPSamplerBase: Existing CookieManager HTTP cookie manager superseded by HTTP cookie manager
2026-01-27 17:18:38,887 WARN o.a.j.p.h.s.HTTPSamplerBase: Existing CookieManager HTTP cookie manager superseded by HTTP cookie manager
2026-01-27 17:18:38,890 WARN o.a.j.p.h.s.HTTPSamplerBase: Existing CookieManager HTTP cookie manager superseded by HTTP cookie manager
2026-01-27 17:18:38,893 WARN o.a.j.p.h.s.HTTPSamplerBase: Existing CookieManager HTTP cookie manager superseded by HTTP cookie manager
2026-01-27 17:18:38,900 WARN o.a.j.p.h.s.HTTPSamplerBase: Existing CookieManager HTTP cookie manager superseded by HTTP cookie manager
2026-01-27 17:18:38,915 WARN o.a.j.p.h.s.HTTPSamplerBase: Existing CookieManager HTTP cookie manager superseded by HTTP cookie manager
2026-01-27 17:18:38,929 WARN o.a.j.p.h.s.HTTPSamplerBase: Existing CookieManager HTTP cookie manager superseded by HTTP cookie manager
2026-01-27 17:18:38,935 WARN o.a.j.p.h.s.HTTPSamplerBase: Existing CookieManager HTTP cookie manager superseded by HTTP cookie manager
2026-01-27 17:18:38,935 WARN o.a.j.p.h.s.HTTPSamplerBase: Existing CookieManager HTTP cookie manager superseded by HTTP cookie manager
2026-01-27 17:18:38,950 WARN o.a.j.p.h.s.HTTPSamplerBase: Existing CookieManager HTTP cookie manager superseded by HTTP cookie manager
2026-01-27 17:18:38,959 WARN o.a.j.p.h.s.HTTPSamplerBase: Existing CookieManager HTTP cookie manager superseded by HTTP cookie manager
2026-01-27 17:18:38,979 WARN o.a.j.p.h.s.HTTPSamplerBase: Existing CookieManager HTTP cookie manager superseded by HTTP cookie manager
2026-01-27 17:18:38,998 WARN o.a.j.p.h.s.HTTPSamplerBase: Existing CookieManager HTTP cookie manager superseded by HTTP cookie manager
2026-01-27 17:18:39,028 WARN o.a.j.p.h.s.HTTPSamplerBase: Existing CookieManager HTTP cookie manager superseded by HTTP cookie manager
2026-01-27 17:18:39,036 WARN o.a.j.p.h.s.HTTPSamplerBase: Existing CookieManager HTTP cookie manager superseded by HTTP cookie manager
2026-01-27 17:18:39,047 WARN o.a.j.p.h.s.HTTPSamplerBase: Existing CookieManager HTTP cookie manager superseded by HTTP cookie manager
2026-01-27 17:18:39,057 WARN o.a.j.p.h.s.HTTPSamplerBase: Existing CookieManager HTTP cookie manager superseded by HTTP cookie manager
2026-01-27 17:18:39,057 WARN o.a.j.p.h.s.HTTPSamplerBase: Existing CookieManager HTTP cookie manager superseded by HTTP cookie manager
2026-01-27 17:18:39,072 WARN o.a.j.p.h.s.HTTPSamplerBase: Existing CookieManager HTTP cookie manager superseded by HTTP cookie manager
2026-01-27 17:18:39,084 WARN o.a.j.p.h.s.HTTPSamplerBase: Existing CookieManager HTTP cookie manager superseded by HTTP cookie manager
2026-01-27 17:18:39,097 WARN o.a.j.p.h.s.HTTPSamplerBase: Existing CookieManager HTTP cookie manager superseded by HTTP cookie manager
2026-01-27 17:18:39,105 WARN o.a.j.p.h.s.HTTPSamplerBase: Existing CookieManager HTTP cookie manager superseded by HTTP cookie manager
2026-01-27 17:18:39,114 WARN o.a.j.p.h.s.HTTPSamplerBase: Existing CookieManager HTTP cookie manager superseded by HTTP cookie manager
2026-01-27 17:18:39,143 WARN o.a.j.p.h.s.HTTPSamplerBase: Existing CookieManager HTTP cookie manager superseded by HTTP cookie manager
2026-01-27 17:18:39,143 WARN o.a.j.p.h.s.HTTPSamplerBase: Existing CookieManager HTTP cookie manager superseded by HTTP cookie manager
2026-01-27 17:18:39,159 WARN o.a.j.p.h.s.HTTPSamplerBase: Existing CookieManager HTTP cookie manager superseded by HTTP cookie manager
2026-01-27 17:18:39,179 WARN o.a.j.p.h.s.HTTPSamplerBase: Existing CookieManager HTTP cookie manager superseded by HTTP cookie manager
2026-01-27 17:18:39,184 WARN o.a.j.p.h.s.HTTPSamplerBase: Existing CookieManager HTTP cookie manager superseded by HTTP cookie manager
2026-01-27 17:18:39,194 WARN o.a.j.p.h.s.HTTPSamplerBase: Existing CookieManager HTTP cookie manager superseded by HTTP cookie manager
2026-01-27 17:18:39,210 WARN o.a.j.p.h.s.HTTPSamplerBase: Existing CookieManager HTTP cookie manager superseded by HTTP cookie manager
2026-01-27 17:18:39,228 WARN o.a.j.p.h.s.HTTPSamplerBase: Existing CookieManager HTTP cookie manager superseded by HTTP cookie manager
2026-01-27 17:18:39,264 WARN o.a.j.p.h.s.HTTPSamplerBase: Existing CookieManager HTTP cookie manager superseded by HTTP cookie manager
2026-01-27 17:18:39,266 WARN o.a.j.p.h.s.HTTPSamplerBase: Existing CookieManager HTTP cookie manager superseded by HTTP cookie manager
2026-01-27 17:18:39,276 WARN o.a.j.p.h.s.HTTPSamplerBase: Existing CookieManager HTTP cookie manager superseded by HTTP cookie manager
2026-01-27 17:18:39,311 WARN o.a.j.p.h.s.HTTPSamplerBase: Existing CookieManager HTTP cookie manager superseded by HTTP cookie manager
2026-01-27 17:18:39,316 WARN o.a.j.p.h.s.HTTPSamplerBase: Existing CookieManager HTTP cookie manager superseded by HTTP cookie manager
2026-01-27 17:18:39,325 WARN o.a.j.p.h.s.HTTPSamplerBase: Existing CookieManager HTTP cookie manager superseded by HTTP cookie manager
2026-01-27 17:18:39,334 WARN o.a.j.p.h.s.HTTPSamplerBase: Existing CookieManager HTTP cookie manager superseded by HTTP cookie manager
2026-01-27 17:18:39,341 WARN o.a.j.p.h.s.HTTPSamplerBase: Existing CookieManager HTTP cookie manager superseded by HTTP cookie manager
2026-01-27 17:18:39,351 WARN o.a.j.p.h.s.HTTPSamplerBase: Existing CookieManager HTTP cookie manager superseded by HTTP cookie manager
2026-01-27 17:18:39,354 WARN o.a.j.p.h.s.HTTPSamplerBase: Existing CookieManager HTTP cookie manager superseded by HTTP cookie manager
2026-01-27 17:18:39,384 WARN o.a.j.p.h.s.HTTPSamplerBase: Existing CookieManager HTTP cookie manager superseded by HTTP cookie manager
2026-01-27 17:18:39,386 WARN o.a.j.p.h.s.HTTPSamplerBase: Existing CookieManager HTTP cookie manager superseded by HTTP cookie manager
2026-01-27 17:18:39,401 WARN o.a.j.p.h.s.HTTPSamplerBase: Existing CookieManager HTTP cookie manager superseded by HTTP cookie manager
2026-01-27 17:18:39,401 WARN o.a.j.p.h.s.HTTPSamplerBase: Existing CookieManager HTTP cookie manager superseded by HTTP cookie manager
2026-01-27 17:18:39,407 WARN o.a.j.p.h.s.HTTPSamplerBase: Existing CookieManager HTTP cookie manager superseded by HTTP cookie manager
2026-01-27 17:18:39,434 WARN o.a.j.p.h.s.HTTPSamplerBase: Existing CookieManager HTTP cookie manager superseded by HTTP cookie manager
2026-01-27 17:18:39,437 WARN o.a.j.p.h.s.HTTPSamplerBase: Existing CookieManager HTTP cookie manager superseded by HTTP cookie manager
2026-01-27 17:18:39,444 WARN o.a.j.p.h.s.HTTPSamplerBase: Existing CookieManager HTTP cookie manager superseded by HTTP cookie manager
2026-01-27 17:18:39,456 WARN o.a.j.p.h.s.HTTPSamplerBase: Existing CookieManager HTTP cookie manager superseded by HTTP cookie manager
2026-01-27 17:18:39,491 WARN o.a.j.p.h.s.HTTPSamplerBase: Existing CookieManager HTTP cookie manager superseded by HTTP cookie manager
2026-01-27 17:18:39,525 WARN o.a.j.p.h.s.HTTPSamplerBase: Existing CookieManager HTTP cookie manager superseded by HTTP cookie manager
2026-01-27 17:18:39,528 WARN o.a.j.p.h.s.HTTPSamplerBase: Existing CookieManager HTTP cookie manager superseded by HTTP cookie manager
2026-01-27 17:18:39,538 WARN o.a.j.p.h.s.HTTPSamplerBase: Existing CookieManager HTTP cookie manager superseded by HTTP cookie manager
2026-01-27 17:18:39,538 WARN o.a.j.p.h.s.HTTPSamplerBase: Existing CookieManager HTTP cookie manager superseded by HTTP cookie manager
2026-01-27 17:18:39,538 WARN o.a.j.p.h.s.HTTPSamplerBase: Existing CookieManager HTTP cookie manager superseded by HTTP cookie manager
2026-01-27 17:18:39,546 WARN o.a.j.p.h.s.HTTPSamplerBase: Existing CookieManager HTTP cookie manager superseded by HTTP cookie manager
2026-01-27 17:18:39,559 WARN o.a.j.p.h.s.HTTPSamplerBase: Existing CookieManager HTTP cookie manager superseded by HTTP cookie manager
2026-01-27 17:18:39,575 WARN o.a.j.p.h.s.HTTPSamplerBase: Existing CookieManager HTTP cookie manager superseded by HTTP cookie manager
2026-01-27 17:18:39,582 WARN o.a.j.p.h.s.HTTPSamplerBase: Existing CookieManager HTTP cookie manager superseded by HTTP cookie manager
2026-01-27 17:18:39,584 WARN o.a.j.p.h.s.HTTPSamplerBase: Existing CookieManager HTTP cookie manager superseded by HTTP cookie manager
2026-01-27 17:18:39,615 WARN o.a.j.p.h.s.HTTPSamplerBase: Existing CookieManager HTTP cookie manager superseded by HTTP cookie manager
2026-01-27 17:18:39,617 WARN o.a.j.p.h.s.HTTPSamplerBase: Existing CookieManager HTTP cookie manager superseded by HTTP cookie manager
2026-01-27 17:18:39,624 WARN o.a.j.p.h.s.HTTPSamplerBase: Existing CookieManager HTTP cookie manager superseded by HTTP cookie manager
2026-01-27 17:18:39,638 WARN o.a.j.p.h.s.HTTPSamplerBase: Existing CookieManager HTTP cookie manager superseded by HTTP cookie manager
2026-01-27 17:18:39,643 WARN o.a.j.p.h.s.HTTPSamplerBase: Existing CookieManager HTTP cookie manager superseded by HTTP cookie manager
2026-01-27 17:18:39,672 WARN o.a.j.p.h.s.HTTPSamplerBase: Existing CookieManager HTTP cookie manager superseded by HTTP cookie manager
2026-01-27 17:18:39,690 WARN o.a.j.p.h.s.HTTPSamplerBase: Existing CookieManager HTTP cookie manager superseded by HTTP cookie manager
2026-01-27 17:18:39,692 WARN o.a.j.p.h.s.HTTPSamplerBase: Existing CookieManager HTTP cookie manager superseded by HTTP cookie manager
2026-01-27 17:18:39,696 WARN o.a.j.p.h.s.HTTPSamplerBase: Existing CookieManager HTTP cookie manager superseded by HTTP cookie manager
2026-01-27 17:18:39,707 WARN o.a.j.p.h.s.HTTPSamplerBase: Existing CookieManager HTTP cookie manager superseded by HTTP cookie manager
2026-01-27 17:18:39,709 WARN o.a.j.p.h.s.HTTPSamplerBase: Existing CookieManager HTTP cookie manager superseded by HTTP cookie manager
2026-01-27 17:18:39,762 WARN o.a.j.p.h.s.HTTPSamplerBase: Existing CookieManager HTTP cookie manager superseded by HTTP cookie manager
2026-01-27 17:18:39,780 WARN o.a.j.p.h.s.HTTPSamplerBase: Existing CookieManager HTTP cookie manager superseded by HTTP cookie manager
2026-01-27 17:18:39,791 WARN o.a.j.p.h.s.HTTPSamplerBase: Existing CookieManager HTTP cookie manager superseded by HTTP cookie manager
2026-01-27 17:18:39,803 WARN o.a.j.p.h.s.HTTPSamplerBase: Existing CookieManager HTTP cookie manager superseded by HTTP cookie manager
2026-01-27 17:18:39,811 WARN o.a.j.p.h.s.HTTPSamplerBase: Existing CookieManager HTTP cookie manager superseded by HTTP cookie manager
2026-01-27 17:18:39,815 WARN o.a.j.p.h.s.HTTPSamplerBase: Existing CookieManager HTTP cookie manager superseded by HTTP cookie manager
2026-01-27 17:18:39,820 WARN o.a.j.p.h.s.HTTPSamplerBase: Existing CookieManager HTTP cookie manager superseded by HTTP cookie manager
2026-01-27 17:18:39,820 WARN o.a.j.p.h.s.HTTPSamplerBase: Existing CookieManager HTTP cookie manager superseded by HTTP cookie manager
2026-01-27 17:18:39,829 WARN o.a.j.p.h.s.HTTPSamplerBase: Existing CookieManager HTTP cookie manager superseded by HTTP cookie manager
2026-01-27 17:18:39,829 WARN o.a.j.p.h.s.HTTPSamplerBase: Existing CookieManager HTTP cookie manager superseded by HTTP cookie manager
2026-01-27 17:18:39,850 WARN o.a.j.p.h.s.HTTPSamplerBase: Existing CookieManager HTTP cookie manager superseded by HTTP cookie manager
2026-01-27 17:18:39,864 WARN o.a.j.p.h.s.HTTPSamplerBase: Existing CookieManager HTTP cookie manager superseded by HTTP cookie manager
2026-01-27 17:18:39,871 WARN o.a.j.p.h.s.HTTPSamplerBase: Existing CookieManager HTTP cookie manager superseded by HTTP cookie manager
2026-01-27 17:18:39,884 WARN o.a.j.p.h.s.HTTPSamplerBase: Existing CookieManager HTTP cookie manager superseded by HTTP cookie manager
2026-01-27 17:18:39,902 WARN o.a.j.p.h.s.HTTPSamplerBase: Existing CookieManager HTTP cookie manager superseded by HTTP cookie manager
2026-01-27 17:18:39,935 WARN o.a.j.p.h.s.HTTPSamplerBase: Existing CookieManager HTTP cookie manager superseded by HTTP cookie manager
2026-01-27 17:18:39,952 WARN o.a.j.p.h.s.HTTPSamplerBase: Existing CookieManager HTTP cookie manager superseded by HTTP cookie manager
2026-01-27 17:18:39,961 WARN o.a.j.p.h.s.HTTPSamplerBase: Existing CookieManager HTTP cookie manager superseded by HTTP cookie manager
2026-01-27 17:18:39,975 WARN o.a.j.p.h.s.HTTPSamplerBase: Existing CookieManager HTTP cookie manager superseded by HTTP cookie manager
2026-01-27 17:18:39,998 WARN o.a.j.p.h.s.HTTPSamplerBase: Existing CookieManager HTTP cookie manager superseded by HTTP cookie manager
2026-01-27 17:18:40,032 WARN o.a.j.p.h.s.HTTPSamplerBase: Existing CookieManager HTTP cookie manager superseded by HTTP cookie manager
2026-01-27 17:18:40,100 WARN o.a.j.p.h.s.HTTPSamplerBase: Existing CookieManager HTTP cookie manager superseded by HTTP cookie manager
2026-01-27 17:18:40,102 WARN o.a.j.p.h.s.HTTPSamplerBase: Existing CookieManager HTTP cookie manager superseded by HTTP cookie manager
2026-01-27 17:18:40,145 WARN o.a.j.p.h.s.HTTPSamplerBase: Existing CookieManager HTTP cookie manager superseded by HTTP cookie manager
2026-01-27 17:18:40,171 WARN o.a.j.p.h.s.HTTPSamplerBase: Existing CookieManager HTTP cookie manager superseded by HTTP cookie manager
2026-01-27 17:18:40,215 WARN o.a.j.p.h.s.HTTPSamplerBase: Existing CookieManager HTTP cookie manager superseded by HTTP cookie manager
2026-01-27 17:18:40,223 WARN o.a.j.p.h.s.HTTPSamplerBase: Existing CookieManager HTTP cookie manager superseded by HTTP cookie manager
2026-01-27 17:18:40,225 WARN o.a.j.p.h.s.HTTPSamplerBase: Existing CookieManager HTTP cookie manager superseded by HTTP cookie manager
2026-01-27 17:18:40,244 WARN o.a.j.p.h.s.HTTPSamplerBase: Existing CookieManager HTTP cookie manager superseded by HTTP cookie manager
2026-01-27 17:18:40,350 WARN o.a.j.p.h.s.HTTPSamplerBase: Existing CookieManager HTTP cookie manager superseded by HTTP cookie manager
2026-01-27 17:18:40,382 WARN o.a.j.p.h.s.HTTPSamplerBase: Existing CookieManager HTTP cookie manager superseded by HTTP cookie manager
2026-01-27 17:18:40,417 WARN o.a.j.p.h.s.HTTPSamplerBase: Existing CookieManager HTTP cookie manager superseded by HTTP cookie manager
2026-01-27 17:18:40,433 WARN o.a.j.p.h.s.HTTPSamplerBase: Existing CookieManager HTTP cookie manager superseded by HTTP cookie manager
2026-01-27 17:18:40,437 WARN o.a.j.p.h.s.HTTPSamplerBase: Existing CookieManager HTTP cookie manager superseded by HTTP cookie manager
2026-01-27 17:18:40,454 WARN o.a.j.p.h.s.HTTPSamplerBase: Existing CookieManager HTTP cookie manager superseded by HTTP cookie manager
2026-01-27 17:18:40,454 WARN o.a.j.p.h.s.HTTPSamplerBase: Existing CookieManager HTTP cookie manager superseded by HTTP cookie manager
2026-01-27 17:18:40,486 WARN o.a.j.p.h.s.HTTPSamplerBase: Existing CookieManager HTTP cookie manager superseded by HTTP cookie manager
2026-01-27 17:18:40,488 WARN o.a.j.p.h.s.HTTPSamplerBase: Existing CookieManager HTTP cookie manager superseded by HTTP cookie manager
2026-01-27 17:18:40,551 WARN o.a.j.p.h.s.HTTPSamplerBase: Existing CookieManager HTTP cookie manager superseded by HTTP cookie manager
2026-01-27 17:18:40,559 WARN o.a.j.p.h.s.HTTPSamplerBase: Existing CookieManager HTTP cookie manager superseded by HTTP cookie manager
2026-01-27 17:18:40,559 WARN o.a.j.p.h.s.HTTPSamplerBase: Existing CookieManager HTTP cookie manager superseded by HTTP cookie manager
2026-01-27 17:18:40,559 WARN o.a.j.p.h.s.HTTPSamplerBase: Existing CookieManager HTTP cookie manager superseded by HTTP cookie manager
2026-01-27 17:18:40,572 WARN o.a.j.p.h.s.HTTPSamplerBase: Existing CookieManager HTTP cookie manager superseded by HTTP cookie manager
2026-01-27 17:18:40,578 WARN o.a.j.p.h.s.HTTPSamplerBase: Existing CookieManager HTTP cookie manager superseded by HTTP cookie manager
2026-01-27 17:18:40,613 WARN o.a.j.p.h.s.HTTPSamplerBase: Existing CookieManager HTTP cookie manager superseded by HTTP cookie manager
2026-01-27 17:18:40,633 WARN o.a.j.p.h.s.HTTPSamplerBase: Existing CookieManager HTTP cookie manager superseded by HTTP cookie manager
2026-01-27 17:18:40,684 WARN o.a.j.p.h.s.HTTPSamplerBase: Existing CookieManager HTTP cookie manager superseded by HTTP cookie manager
2026-01-27 17:18:40,759 WARN o.a.j.p.h.s.HTTPSamplerBase: Existing CookieManager HTTP cookie manager superseded by HTTP cookie manager
2026-01-27 17:18:40,759 WARN o.a.j.p.h.s.HTTPSamplerBase: Existing CookieManager HTTP cookie manager superseded by HTTP cookie manager
2026-01-27 17:18:40,766 WARN o.a.j.p.h.s.HTTPSamplerBase: Existing CookieManager HTTP cookie manager superseded by HTTP cookie manager
2026-01-27 17:18:40,821 WARN o.a.j.p.h.s.HTTPSamplerBase: Existing CookieManager HTTP cookie manager superseded by HTTP cookie manager
2026-01-27 17:18:40,831 WARN o.a.j.p.h.s.HTTPSamplerBase: Existing CookieManager HTTP cookie manager superseded by HTTP cookie manager
2026-01-27 17:18:40,833 WARN o.a.j.p.h.s.HTTPSamplerBase: Existing CookieManager HTTP cookie manager superseded by HTTP cookie manager
2026-01-27 17:18:40,837 WARN o.a.j.p.h.s.HTTPSamplerBase: Existing CookieManager HTTP cookie manager superseded by HTTP cookie manager
2026-01-27 17:18:40,840 WARN o.a.j.p.h.s.HTTPSamplerBase: Existing CookieManager HTTP cookie manager superseded by HTTP cookie manager
2026-01-27 17:18:40,855 WARN o.a.j.p.h.s.HTTPSamplerBase: Existing CookieManager HTTP cookie manager superseded by HTTP cookie manager
2026-01-27 17:18:40,855 WARN o.a.j.p.h.s.HTTPSamplerBase: Existing CookieManager HTTP cookie manager superseded by HTTP cookie manager
2026-01-27 17:18:40,871 WARN o.a.j.p.h.s.HTTPSamplerBase: Existing CookieManager HTTP cookie manager superseded by HTTP cookie manager
2026-01-27 17:18:40,880 WARN o.a.j.p.h.s.HTTPSamplerBase: Existing CookieManager HTTP cookie manager superseded by HTTP cookie manager
2026-01-27 17:18:40,881 WARN o.a.j.p.h.s.HTTPSamplerBase: Existing CookieManager HTTP cookie manager superseded by HTTP cookie manager
2026-01-27 17:18:40,888 WARN o.a.j.p.h.s.HTTPSamplerBase: Existing CookieManager HTTP cookie manager superseded by HTTP cookie manager
2026-01-27 17:18:40,899 WARN o.a.j.p.h.s.HTTPSamplerBase: Existing CookieManager HTTP cookie manager superseded by HTTP cookie manager
2026-01-27 17:18:40,938 WARN o.a.j.p.h.s.HTTPSamplerBase: Existing CookieManager HTTP cookie manager superseded by HTTP cookie manager
2026-01-27 17:18:40,944 WARN o.a.j.p.h.s.HTTPSamplerBase: Existing CookieManager HTTP cookie manager superseded by HTTP cookie manager
2026-01-27 17:18:40,975 WARN o.a.j.p.h.s.HTTPSamplerBase: Existing CookieManager HTTP cookie manager superseded by HTTP cookie manager
2026-01-27 17:18:40,976 WARN o.a.j.p.h.s.HTTPSamplerBase: Existing CookieManager HTTP cookie manager superseded by HTTP cookie manager
2026-01-27 17:18:40,984 WARN o.a.j.p.h.s.HTTPSamplerBase: Existing CookieManager HTTP cookie manager superseded by HTTP cookie manager
2026-01-27 17:18:40,985 WARN o.a.j.p.h.s.HTTPSamplerBase: Existing CookieManager HTTP cookie manager superseded by HTTP cookie manager
2026-01-27 17:18:41,025 WARN o.a.j.p.h.s.HTTPSamplerBase: Existing CookieManager HTTP cookie manager superseded by HTTP cookie manager
2026-01-27 17:18:41,028 WARN o.a.j.p.h.s.HTTPSamplerBase: Existing CookieManager HTTP cookie manager superseded by HTTP cookie manager
2026-01-27 17:18:41,048 WARN o.a.j.p.h.s.HTTPSamplerBase: Existing CookieManager HTTP cookie manager superseded by HTTP cookie manager
2026-01-27 17:18:41,052 WARN o.a.j.p.h.s.HTTPSamplerBase: Existing CookieManager HTTP cookie manager superseded by HTTP cookie manager
2026-01-27 17:18:41,079 WARN o.a.j.p.h.s.HTTPSamplerBase: Existing CookieManager HTTP cookie manager superseded by HTTP cookie manager
2026-01-27 17:18:41,157 WARN o.a.j.p.h.s.HTTPSamplerBase: Existing CookieManager HTTP cookie manager superseded by HTTP cookie manager
2026-01-27 17:18:41,174 WARN o.a.j.p.h.s.HTTPSamplerBase: Existing CookieManager HTTP cookie manager superseded by HTTP cookie manager
2026-01-27 17:18:41,180 WARN o.a.j.p.h.s.HTTPSamplerBase: Existing CookieManager HTTP cookie manager superseded by HTTP cookie manager
2026-01-27 17:18:41,180 WARN o.a.j.p.h.s.HTTPSamplerBase: Existing CookieManager HTTP cookie manager superseded by HTTP cookie manager
2026-01-27 17:18:41,183 WARN o.a.j.p.h.s.HTTPSamplerBase: Existing CookieManager HTTP cookie manager superseded by HTTP cookie manager
2026-01-27 17:18:41,212 WARN o.a.j.p.h.s.HTTPSamplerBase: Existing CookieManager HTTP cookie manager superseded by HTTP cookie manager
2026-01-27 17:18:41,231 WARN o.a.j.p.h.s.HTTPSamplerBase: Existing CookieManager HTTP cookie manager superseded by HTTP cookie manager
2026-01-27 17:18:41,246 WARN o.a.j.p.h.s.HTTPSamplerBase: Existing CookieManager HTTP cookie manager superseded by HTTP cookie manager
2026-01-27 17:18:41,266 WARN o.a.j.p.h.s.HTTPSamplerBase: Existing CookieManager HTTP cookie manager superseded by HTTP cookie manager
2026-01-27 17:18:41,266 WARN o.a.j.p.h.s.HTTPSamplerBase: Existing CookieManager HTTP cookie manager superseded by HTTP cookie manager
2026-01-27 17:18:41,293 WARN o.a.j.p.h.s.HTTPSamplerBase: Existing CookieManager HTTP cookie manager superseded by HTTP cookie manager
2026-01-27 17:18:41,299 WARN o.a.j.p.h.s.HTTPSamplerBase: Existing CookieManager HTTP cookie manager superseded by HTTP cookie manager
2026-01-27 17:18:41,299 WARN o.a.j.p.h.s.HTTPSamplerBase: Existing CookieManager HTTP cookie manager superseded by HTTP cookie manager
2026-01-27 17:18:41,300 WARN o.a.j.p.h.s.HTTPSamplerBase: Existing CookieManager HTTP cookie manager superseded by HTTP cookie manager
2026-01-27 17:18:41,348 WARN o.a.j.p.h.s.HTTPSamplerBase: Existing CookieManager HTTP cookie manager superseded by HTTP cookie manager
2026-01-27 17:18:41,351 WARN o.a.j.p.h.s.HTTPSamplerBase: Existing CookieManager HTTP cookie manager superseded by HTTP cookie manager
2026-01-27 17:18:41,421 WARN o.a.j.p.h.s.HTTPSamplerBase: Existing CookieManager HTTP cookie manager superseded by HTTP cookie manager
2026-01-27 17:18:41,427 WARN o.a.j.p.h.s.HTTPSamplerBase: Existing CookieManager HTTP cookie manager superseded by HTTP cookie manager
2026-01-27 17:18:41,460 WARN o.a.j.p.h.s.HTTPSamplerBase: Existing CookieManager HTTP cookie manager superseded by HTTP cookie manager
2026-01-27 17:18:41,461 WARN o.a.j.p.h.s.HTTPSamplerBase: Existing CookieManager HTTP cookie manager superseded by HTTP cookie manager
2026-01-27 17:18:41,469 WARN o.a.j.p.h.s.HTTPSamplerBase: Existing CookieManager HTTP cookie manager superseded by HTTP cookie manager
2026-01-27 17:18:41,532 WARN o.a.j.p.h.s.HTTPSamplerBase: Existing CookieManager HTTP cookie manager superseded by HTTP cookie manager
2026-01-27 17:18:41,568 WARN o.a.j.p.h.s.HTTPSamplerBase: Existing CookieManager HTTP cookie manager superseded by HTTP cookie manager
2026-01-27 17:18:41,634 WARN o.a.j.p.h.s.HTTPSamplerBase: Existing CookieManager HTTP cookie manager superseded by HTTP cookie manager
2026-01-27 17:18:41,634 WARN o.a.j.p.h.s.HTTPSamplerBase: Existing CookieManager HTTP cookie manager superseded by HTTP cookie manager
2026-01-27 17:18:41,651 WARN o.a.j.p.h.s.HTTPSamplerBase: Existing CookieManager HTTP cookie manager superseded by HTTP cookie manager
2026-01-27 17:18:41,665 WARN o.a.j.p.h.s.HTTPSamplerBase: Existing CookieManager HTTP cookie manager superseded by HTTP cookie manager
2026-01-27 17:18:41,702 WARN o.a.j.p.h.s.HTTPSamplerBase: Existing CookieManager HTTP cookie manager superseded by HTTP cookie manager
2026-01-27 17:18:41,713 WARN o.a.j.p.h.s.HTTPSamplerBase: Existing CookieManager HTTP cookie manager superseded by HTTP cookie manager
2026-01-27 17:18:41,726 WARN o.a.j.p.h.s.HTTPSamplerBase: Existing CookieManager HTTP cookie manager superseded by HTTP cookie manager
2026-01-27 17:18:41,737 WARN o.a.j.p.h.s.HTTPSamplerBase: Existing CookieManager HTTP cookie manager superseded by HTTP cookie manager
2026-01-27 17:18:41,757 WARN o.a.j.p.h.s.HTTPSamplerBase: Existing CookieManager HTTP cookie manager superseded by HTTP cookie manager
2026-01-27 17:18:41,757 WARN o.a.j.p.h.s.HTTPSamplerBase: Existing CookieManager HTTP cookie manager superseded by HTTP cookie manager
2026-01-27 17:18:41,796 WARN o.a.j.p.h.s.HTTPSamplerBase: Existing CookieManager HTTP cookie manager superseded by HTTP cookie manager
2026-01-27 17:18:41,814 WARN o.a.j.p.h.s.HTTPSamplerBase: Existing CookieManager HTTP cookie manager superseded by HTTP cookie manager
2026-01-27 17:18:41,814 WARN o.a.j.p.h.s.HTTPSamplerBase: Existing CookieManager HTTP cookie manager superseded by HTTP cookie manager
2026-01-27 17:18:41,820 WARN o.a.j.p.h.s.HTTPSamplerBase: Existing CookieManager HTTP cookie manager superseded by HTTP cookie manager
2026-01-27 17:18:41,855 WARN o.a.j.p.h.s.HTTPSamplerBase: Existing CookieManager HTTP cookie manager superseded by HTTP cookie manager
2026-01-27 17:18:41,855 WARN o.a.j.p.h.s.HTTPSamplerBase: Existing CookieManager HTTP cookie manager superseded by HTTP cookie manager
2026-01-27 17:18:41,945 WARN o.a.j.p.h.s.HTTPSamplerBase: Existing CookieManager HTTP cookie manager superseded by HTTP cookie manager
2026-01-27 17:18:41,958 WARN o.a.j.p.h.s.HTTPSamplerBase: Existing CookieManager HTTP cookie manager superseded by HTTP cookie manager
2026-01-27 17:18:41,983 WARN o.a.j.p.h.s.HTTPSamplerBase: Existing CookieManager HTTP cookie manager superseded by HTTP cookie manager
2026-01-27 17:18:42,007 WARN o.a.j.p.h.s.HTTPSamplerBase: Existing CookieManager HTTP cookie manager superseded by HTTP cookie manager
2026-01-27 17:18:42,016 WARN o.a.j.p.h.s.HTTPSamplerBase: Existing CookieManager HTTP cookie manager superseded by HTTP cookie manager
2026-01-27 17:18:42,016 WARN o.a.j.p.h.s.HTTPSamplerBase: Existing CookieManager HTTP cookie manager superseded by HTTP cookie manager
2026-01-27 17:18:42,031 WARN o.a.j.p.h.s.HTTPSamplerBase: Existing CookieManager HTTP cookie manager superseded by HTTP cookie manager
2026-01-27 17:18:42,051 WARN o.a.j.p.h.s.HTTPSamplerBase: Existing CookieManager HTTP cookie manager superseded by HTTP cookie manager
2026-01-27 17:18:42,068 WARN o.a.j.p.h.s.HTTPSamplerBase: Existing CookieManager HTTP cookie manager superseded by HTTP cookie manager
2026-01-27 17:18:42,088 WARN o.a.j.p.h.s.HTTPSamplerBase: Existing CookieManager HTTP cookie manager superseded by HTTP cookie manager
2026-01-27 17:18:42,110 WARN o.a.j.p.h.s.HTTPSamplerBase: Existing CookieManager HTTP cookie manager superseded by HTTP cookie manager
2026-01-27 17:18:42,148 WARN o.a.j.p.h.s.HTTPSamplerBase: Existing CookieManager HTTP cookie manager superseded by HTTP cookie manager
2026-01-27 17:18:42,163 WARN o.a.j.p.h.s.HTTPSamplerBase: Existing CookieManager HTTP cookie manager superseded by HTTP cookie manager
2026-01-27 17:18:42,211 WARN o.a.j.p.h.s.HTTPSamplerBase: Existing CookieManager HTTP cookie manager superseded by HTTP cookie manager
2026-01-27 17:18:42,244 WARN o.a.j.p.h.s.HTTPSamplerBase: Existing CookieManager HTTP cookie manager superseded by HTTP cookie manager
2026-01-27 17:18:42,285 WARN o.a.j.p.h.s.HTTPSamplerBase: Existing CookieManager HTTP cookie manager superseded by HTTP cookie manager
2026-01-27 17:18:42,286 WARN o.a.j.p.h.s.HTTPSamplerBase: Existing CookieManager HTTP cookie manager superseded by HTTP cookie manager
2026-01-27 17:18:42,291 WARN o.a.j.p.h.s.HTTPSamplerBase: Existing CookieManager HTTP cookie manager superseded by HTTP cookie manager
2026-01-27 17:18:42,312 WARN o.a.j.p.h.s.HTTPSamplerBase: Existing CookieManager HTTP cookie manager superseded by HTTP cookie manager
2026-01-27 17:18:42,332 WARN o.a.j.p.h.s.HTTPSamplerBase: Existing CookieManager HTTP cookie manager superseded by HTTP cookie manager
2026-01-27 17:18:42,357 WARN o.a.j.p.h.s.HTTPSamplerBase: Existing CookieManager HTTP cookie manager superseded by HTTP cookie manager
2026-01-27 17:18:42,408 WARN o.a.j.p.h.s.HTTPSamplerBase: Existing CookieManager HTTP cookie manager superseded by HTTP cookie manager
2026-01-27 17:18:42,409 WARN o.a.j.p.h.s.HTTPSamplerBase: Existing CookieManager HTTP cookie manager superseded by HTTP cookie manager
2026-01-27 17:18:42,423 WARN o.a.j.p.h.s.HTTPSamplerBase: Existing CookieManager HTTP cookie manager superseded by HTTP cookie manager
2026-01-27 17:18:42,489 WARN o.a.j.p.h.s.HTTPSamplerBase: Existing CookieManager HTTP cookie manager superseded by HTTP cookie manager
2026-01-27 17:18:42,489 WARN o.a.j.p.h.s.HTTPSamplerBase: Existing CookieManager HTTP cookie manager superseded by HTTP cookie manager
2026-01-27 17:18:42,490 WARN o.a.j.p.h.s.HTTPSamplerBase: Existing CookieManager HTTP cookie manager superseded by HTTP cookie manager
2026-01-27 17:18:42,497 WARN o.a.j.p.h.s.HTTPSamplerBase: Existing CookieManager HTTP cookie manager superseded by HTTP cookie manager
2026-01-27 17:18:42,507 WARN o.a.j.p.h.s.HTTPSamplerBase: Existing CookieManager HTTP cookie manager superseded by HTTP cookie manager
2026-01-27 17:18:42,508 WARN o.a.j.p.h.s.HTTPSamplerBase: Existing CookieManager HTTP cookie manager superseded by HTTP cookie manager
2026-01-27 17:18:42,532 WARN o.a.j.p.h.s.HTTPSamplerBase: Existing CookieManager HTTP cookie manager superseded by HTTP cookie manager
2026-01-27 17:18:42,572 WARN o.a.j.p.h.s.HTTPSamplerBase: Existing CookieManager HTTP cookie manager superseded by HTTP cookie manager
2026-01-27 17:18:42,577 WARN o.a.j.p.h.s.HTTPSamplerBase: Existing CookieManager HTTP cookie manager superseded by HTTP cookie manager
2026-01-27 17:18:42,579 WARN o.a.j.p.h.s.HTTPSamplerBase: Existing CookieManager HTTP cookie manager superseded by HTTP cookie manager
2026-01-27 17:18:42,590 WARN o.a.j.p.h.s.HTTPSamplerBase: Existing CookieManager HTTP cookie manager superseded by HTTP cookie manager
2026-01-27 17:18:42,591 WARN o.a.j.p.h.s.HTTPSamplerBase: Existing CookieManager HTTP cookie manager superseded by HTTP cookie manager
2026-01-27 17:18:42,604 WARN o.a.j.p.h.s.HTTPSamplerBase: Existing CookieManager HTTP cookie manager superseded by HTTP cookie manager
2026-01-27 17:18:42,668 WARN o.a.j.p.h.s.HTTPSamplerBase: Existing CookieManager HTTP cookie manager superseded by HTTP cookie manager
2026-01-27 17:18:42,680 WARN o.a.j.p.h.s.HTTPSamplerBase: Existing CookieManager HTTP cookie manager superseded by HTTP cookie manager
2026-01-27 17:18:42,681 WARN o.a.j.p.h.s.HTTPSamplerBase: Existing CookieManager HTTP cookie manager superseded by HTTP cookie manager
2026-01-27 17:18:42,681 WARN o.a.j.p.h.s.HTTPSamplerBase: Existing CookieManager HTTP cookie manager superseded by HTTP cookie manager
2026-01-27 17:18:42,711 WARN o.a.j.p.h.s.HTTPSamplerBase: Existing CookieManager HTTP cookie manager superseded by HTTP cookie manager
2026-01-27 17:18:42,735 WARN o.a.j.p.h.s.HTTPSamplerBase: Existing CookieManager HTTP cookie manager superseded by HTTP cookie manager
2026-01-27 17:18:42,750 WARN o.a.j.p.h.s.HTTPSamplerBase: Existing CookieManager HTTP cookie manager superseded by HTTP cookie manager
2026-01-27 17:18:42,775 WARN o.a.j.p.h.s.HTTPSamplerBase: Existing CookieManager HTTP cookie manager superseded by HTTP cookie manager
2026-01-27 17:18:42,791 WARN o.a.j.p.h.s.HTTPSamplerBase: Existing CookieManager HTTP cookie manager superseded by HTTP cookie manager
2026-01-27 17:18:42,799 WARN o.a.j.p.h.s.HTTPSamplerBase: Existing CookieManager HTTP cookie manager superseded by HTTP cookie manager
2026-01-27 17:18:42,809 WARN o.a.j.p.h.s.HTTPSamplerBase: Existing CookieManager HTTP cookie manager superseded by HTTP cookie manager
2026-01-27 17:18:42,839 WARN o.a.j.p.h.s.HTTPSamplerBase: Existing CookieManager HTTP cookie manager superseded by HTTP cookie manager
2026-01-27 17:18:42,875 WARN o.a.j.p.h.s.HTTPSamplerBase: Existing CookieManager HTTP cookie manager superseded by HTTP cookie manager
2026-01-27 17:18:42,916 WARN o.a.j.p.h.s.HTTPSamplerBase: Existing CookieManager HTTP cookie manager superseded by HTTP cookie manager
2026-01-27 17:18:42,955 WARN o.a.j.p.h.s.HTTPSamplerBase: Existing CookieManager HTTP cookie manager superseded by HTTP cookie manager
2026-01-27 17:18:42,973 WARN o.a.j.p.h.s.HTTPSamplerBase: Existing CookieManager HTTP cookie manager superseded by HTTP cookie manager
2026-01-27 17:18:43,071 WARN o.a.j.p.h.s.HTTPSamplerBase: Existing CookieManager HTTP cookie manager superseded by HTTP cookie manager
2026-01-27 17:18:43,195 WARN o.a.j.p.h.s.HTTPSamplerBase: Existing CookieManager HTTP cookie manager superseded by HTTP cookie manager
2026-01-27 17:18:43,195 WARN o.a.j.p.h.s.HTTPSamplerBase: Existing CookieManager HTTP cookie manager superseded by HTTP cookie manager
2026-01-27 17:18:43,204 WARN o.a.j.p.h.s.HTTPSamplerBase: Existing CookieManager HTTP cookie manager superseded by HTTP cookie manager
2026-01-27 17:18:43,208 WARN o.a.j.p.h.s.HTTPSamplerBase: Existing CookieManager HTTP cookie manager superseded by HTTP cookie manager
2026-01-27 17:18:43,226 WARN o.a.j.p.h.s.HTTPSamplerBase: Existing CookieManager HTTP cookie manager superseded by HTTP cookie manager
2026-01-27 17:18:43,294 WARN o.a.j.p.h.s.HTTPSamplerBase: Existing CookieManager HTTP cookie manager superseded by HTTP cookie manager
2026-01-27 17:18:43,305 WARN o.a.j.p.h.s.HTTPSamplerBase: Existing CookieManager HTTP cookie manager superseded by HTTP cookie manager
2026-01-27 17:18:43,327 WARN o.a.j.p.h.s.HTTPSamplerBase: Existing CookieManager HTTP cookie manager superseded by HTTP cookie manager
2026-01-27 17:18:43,357 WARN o.a.j.p.h.s.HTTPSamplerBase: Existing CookieManager HTTP cookie manager superseded by HTTP cookie manager
2026-01-27 17:18:43,363 WARN o.a.j.p.h.s.HTTPSamplerBase: Existing CookieManager HTTP cookie manager superseded by HTTP cookie manager
2026-01-27 17:18:43,365 WARN o.a.j.p.h.s.HTTPSamplerBase: Existing CookieManager HTTP cookie manager superseded by HTTP cookie manager
2026-01-27 17:18:43,382 WARN o.a.j.p.h.s.HTTPSamplerBase: Existing CookieManager HTTP cookie manager superseded by HTTP cookie manager
2026-01-27 17:18:43,444 WARN o.a.j.p.h.s.HTTPSamplerBase: Existing CookieManager HTTP cookie manager superseded by HTTP cookie manager
2026-01-27 17:18:43,463 WARN o.a.j.p.h.s.HTTPSamplerBase: Existing CookieManager HTTP cookie manager superseded by HTTP cookie manager
2026-01-27 17:18:43,478 WARN o.a.j.p.h.s.HTTPSamplerBase: Existing CookieManager HTTP cookie manager superseded by HTTP cookie manager
2026-01-27 17:18:43,499 WARN o.a.j.p.h.s.HTTPSamplerBase: Existing CookieManager HTTP cookie manager superseded by HTTP cookie manager
2026-01-27 17:18:43,513 WARN o.a.j.p.h.s.HTTPSamplerBase: Existing CookieManager HTTP cookie manager superseded by HTTP cookie manager
2026-01-27 17:18:43,575 WARN o.a.j.p.h.s.HTTPSamplerBase: Existing CookieManager HTTP cookie manager superseded by HTTP cookie manager
2026-01-27 17:18:43,592 WARN o.a.j.p.h.s.HTTPSamplerBase: Existing CookieManager HTTP cookie manager superseded by HTTP cookie manager
2026-01-27 17:18:43,621 WARN o.a.j.p.h.s.HTTPSamplerBase: Existing CookieManager HTTP cookie manager superseded by HTTP cookie manager
2026-01-27 17:18:43,692 WARN o.a.j.p.h.s.HTTPSamplerBase: Existing CookieManager HTTP cookie manager superseded by HTTP cookie manager
2026-01-27 17:18:43,713 WARN o.a.j.p.h.s.HTTPSamplerBase: Existing CookieManager HTTP cookie manager superseded by HTTP cookie manager
2026-01-27 17:18:43,773 WARN o.a.j.p.h.s.HTTPSamplerBase: Existing CookieManager HTTP cookie manager superseded by HTTP cookie manager
2026-01-27 17:18:43,803 WARN o.a.j.p.h.s.HTTPSamplerBase: Existing CookieManager HTTP cookie manager superseded by HTTP cookie manager
2026-01-27 17:18:43,817 WARN o.a.j.p.h.s.HTTPSamplerBase: Existing CookieManager HTTP cookie manager superseded by HTTP cookie manager
2026-01-27 17:18:43,851 WARN o.a.j.p.h.s.HTTPSamplerBase: Existing CookieManager HTTP cookie manager superseded by HTTP cookie manager
2026-01-27 17:18:43,854 WARN o.a.j.p.h.s.HTTPSamplerBase: Existing CookieManager HTTP cookie manager superseded by HTTP cookie manager
2026-01-27 17:18:43,890 WARN o.a.j.p.h.s.HTTPSamplerBase: Existing CookieManager HTTP cookie manager superseded by HTTP cookie manager
2026-01-27 17:18:43,930 WARN o.a.j.p.h.s.HTTPSamplerBase: Existing CookieManager HTTP cookie manager superseded by HTTP cookie manager
2026-01-27 17:18:43,944 WARN o.a.j.p.h.s.HTTPSamplerBase: Existing CookieManager HTTP cookie manager superseded by HTTP cookie manager
2026-01-27 17:18:43,968 WARN o.a.j.p.h.s.HTTPSamplerBase: Existing CookieManager HTTP cookie manager superseded by HTTP cookie manager
2026-01-27 17:18:43,989 WARN o.a.j.p.h.s.HTTPSamplerBase: Existing CookieManager HTTP cookie manager superseded by HTTP cookie manager
2026-01-27 17:18:43,999 WARN o.a.j.p.h.s.HTTPSamplerBase: Existing CookieManager HTTP cookie manager superseded by HTTP cookie manager
2026-01-27 17:18:44,015 WARN o.a.j.p.h.s.HTTPSamplerBase: Existing CookieManager HTTP cookie manager superseded by HTTP cookie manager
2026-01-27 17:18:44,031 WARN o.a.j.p.h.s.HTTPSamplerBase: Existing CookieManager HTTP cookie manager superseded by HTTP cookie manager
2026-01-27 17:18:44,067 WARN o.a.j.p.h.s.HTTPSamplerBase: Existing CookieManager HTTP cookie manager superseded by HTTP cookie manager
2026-01-27 17:18:44,088 WARN o.a.j.p.h.s.HTTPSamplerBase: Existing CookieManager HTTP cookie manager superseded by HTTP cookie manager
2026-01-27 17:18:44,094 WARN o.a.j.p.h.s.HTTPSamplerBase: Existing CookieManager HTTP cookie manager superseded by HTTP cookie manager
2026-01-27 17:18:44,129 WARN o.a.j.p.h.s.HTTPSamplerBase: Existing CookieManager HTTP cookie manager superseded by HTTP cookie manager
2026-01-27 17:18:44,153 WARN o.a.j.p.h.s.HTTPSamplerBase: Existing CookieManager HTTP cookie manager superseded by HTTP cookie manager
2026-01-27 17:18:44,206 WARN o.a.j.p.h.s.HTTPSamplerBase: Existing CookieManager HTTP cookie manager superseded by HTTP cookie manager
2026-01-27 17:18:44,248 WARN o.a.j.p.h.s.HTTPSamplerBase: Existing CookieManager HTTP cookie manager superseded by HTTP cookie manager
2026-01-27 17:18:44,260 WARN o.a.j.p.h.s.HTTPSamplerBase: Existing CookieManager HTTP cookie manager superseded by HTTP cookie manager
2026-01-27 17:18:44,312 WARN o.a.j.p.h.s.HTTPSamplerBase: Existing CookieManager HTTP cookie manager superseded by HTTP cookie manager
2026-01-27 17:18:44,367 WARN o.a.j.p.h.s.HTTPSamplerBase: Existing CookieManager HTTP cookie manager superseded by HTTP cookie manager
2026-01-27 17:18:44,367 WARN o.a.j.p.h.s.HTTPSamplerBase: Existing CookieManager HTTP cookie manager superseded by HTTP cookie manager
2026-01-27 17:18:44,404 WARN o.a.j.p.h.s.HTTPSamplerBase: Existing CookieManager HTTP cookie manager superseded by HTTP cookie manager
2026-01-27 17:18:44,404 WARN o.a.j.p.h.s.HTTPSamplerBase: Existing CookieManager HTTP cookie manager superseded by HTTP cookie manager
2026-01-27 17:18:44,420 WARN o.a.j.p.h.s.HTTPSamplerBase: Existing CookieManager HTTP cookie manager superseded by HTTP cookie manager
2026-01-27 17:18:44,465 WARN o.a.j.p.h.s.HTTPSamplerBase: Existing CookieManager HTTP cookie manager superseded by HTTP cookie manager
2026-01-27 17:18:44,486 WARN o.a.j.p.h.s.HTTPSamplerBase: Existing CookieManager HTTP cookie manager superseded by HTTP cookie manager
2026-01-27 17:18:44,575 WARN o.a.j.p.h.s.HTTPSamplerBase: Existing CookieManager HTTP cookie manager superseded by HTTP cookie manager
2026-01-27 17:18:44,602 WARN o.a.j.p.h.s.HTTPSamplerBase: Existing CookieManager HTTP cookie manager superseded by HTTP cookie manager
2026-01-27 17:18:44,616 WARN o.a.j.p.h.s.HTTPSamplerBase: Existing CookieManager HTTP cookie manager superseded by HTTP cookie manager
2026-01-27 17:18:44,664 WARN o.a.j.p.h.s.HTTPSamplerBase: Existing CookieManager HTTP cookie manager superseded by HTTP cookie manager
2026-01-27 17:18:44,777 WARN o.a.j.p.h.s.HTTPSamplerBase: Existing CookieManager HTTP cookie manager superseded by HTTP cookie manager
2026-01-27 17:18:44,826 WARN o.a.j.p.h.s.HTTPSamplerBase: Existing CookieManager HTTP cookie manager superseded by HTTP cookie manager
2026-01-27 17:18:44,826 WARN o.a.j.p.h.s.HTTPSamplerBase: Existing CookieManager HTTP cookie manager superseded by HTTP cookie manager
2026-01-27 17:18:44,848 WARN o.a.j.p.h.s.HTTPSamplerBase: Existing CookieManager HTTP cookie manager superseded by HTTP cookie manager
2026-01-27 17:18:44,876 WARN o.a.j.p.h.s.HTTPSamplerBase: Existing CookieManager HTTP cookie manager superseded by HTTP cookie manager
2026-01-27 17:18:44,897 WARN o.a.j.p.h.s.HTTPSamplerBase: Existing CookieManager HTTP cookie manager superseded by HTTP cookie manager
2026-01-27 17:18:44,911 WARN o.a.j.p.h.s.HTTPSamplerBase: Existing CookieManager HTTP cookie manager superseded by HTTP cookie manager
2026-01-27 17:18:44,920 WARN o.a.j.p.h.s.HTTPSamplerBase: Existing CookieManager HTTP cookie manager superseded by HTTP cookie manager
2026-01-27 17:18:44,943 WARN o.a.j.p.h.s.HTTPSamplerBase: Existing CookieManager HTTP cookie manager superseded by HTTP cookie manager
2026-01-27 17:18:44,950 WARN o.a.j.p.h.s.HTTPSamplerBase: Existing CookieManager HTTP cookie manager superseded by HTTP cookie manager
2026-01-27 17:18:44,954 WARN o.a.j.p.h.s.HTTPSamplerBase: Existing CookieManager HTTP cookie manager superseded by HTTP cookie manager
2026-01-27 17:18:44,964 WARN o.a.j.p.h.s.HTTPSamplerBase: Existing CookieManager HTTP cookie manager superseded by HTTP cookie manager
2026-01-27 17:18:44,969 WARN o.a.j.p.h.s.HTTPSamplerBase: Existing CookieManager HTTP cookie manager superseded by HTTP cookie manager
2026-01-27 17:18:45,077 WARN o.a.j.p.h.s.HTTPSamplerBase: Existing CookieManager HTTP cookie manager superseded by HTTP cookie manager
2026-01-27 17:18:45,080 WARN o.a.j.p.h.s.HTTPSamplerBase: Existing CookieManager HTTP cookie manager superseded by HTTP cookie manager
2026-01-27 17:18:45,117 WARN o.a.j.p.h.s.HTTPSamplerBase: Existing CookieManager HTTP cookie manager superseded by HTTP cookie manager
2026-01-27 17:18:45,117 WARN o.a.j.p.h.s.HTTPSamplerBase: Existing CookieManager HTTP cookie manager superseded by HTTP cookie manager
2026-01-27 17:18:45,180 WARN o.a.j.p.h.s.HTTPSamplerBase: Existing CookieManager HTTP cookie manager superseded by HTTP cookie manager
2026-01-27 17:18:45,187 WARN o.a.j.p.h.s.HTTPSamplerBase: Existing CookieManager HTTP cookie manager superseded by HTTP cookie manager
2026-01-27 17:18:45,217 WARN o.a.j.p.h.s.HTTPSamplerBase: Existing CookieManager HTTP cookie manager superseded by HTTP cookie manager
2026-01-27 17:18:45,240 WARN o.a.j.p.h.s.HTTPSamplerBase: Existing CookieManager HTTP cookie manager superseded by HTTP cookie manager
2026-01-27 17:18:45,255 WARN o.a.j.p.h.s.HTTPSamplerBase: Existing CookieManager HTTP cookie manager superseded by HTTP cookie manager
2026-01-27 17:18:45,304 WARN o.a.j.p.h.s.HTTPSamplerBase: Existing CookieManager HTTP cookie manager superseded by HTTP cookie manager
2026-01-27 17:18:45,345 WARN o.a.j.p.h.s.HTTPSamplerBase: Existing CookieManager HTTP cookie manager superseded by HTTP cookie manager
2026-01-27 17:18:45,351 WARN o.a.j.p.h.s.HTTPSamplerBase: Existing CookieManager HTTP cookie manager superseded by HTTP cookie manager
2026-01-27 17:18:45,358 WARN o.a.j.p.h.s.HTTPSamplerBase: Existing CookieManager HTTP cookie manager superseded by HTTP cookie manager
2026-01-27 17:18:45,394 WARN o.a.j.p.h.s.HTTPSamplerBase: Existing CookieManager HTTP cookie manager superseded by HTTP cookie manager
2026-01-27 17:18:45,430 WARN o.a.j.p.h.s.HTTPSamplerBase: Existing CookieManager HTTP cookie manager superseded by HTTP cookie manager
2026-01-27 17:18:45,432 WARN o.a.j.p.h.s.HTTPSamplerBase: Existing CookieManager HTTP cookie manager superseded by HTTP cookie manager
2026-01-27 17:18:45,507 WARN o.a.j.p.h.s.HTTPSamplerBase: Existing CookieManager HTTP cookie manager superseded by HTTP cookie manager
2026-01-27 17:18:45,514 WARN o.a.j.p.h.s.HTTPSamplerBase: Existing CookieManager HTTP cookie manager superseded by HTTP cookie manager
2026-01-27 17:18:45,524 WARN o.a.j.p.h.s.HTTPSamplerBase: Existing CookieManager HTTP cookie manager superseded by HTTP cookie manager
2026-01-27 17:18:45,544 WARN o.a.j.p.h.s.HTTPSamplerBase: Existing CookieManager HTTP cookie manager superseded by HTTP cookie manager
2026-01-27 17:18:45,614 WARN o.a.j.p.h.s.HTTPSamplerBase: Existing CookieManager HTTP cookie manager superseded by HTTP cookie manager
2026-01-27 17:18:45,662 WARN o.a.j.p.h.s.HTTPSamplerBase: Existing CookieManager HTTP cookie manager superseded by HTTP cookie manager
2026-01-27 17:18:45,671 WARN o.a.j.p.h.s.HTTPSamplerBase: Existing CookieManager HTTP cookie manager superseded by HTTP cookie manager
2026-01-27 17:18:45,675 WARN o.a.j.p.h.s.HTTPSamplerBase: Existing CookieManager HTTP cookie manager superseded by HTTP cookie manager
2026-01-27 17:18:45,679 WARN o.a.j.p.h.s.HTTPSamplerBase: Existing CookieManager HTTP cookie manager superseded by HTTP cookie manager
2026-01-27 17:18:45,691 WARN o.a.j.p.h.s.HTTPSamplerBase: Existing CookieManager HTTP cookie manager superseded by HTTP cookie manager
2026-01-27 17:18:45,741 WARN o.a.j.p.h.s.HTTPSamplerBase: Existing CookieManager HTTP cookie manager superseded by HTTP cookie manager
2026-01-27 17:18:45,742 WARN o.a.j.p.h.s.HTTPSamplerBase: Existing CookieManager HTTP cookie manager superseded by HTTP cookie manager
2026-01-27 17:18:45,766 WARN o.a.j.p.h.s.HTTPSamplerBase: Existing CookieManager HTTP cookie manager superseded by HTTP cookie manager
2026-01-27 17:18:45,844 WARN o.a.j.p.h.s.HTTPSamplerBase: Existing CookieManager HTTP cookie manager superseded by HTTP cookie manager
2026-01-27 17:18:45,855 WARN o.a.j.p.h.s.HTTPSamplerBase: Existing CookieManager HTTP cookie manager superseded by HTTP cookie manager
2026-01-27 17:18:45,888 WARN o.a.j.p.h.s.HTTPSamplerBase: Existing CookieManager HTTP cookie manager superseded by HTTP cookie manager
2026-01-27 17:18:45,898 WARN o.a.j.p.h.s.HTTPSamplerBase: Existing CookieManager HTTP cookie manager superseded by HTTP cookie manager
2026-01-27 17:18:45,906 WARN o.a.j.p.h.s.HTTPSamplerBase: Existing CookieManager HTTP cookie manager superseded by HTTP cookie manager
2026-01-27 17:18:46,007 WARN o.a.j.p.h.s.HTTPSamplerBase: Existing CookieManager HTTP cookie manager superseded by HTTP cookie manager
2026-01-27 17:18:46,027 WARN o.a.j.p.h.s.HTTPSamplerBase: Existing CookieManager HTTP cookie manager superseded by HTTP cookie manager
2026-01-27 17:18:46,038 WARN o.a.j.p.h.s.HTTPSamplerBase: Existing CookieManager HTTP cookie manager superseded by HTTP cookie manager
2026-01-27 17:18:46,060 WARN o.a.j.p.h.s.HTTPSamplerBase: Existing CookieManager HTTP cookie manager superseded by HTTP cookie manager
2026-01-27 17:18:46,144 WARN o.a.j.p.h.s.HTTPSamplerBase: Existing CookieManager HTTP cookie manager superseded by HTTP cookie manager
2026-01-27 17:18:46,145 WARN o.a.j.p.h.s.HTTPSamplerBase: Existing CookieManager HTTP cookie manager superseded by HTTP cookie manager
2026-01-27 17:18:46,161 WARN o.a.j.p.h.s.HTTPSamplerBase: Existing CookieManager HTTP cookie manager superseded by HTTP cookie manager
2026-01-27 17:18:46,164 WARN o.a.j.p.h.s.HTTPSamplerBase: Existing CookieManager HTTP cookie manager superseded by HTTP cookie manager
2026-01-27 17:18:46,232 WARN o.a.j.p.h.s.HTTPSamplerBase: Existing CookieManager HTTP cookie manager superseded by HTTP cookie manager
2026-01-27 17:18:46,249 WARN o.a.j.p.h.s.HTTPSamplerBase: Existing CookieManager HTTP cookie manager superseded by HTTP cookie manager
2026-01-27 17:18:46,254 WARN o.a.j.p.h.s.HTTPSamplerBase: Existing CookieManager HTTP cookie manager superseded by HTTP cookie manager
2026-01-27 17:18:46,269 WARN o.a.j.p.h.s.HTTPSamplerBase: Existing CookieManager HTTP cookie manager superseded by HTTP cookie manager
2026-01-27 17:18:46,273 WARN o.a.j.p.h.s.HTTPSamplerBase: Existing CookieManager HTTP cookie manager superseded by HTTP cookie manager
2026-01-27 17:18:46,282 WARN o.a.j.p.h.s.HTTPSamplerBase: Existing CookieManager HTTP cookie manager superseded by HTTP cookie manager
2026-01-27 17:18:46,287 WARN o.a.j.p.h.s.HTTPSamplerBase: Existing CookieManager HTTP cookie manager superseded by HTTP cookie manager
2026-01-27 17:18:46,321 WARN o.a.j.p.h.s.HTTPSamplerBase: Existing CookieManager HTTP cookie manager superseded by HTTP cookie manager
2026-01-27 17:18:46,321 WARN o.a.j.p.h.s.HTTPSamplerBase: Existing CookieManager HTTP cookie manager superseded by HTTP cookie manager
2026-01-27 17:18:46,332 WARN o.a.j.p.h.s.HTTPSamplerBase: Existing CookieManager HTTP cookie manager superseded by HTTP cookie manager
2026-01-27 17:18:46,332 WARN o.a.j.p.h.s.HTTPSamplerBase: Existing CookieManager HTTP cookie manager superseded by HTTP cookie manager
2026-01-27 17:18:46,356 WARN o.a.j.p.h.s.HTTPSamplerBase: Existing CookieManager HTTP cookie manager superseded by HTTP cookie manager
2026-01-27 17:18:46,366 WARN o.a.j.p.h.s.HTTPSamplerBase: Existing CookieManager HTTP cookie manager superseded by HTTP cookie manager
2026-01-27 17:18:46,367 WARN o.a.j.p.h.s.HTTPSamplerBase: Existing CookieManager HTTP cookie manager superseded by HTTP cookie manager
2026-01-27 17:18:46,379 WARN o.a.j.p.h.s.HTTPSamplerBase: Existing CookieManager HTTP cookie manager superseded by HTTP cookie manager
2026-01-27 17:18:46,384 WARN o.a.j.p.h.s.HTTPSamplerBase: Existing CookieManager HTTP cookie manager superseded by HTTP cookie manager
2026-01-27 17:18:46,479 WARN o.a.j.p.h.s.HTTPSamplerBase: Existing CookieManager HTTP cookie manager superseded by HTTP cookie manager
2026-01-27 17:18:46,480 WARN o.a.j.p.h.s.HTTPSamplerBase: Existing CookieManager HTTP cookie manager superseded by HTTP cookie manager
2026-01-27 17:18:46,550 WARN o.a.j.p.h.s.HTTPSamplerBase: Existing CookieManager HTTP cookie manager superseded by HTTP cookie manager
2026-01-27 17:18:46,555 WARN o.a.j.p.h.s.HTTPSamplerBase: Existing CookieManager HTTP cookie manager superseded by HTTP cookie manager
2026-01-27 17:18:46,592 WARN o.a.j.p.h.s.HTTPSamplerBase: Existing CookieManager HTTP cookie manager superseded by HTTP cookie manager
2026-01-27 17:18:46,595 WARN o.a.j.p.h.s.HTTPSamplerBase: Existing CookieManager HTTP cookie manager superseded by HTTP cookie manager
2026-01-27 17:18:46,628 WARN o.a.j.p.h.s.HTTPSamplerBase: Existing CookieManager HTTP cookie manager superseded by HTTP cookie manager
2026-01-27 17:18:46,743 WARN o.a.j.p.h.s.HTTPSamplerBase: Existing CookieManager HTTP cookie manager superseded by HTTP cookie manager
2026-01-27 17:18:46,765 WARN o.a.j.p.h.s.HTTPSamplerBase: Existing CookieManager HTTP cookie manager superseded by HTTP cookie manager
2026-01-27 17:18:46,822 WARN o.a.j.p.h.s.HTTPSamplerBase: Existing CookieManager HTTP cookie manager superseded by HTTP cookie manager
2026-01-27 17:18:46,822 WARN o.a.j.p.h.s.HTTPSamplerBase: Existing CookieManager HTTP cookie manager superseded by HTTP cookie manager
2026-01-27 17:18:46,839 WARN o.a.j.p.h.s.HTTPSamplerBase: Existing CookieManager HTTP cookie manager superseded by HTTP cookie manager
2026-01-27 17:18:46,909 WARN o.a.j.p.h.s.HTTPSamplerBase: Existing CookieManager HTTP cookie manager superseded by HTTP cookie manager
2026-01-27 17:18:46,936 WARN o.a.j.p.h.s.HTTPSamplerBase: Existing CookieManager HTTP cookie manager superseded by HTTP cookie manager
2026-01-27 17:18:46,936 WARN o.a.j.p.h.s.HTTPSamplerBase: Existing CookieManager HTTP cookie manager superseded by HTTP cookie manager
2026-01-27 17:18:46,949 WARN o.a.j.p.h.s.HTTPSamplerBase: Existing CookieManager HTTP cookie manager superseded by HTTP cookie manager
2026-01-27 17:18:46,961 WARN o.a.j.p.h.s.HTTPSamplerBase: Existing CookieManager HTTP cookie manager superseded by HTTP cookie manager
2026-01-27 17:18:46,980 WARN o.a.j.p.h.s.HTTPSamplerBase: Existing CookieManager HTTP cookie manager superseded by HTTP cookie manager
2026-01-27 17:18:47,028 WARN o.a.j.p.h.s.HTTPSamplerBase: Existing CookieManager HTTP cookie manager superseded by HTTP cookie manager
2026-01-27 17:18:47,044 WARN o.a.j.p.h.s.HTTPSamplerBase: Existing CookieManager HTTP cookie manager superseded by HTTP cookie manager
2026-01-27 17:18:47,052 WARN o.a.j.p.h.s.HTTPSamplerBase: Existing CookieManager HTTP cookie manager superseded by HTTP cookie manager
2026-01-27 17:18:47,060 WARN o.a.j.p.h.s.HTTPSamplerBase: Existing CookieManager HTTP cookie manager superseded by HTTP cookie manager
2026-01-27 17:18:47,072 WARN o.a.j.p.h.s.HTTPSamplerBase: Existing CookieManager HTTP cookie manager superseded by HTTP cookie manager
2026-01-27 17:18:47,075 WARN o.a.j.p.h.s.HTTPSamplerBase: Existing CookieManager HTTP cookie manager superseded by HTTP cookie manager
2026-01-27 17:18:47,093 WARN o.a.j.p.h.s.HTTPSamplerBase: Existing CookieManager HTTP cookie manager superseded by HTTP cookie manager
2026-01-27 17:18:47,103 WARN o.a.j.p.h.s.HTTPSamplerBase: Existing CookieManager HTTP cookie manager superseded by HTTP cookie manager
2026-01-27 17:18:47,117 WARN o.a.j.p.h.s.HTTPSamplerBase: Existing CookieManager HTTP cookie manager superseded by HTTP cookie manager
2026-01-27 17:18:47,141 WARN o.a.j.p.h.s.HTTPSamplerBase: Existing CookieManager HTTP cookie manager superseded by HTTP cookie manager
2026-01-27 17:18:47,145 WARN o.a.j.p.h.s.HTTPSamplerBase: Existing CookieManager HTTP cookie manager superseded by HTTP cookie manager
2026-01-27 17:18:47,236 WARN o.a.j.p.h.s.HTTPSamplerBase: Existing CookieManager HTTP cookie manager superseded by HTTP cookie manager
2026-01-27 17:18:47,290 WARN o.a.j.p.h.s.HTTPSamplerBase: Existing CookieManager HTTP cookie manager superseded by HTTP cookie manager
2026-01-27 17:18:47,291 WARN o.a.j.p.h.s.HTTPSamplerBase: Existing CookieManager HTTP cookie manager superseded by HTTP cookie manager
2026-01-27 17:18:47,293 WARN o.a.j.p.h.s.HTTPSamplerBase: Existing CookieManager HTTP cookie manager superseded by HTTP cookie manager
2026-01-27 17:18:47,363 WARN o.a.j.p.h.s.HTTPSamplerBase: Existing CookieManager HTTP cookie manager superseded by HTTP cookie manager
2026-01-27 17:18:47,368 WARN o.a.j.p.h.s.HTTPSamplerBase: Existing CookieManager HTTP cookie manager superseded by HTTP cookie manager
2026-01-27 17:18:47,422 WARN o.a.j.p.h.s.HTTPSamplerBase: Existing CookieManager HTTP cookie manager superseded by HTTP cookie manager
2026-01-27 17:18:47,426 WARN o.a.j.p.h.s.HTTPSamplerBase: Existing CookieManager HTTP cookie manager superseded by HTTP cookie manager
2026-01-27 17:18:47,428 WARN o.a.j.p.h.s.HTTPSamplerBase: Existing CookieManager HTTP cookie manager superseded by HTTP cookie manager
2026-01-27 17:18:47,435 WARN o.a.j.p.h.s.HTTPSamplerBase: Existing CookieManager HTTP cookie manager superseded by HTTP cookie manager
2026-01-27 17:18:47,450 WARN o.a.j.p.h.s.HTTPSamplerBase: Existing CookieManager HTTP cookie manager superseded by HTTP cookie manager
2026-01-27 17:18:47,483 WARN o.a.j.p.h.s.HTTPSamplerBase: Existing CookieManager HTTP cookie manager superseded by HTTP cookie manager
2026-01-27 17:18:47,494 WARN o.a.j.p.h.s.HTTPSamplerBase: Existing CookieManager HTTP cookie manager superseded by HTTP cookie manager
2026-01-27 17:18:47,522 WARN o.a.j.p.h.s.HTTPSamplerBase: Existing CookieManager HTTP cookie manager superseded by HTTP cookie manager
2026-01-27 17:18:47,620 WARN o.a.j.p.h.s.HTTPSamplerBase: Existing CookieManager HTTP cookie manager superseded by HTTP cookie manager
2026-01-27 17:18:47,626 WARN o.a.j.p.h.s.HTTPSamplerBase: Existing CookieManager HTTP cookie manager superseded by HTTP cookie manager
2026-01-27 17:18:47,626 WARN o.a.j.p.h.s.HTTPSamplerBase: Existing CookieManager HTTP cookie manager superseded by HTTP cookie manager
2026-01-27 17:18:47,640 WARN o.a.j.p.h.s.HTTPSamplerBase: Existing CookieManager HTTP cookie manager superseded by HTTP cookie manager
2026-01-27 17:18:47,654 WARN o.a.j.p.h.s.HTTPSamplerBase: Existing CookieManager HTTP cookie manager superseded by HTTP cookie manager
2026-01-27 17:18:47,685 WARN o.a.j.p.h.s.HTTPSamplerBase: Existing CookieManager HTTP cookie manager superseded by HTTP cookie manager
2026-01-27 17:18:47,735 WARN o.a.j.p.h.s.HTTPSamplerBase: Existing CookieManager HTTP cookie manager superseded by HTTP cookie manager
2026-01-27 17:18:47,764 WARN o.a.j.p.h.s.HTTPSamplerBase: Existing CookieManager HTTP cookie manager superseded by HTTP cookie manager
2026-01-27 17:18:47,801 WARN o.a.j.p.h.s.HTTPSamplerBase: Existing CookieManager HTTP cookie manager superseded by HTTP cookie manager
2026-01-27 17:18:47,819 WARN o.a.j.p.h.s.HTTPSamplerBase: Existing CookieManager HTTP cookie manager superseded by HTTP cookie manager
2026-01-27 17:18:47,819 WARN o.a.j.p.h.s.HTTPSamplerBase: Existing CookieManager HTTP cookie manager superseded by HTTP cookie manager
2026-01-27 17:18:47,820 WARN o.a.j.p.h.s.HTTPSamplerBase: Existing CookieManager HTTP cookie manager superseded by HTTP cookie manager
2026-01-27 17:18:47,860 WARN o.a.j.p.h.s.HTTPSamplerBase: Existing CookieManager HTTP cookie manager superseded by HTTP cookie manager
2026-01-27 17:18:47,873 WARN o.a.j.p.h.s.HTTPSamplerBase: Existing CookieManager HTTP cookie manager superseded by HTTP cookie manager
2026-01-27 17:18:47,878 WARN o.a.j.p.h.s.HTTPSamplerBase: Existing CookieManager HTTP cookie manager superseded by HTTP cookie manager
2026-01-27 17:18:48,022 WARN o.a.j.p.h.s.HTTPSamplerBase: Existing CookieManager HTTP cookie manager superseded by HTTP cookie manager
2026-01-27 17:18:48,029 WARN o.a.j.p.h.s.HTTPSamplerBase: Existing CookieManager HTTP cookie manager superseded by HTTP cookie manager
2026-01-27 17:18:48,034 WARN o.a.j.p.h.s.HTTPSamplerBase: Existing CookieManager HTTP cookie manager superseded by HTTP cookie manager
2026-01-27 17:18:48,035 WARN o.a.j.p.h.s.HTTPSamplerBase: Existing CookieManager HTTP cookie manager superseded by HTTP cookie manager
2026-01-27 17:18:48,049 WARN o.a.j.p.h.s.HTTPSamplerBase: Existing CookieManager HTTP cookie manager superseded by HTTP cookie manager
2026-01-27 17:18:48,052 WARN o.a.j.p.h.s.HTTPSamplerBase: Existing CookieManager HTTP cookie manager superseded by HTTP cookie manager
2026-01-27 17:18:48,068 WARN o.a.j.p.h.s.HTTPSamplerBase: Existing CookieManager HTTP cookie manager superseded by HTTP cookie manager
2026-01-27 17:18:48,068 WARN o.a.j.p.h.s.HTTPSamplerBase: Existing CookieManager HTTP cookie manager superseded by HTTP cookie manager
2026-01-27 17:18:48,069 WARN o.a.j.p.h.s.HTTPSamplerBase: Existing CookieManager HTTP cookie manager superseded by HTTP cookie manager
2026-01-27 17:18:48,077 WARN o.a.j.p.h.s.HTTPSamplerBase: Existing CookieManager HTTP cookie manager superseded by HTTP cookie manager
2026-01-27 17:18:48,097 WARN o.a.j.p.h.s.HTTPSamplerBase: Existing CookieManager HTTP cookie manager superseded by HTTP cookie manager
2026-01-27 17:18:48,141 WARN o.a.j.p.h.s.HTTPSamplerBase: Existing CookieManager HTTP cookie manager superseded by HTTP cookie manager
2026-01-27 17:18:48,181 WARN o.a.j.p.h.s.HTTPSamplerBase: Existing CookieManager HTTP cookie manager superseded by HTTP cookie manager
2026-01-27 17:18:48,182 WARN o.a.j.p.h.s.HTTPSamplerBase: Existing CookieManager HTTP cookie manager superseded by HTTP cookie manager
2026-01-27 17:18:48,183 WARN o.a.j.p.h.s.HTTPSamplerBase: Existing CookieManager HTTP cookie manager superseded by HTTP cookie manager
2026-01-27 17:18:48,244 WARN o.a.j.p.h.s.HTTPSamplerBase: Existing CookieManager HTTP cookie manager superseded by HTTP cookie manager
2026-01-27 17:18:48,271 WARN o.a.j.p.h.s.HTTPSamplerBase: Existing CookieManager HTTP cookie manager superseded by HTTP cookie manager
2026-01-27 17:18:48,284 WARN o.a.j.p.h.s.HTTPSamplerBase: Existing CookieManager HTTP cookie manager superseded by HTTP cookie manager
2026-01-27 17:18:48,294 WARN o.a.j.p.h.s.HTTPSamplerBase: Existing CookieManager HTTP cookie manager superseded by HTTP cookie manager
2026-01-27 17:18:48,296 WARN o.a.j.p.h.s.HTTPSamplerBase: Existing CookieManager HTTP cookie manager superseded by HTTP cookie manager
2026-01-27 17:18:48,328 WARN o.a.j.p.h.s.HTTPSamplerBase: Existing CookieManager HTTP cookie manager superseded by HTTP cookie manager
2026-01-27 17:18:48,341 WARN o.a.j.p.h.s.HTTPSamplerBase: Existing CookieManager HTTP cookie manager superseded by HTTP cookie manager
2026-01-27 17:18:48,349 WARN o.a.j.p.h.s.HTTPSamplerBase: Existing CookieManager HTTP cookie manager superseded by HTTP cookie manager
2026-01-27 17:18:48,352 WARN o.a.j.p.h.s.HTTPSamplerBase: Existing CookieManager HTTP cookie manager superseded by HTTP cookie manager
2026-01-27 17:18:48,372 WARN o.a.j.p.h.s.HTTPSamplerBase: Existing CookieManager HTTP cookie manager superseded by HTTP cookie manager
2026-01-27 17:18:48,412 WARN o.a.j.p.h.s.HTTPSamplerBase: Existing CookieManager HTTP cookie manager superseded by HTTP cookie manager
2026-01-27 17:18:48,470 WARN o.a.j.p.h.s.HTTPSamplerBase: Existing CookieManager HTTP cookie manager superseded by HTTP cookie manager
2026-01-27 17:18:48,485 WARN o.a.j.p.h.s.HTTPSamplerBase: Existing CookieManager HTTP cookie manager superseded by HTTP cookie manager
2026-01-27 17:18:48,514 WARN o.a.j.p.h.s.HTTPSamplerBase: Existing CookieManager HTTP cookie manager superseded by HTTP cookie manager
2026-01-27 17:18:48,542 WARN o.a.j.p.h.s.HTTPSamplerBase: Existing CookieManager HTTP cookie manager superseded by HTTP cookie manager
2026-01-27 17:18:48,573 WARN o.a.j.p.h.s.HTTPSamplerBase: Existing CookieManager HTTP cookie manager superseded by HTTP cookie manager
2026-01-27 17:18:48,577 WARN o.a.j.p.h.s.HTTPSamplerBase: Existing CookieManager HTTP cookie manager superseded by HTTP cookie manager
2026-01-27 17:18:48,603 WARN o.a.j.p.h.s.HTTPSamplerBase: Existing CookieManager HTTP cookie manager superseded by HTTP cookie manager
2026-01-27 17:18:48,603 WARN o.a.j.p.h.s.HTTPSamplerBase: Existing CookieManager HTTP cookie manager superseded by HTTP cookie manager
2026-01-27 17:18:48,606 WARN o.a.j.p.h.s.HTTPSamplerBase: Existing CookieManager HTTP cookie manager superseded by HTTP cookie manager
2026-01-27 17:18:48,637 WARN o.a.j.p.h.s.HTTPSamplerBase: Existing CookieManager HTTP cookie manager superseded by HTTP cookie manager
2026-01-27 17:18:48,678 WARN o.a.j.p.h.s.HTTPSamplerBase: Existing CookieManager HTTP cookie manager superseded by HTTP cookie manager
2026-01-27 17:18:48,678 WARN o.a.j.p.h.s.HTTPSamplerBase: Existing CookieManager HTTP cookie manager superseded by HTTP cookie manager
2026-01-27 17:18:48,691 WARN o.a.j.p.h.s.HTTPSamplerBase: Existing CookieManager HTTP cookie manager superseded by HTTP cookie manager
2026-01-27 17:18:48,726 WARN o.a.j.p.h.s.HTTPSamplerBase: Existing CookieManager HTTP cookie manager superseded by HTTP cookie manager
2026-01-27 17:18:48,753 WARN o.a.j.p.h.s.HTTPSamplerBase: Existing CookieManager HTTP cookie manager superseded by HTTP cookie manager
2026-01-27 17:18:48,756 WARN o.a.j.p.h.s.HTTPSamplerBase: Existing CookieManager HTTP cookie manager superseded by HTTP cookie manager
2026-01-27 17:18:48,767 WARN o.a.j.p.h.s.HTTPSamplerBase: Existing CookieManager HTTP cookie manager superseded by HTTP cookie manager
2026-01-27 17:18:48,768 WARN o.a.j.p.h.s.HTTPSamplerBase: Existing CookieManager HTTP cookie manager superseded by HTTP cookie manager
2026-01-27 17:18:48,779 WARN o.a.j.p.h.s.HTTPSamplerBase: Existing CookieManager HTTP cookie manager superseded by HTTP cookie manager
2026-01-27 17:18:48,832 WARN o.a.j.p.h.s.HTTPSamplerBase: Existing CookieManager HTTP cookie manager superseded by HTTP cookie manager
2026-01-27 17:18:48,841 WARN o.a.j.p.h.s.HTTPSamplerBase: Existing CookieManager HTTP cookie manager superseded by HTTP cookie manager
2026-01-27 17:18:48,844 WARN o.a.j.p.h.s.HTTPSamplerBase: Existing CookieManager HTTP cookie manager superseded by HTTP cookie manager
2026-01-27 17:18:48,862 WARN o.a.j.p.h.s.HTTPSamplerBase: Existing CookieManager HTTP cookie manager superseded by HTTP cookie manager
2026-01-27 17:18:48,948 WARN o.a.j.p.h.s.HTTPSamplerBase: Existing CookieManager HTTP cookie manager superseded by HTTP cookie manager
2026-01-27 17:18:48,949 WARN o.a.j.p.h.s.HTTPSamplerBase: Existing CookieManager HTTP cookie manager superseded by HTTP cookie manager
2026-01-27 17:18:48,956 WARN o.a.j.p.h.s.HTTPSamplerBase: Existing CookieManager HTTP cookie manager superseded by HTTP cookie manager
2026-01-27 17:18:48,984 WARN o.a.j.p.h.s.HTTPSamplerBase: Existing CookieManager HTTP cookie manager superseded by HTTP cookie manager
2026-01-27 17:18:48,989 WARN o.a.j.p.h.s.HTTPSamplerBase: Existing CookieManager HTTP cookie manager superseded by HTTP cookie manager
2026-01-27 17:18:48,993 WARN o.a.j.p.h.s.HTTPSamplerBase: Existing CookieManager HTTP cookie manager superseded by HTTP cookie manager
2026-01-27 17:18:49,021 WARN o.a.j.p.h.s.HTTPSamplerBase: Existing CookieManager HTTP cookie manager superseded by HTTP cookie manager
2026-01-27 17:18:49,024 WARN o.a.j.p.h.s.HTTPSamplerBase: Existing CookieManager HTTP cookie manager superseded by HTTP cookie manager
2026-01-27 17:18:49,061 WARN o.a.j.p.h.s.HTTPSamplerBase: Existing CookieManager HTTP cookie manager superseded by HTTP cookie manager
2026-01-27 17:18:49,131 WARN o.a.j.p.h.s.HTTPSamplerBase: Existing CookieManager HTTP cookie manager superseded by HTTP cookie manager
2026-01-27 17:18:49,143 WARN o.a.j.p.h.s.HTTPSamplerBase: Existing CookieManager HTTP cookie manager superseded by HTTP cookie manager
2026-01-27 17:18:49,147 WARN o.a.j.p.h.s.HTTPSamplerBase: Existing CookieManager HTTP cookie manager superseded by HTTP cookie manager
2026-01-27 17:18:49,167 WARN o.a.j.p.h.s.HTTPSamplerBase: Existing CookieManager HTTP cookie manager superseded by HTTP cookie manager
2026-01-27 17:18:49,178 WARN o.a.j.p.h.s.HTTPSamplerBase: Existing CookieManager HTTP cookie manager superseded by HTTP cookie manager
2026-01-27 17:18:49,188 WARN o.a.j.p.h.s.HTTPSamplerBase: Existing CookieManager HTTP cookie manager superseded by HTTP cookie manager
2026-01-27 17:18:49,248 WARN o.a.j.p.h.s.HTTPSamplerBase: Existing CookieManager HTTP cookie manager superseded by HTTP cookie manager
2026-01-27 17:18:49,267 WARN o.a.j.p.h.s.HTTPSamplerBase: Existing CookieManager HTTP cookie manager superseded by HTTP cookie manager
2026-01-27 17:18:49,270 WARN o.a.j.p.h.s.HTTPSamplerBase: Existing CookieManager HTTP cookie manager superseded by HTTP cookie manager
2026-01-27 17:18:49,298 WARN o.a.j.p.h.s.HTTPSamplerBase: Existing CookieManager HTTP cookie manager superseded by HTTP cookie manager
2026-01-27 17:18:49,300 WARN o.a.j.p.h.s.HTTPSamplerBase: Existing CookieManager HTTP cookie manager superseded by HTTP cookie manager
2026-01-27 17:18:49,307 WARN o.a.j.p.h.s.HTTPSamplerBase: Existing CookieManager HTTP cookie manager superseded by HTTP cookie manager
2026-01-27 17:18:49,352 WARN o.a.j.p.h.s.HTTPSamplerBase: Existing CookieManager HTTP cookie manager superseded by HTTP cookie manager
2026-01-27 17:18:49,376 WARN o.a.j.p.h.s.HTTPSamplerBase: Existing CookieManager HTTP cookie manager superseded by HTTP cookie manager
2026-01-27 17:18:49,387 WARN o.a.j.p.h.s.HTTPSamplerBase: Existing CookieManager HTTP cookie manager superseded by HTTP cookie manager
2026-01-27 17:18:49,392 WARN o.a.j.p.h.s.HTTPSamplerBase: Existing CookieManager HTTP cookie manager superseded by HTTP cookie manager
2026-01-27 17:18:49,395 WARN o.a.j.p.h.s.HTTPSamplerBase: Existing CookieManager HTTP cookie manager superseded by HTTP cookie manager
2026-01-27 17:18:49,428 WARN o.a.j.p.h.s.HTTPSamplerBase: Existing CookieManager HTTP cookie manager superseded by HTTP cookie manager
2026-01-27 17:18:49,444 WARN o.a.j.p.h.s.HTTPSamplerBase: Existing CookieManager HTTP cookie manager superseded by HTTP cookie manager
2026-01-27 17:18:49,453 WARN o.a.j.p.h.s.HTTPSamplerBase: Existing CookieManager HTTP cookie manager superseded by HTTP cookie manager
2026-01-27 17:18:49,519 WARN o.a.j.p.h.s.HTTPSamplerBase: Existing CookieManager HTTP cookie manager superseded by HTTP cookie manager
2026-01-27 17:18:49,526 WARN o.a.j.p.h.s.HTTPSamplerBase: Existing CookieManager HTTP cookie manager superseded by HTTP cookie manager
2026-01-27 17:18:49,531 WARN o.a.j.p.h.s.HTTPSamplerBase: Existing CookieManager HTTP cookie manager superseded by HTTP cookie manager
2026-01-27 17:18:49,560 WARN o.a.j.p.h.s.HTTPSamplerBase: Existing CookieManager HTTP cookie manager superseded by HTTP cookie manager
2026-01-27 17:18:49,574 WARN o.a.j.p.h.s.HTTPSamplerBase: Existing CookieManager HTTP cookie manager superseded by HTTP cookie manager
2026-01-27 17:18:49,581 WARN o.a.j.p.h.s.HTTPSamplerBase: Existing CookieManager HTTP cookie manager superseded by HTTP cookie manager
2026-01-27 17:18:49,613 WARN o.a.j.p.h.s.HTTPSamplerBase: Existing CookieManager HTTP cookie manager superseded by HTTP cookie manager
2026-01-27 17:18:49,613 WARN o.a.j.p.h.s.HTTPSamplerBase: Existing CookieManager HTTP cookie manager superseded by HTTP cookie manager
2026-01-27 17:18:49,638 WARN o.a.j.p.h.s.HTTPSamplerBase: Existing CookieManager HTTP cookie manager superseded by HTTP cookie manager
2026-01-27 17:18:49,638 WARN o.a.j.p.h.s.HTTPSamplerBase: Existing CookieManager HTTP cookie manager superseded by HTTP cookie manager
2026-01-27 17:18:49,663 WARN o.a.j.p.h.s.HTTPSamplerBase: Existing CookieManager HTTP cookie manager superseded by HTTP cookie manager
2026-01-27 17:18:49,674 WARN o.a.j.p.h.s.HTTPSamplerBase: Existing CookieManager HTTP cookie manager superseded by HTTP cookie manager
2026-01-27 17:18:49,684 WARN o.a.j.p.h.s.HTTPSamplerBase: Existing CookieManager HTTP cookie manager superseded by HTTP cookie manager
2026-01-27 17:18:49,706 WARN o.a.j.p.h.s.HTTPSamplerBase: Existing CookieManager HTTP cookie manager superseded by HTTP cookie manager
2026-01-27 17:18:49,717 WARN o.a.j.p.h.s.HTTPSamplerBase: Existing CookieManager HTTP cookie manager superseded by HTTP cookie manager
2026-01-27 17:18:49,736 WARN o.a.j.p.h.s.HTTPSamplerBase: Existing CookieManager HTTP cookie manager superseded by HTTP cookie manager
2026-01-27 17:18:49,739 WARN o.a.j.p.h.s.HTTPSamplerBase: Existing CookieManager HTTP cookie manager superseded by HTTP cookie manager
2026-01-27 17:18:49,753 WARN o.a.j.p.h.s.HTTPSamplerBase: Existing CookieManager HTTP cookie manager superseded by HTTP cookie manager
2026-01-27 17:18:49,778 WARN o.a.j.p.h.s.HTTPSamplerBase: Existing CookieManager HTTP cookie manager superseded by HTTP cookie manager
2026-01-27 17:18:49,778 WARN o.a.j.p.h.s.HTTPSamplerBase: Existing CookieManager HTTP cookie manager superseded by HTTP cookie manager
2026-01-27 17:18:49,791 WARN o.a.j.p.h.s.HTTPSamplerBase: Existing CookieManager HTTP cookie manager superseded by HTTP cookie manager
2026-01-27 17:18:49,801 WARN o.a.j.p.h.s.HTTPSamplerBase: Existing CookieManager HTTP cookie manager superseded by HTTP cookie manager
2026-01-27 17:18:49,803 WARN o.a.j.p.h.s.HTTPSamplerBase: Existing CookieManager HTTP cookie manager superseded by HTTP cookie manager
2026-01-27 17:18:49,832 WARN o.a.j.p.h.s.HTTPSamplerBase: Existing CookieManager HTTP cookie manager superseded by HTTP cookie manager
2026-01-27 17:18:49,832 WARN o.a.j.p.h.s.HTTPSamplerBase: Existing CookieManager HTTP cookie manager superseded by HTTP cookie manager
2026-01-27 17:18:49,832 WARN o.a.j.p.h.s.HTTPSamplerBase: Existing CookieManager HTTP cookie manager superseded by HTTP cookie manager
2026-01-27 17:18:49,859 WARN o.a.j.p.h.s.HTTPSamplerBase: Existing CookieManager HTTP cookie manager superseded by HTTP cookie manager
2026-01-27 17:18:49,882 WARN o.a.j.p.h.s.HTTPSamplerBase: Existing CookieManager HTTP cookie manager superseded by HTTP cookie manager
2026-01-27 17:18:49,910 WARN o.a.j.p.h.s.HTTPSamplerBase: Existing CookieManager HTTP cookie manager superseded by HTTP cookie manager
2026-01-27 17:18:49,927 WARN o.a.j.p.h.s.HTTPSamplerBase: Existing CookieManager HTTP cookie manager superseded by HTTP cookie manager
2026-01-27 17:18:49,939 WARN o.a.j.p.h.s.HTTPSamplerBase: Existing CookieManager HTTP cookie manager superseded by HTTP cookie manager
2026-01-27 17:18:49,962 WARN o.a.j.p.h.s.HTTPSamplerBase: Existing CookieManager HTTP cookie manager superseded by HTTP cookie manager
2026-01-27 17:18:49,970 WARN o.a.j.p.h.s.HTTPSamplerBase: Existing CookieManager HTTP cookie manager superseded by HTTP cookie manager
2026-01-27 17:18:49,991 WARN o.a.j.p.h.s.HTTPSamplerBase: Existing CookieManager HTTP cookie manager superseded by HTTP cookie manager
2026-01-27 17:18:50,023 WARN o.a.j.p.h.s.HTTPSamplerBase: Existing CookieManager HTTP cookie manager superseded by HTTP cookie manager
2026-01-27 17:18:50,025 WARN o.a.j.p.h.s.HTTPSamplerBase: Existing CookieManager HTTP cookie manager superseded by HTTP cookie manager
2026-01-27 17:18:50,072 WARN o.a.j.p.h.s.HTTPSamplerBase: Existing CookieManager HTTP cookie manager superseded by HTTP cookie manager
2026-01-27 17:18:50,113 WARN o.a.j.p.h.s.HTTPSamplerBase: Existing CookieManager HTTP cookie manager superseded by HTTP cookie manager
2026-01-27 17:18:50,114 WARN o.a.j.p.h.s.HTTPSamplerBase: Existing CookieManager HTTP cookie manager superseded by HTTP cookie manager
2026-01-27 17:18:50,171 WARN o.a.j.p.h.s.HTTPSamplerBase: Existing CookieManager HTTP cookie manager superseded by HTTP cookie manager
2026-01-27 17:18:50,200 WARN o.a.j.p.h.s.HTTPSamplerBase: Existing CookieManager HTTP cookie manager superseded by HTTP cookie manager
2026-01-27 17:18:50,221 WARN o.a.j.p.h.s.HTTPSamplerBase: Existing CookieManager HTTP cookie manager superseded by HTTP cookie manager
2026-01-27 17:18:50,268 WARN o.a.j.p.h.s.HTTPSamplerBase: Existing CookieManager HTTP cookie manager superseded by HTTP cookie manager
2026-01-27 17:18:50,274 WARN o.a.j.p.h.s.HTTPSamplerBase: Existing CookieManager HTTP cookie manager superseded by HTTP cookie manager
2026-01-27 17:18:50,310 WARN o.a.j.p.h.s.HTTPSamplerBase: Existing CookieManager HTTP cookie manager superseded by HTTP cookie manager
2026-01-27 17:18:50,316 WARN o.a.j.p.h.s.HTTPSamplerBase: Existing CookieManager HTTP cookie manager superseded by HTTP cookie manager
2026-01-27 17:18:50,322 WARN o.a.j.p.h.s.HTTPSamplerBase: Existing CookieManager HTTP cookie manager superseded by HTTP cookie manager
2026-01-27 17:18:50,325 WARN o.a.j.p.h.s.HTTPSamplerBase: Existing CookieManager HTTP cookie manager superseded by HTTP cookie manager
2026-01-27 17:18:50,325 WARN o.a.j.p.h.s.HTTPSamplerBase: Existing CookieManager HTTP cookie manager superseded by HTTP cookie manager
2026-01-27 17:18:50,344 WARN o.a.j.p.h.s.HTTPSamplerBase: Existing CookieManager HTTP cookie manager superseded by HTTP cookie manager
2026-01-27 17:18:50,365 WARN o.a.j.p.h.s.HTTPSamplerBase: Existing CookieManager HTTP cookie manager superseded by HTTP cookie manager
2026-01-27 17:18:50,387 WARN o.a.j.p.h.s.HTTPSamplerBase: Existing CookieManager HTTP cookie manager superseded by HTTP cookie manager
2026-01-27 17:18:50,400 WARN o.a.j.p.h.s.HTTPSamplerBase: Existing CookieManager HTTP cookie manager superseded by HTTP cookie manager
2026-01-27 17:18:50,404 WARN o.a.j.p.h.s.HTTPSamplerBase: Existing CookieManager HTTP cookie manager superseded by HTTP cookie manager
2026-01-27 17:18:50,430 WARN o.a.j.p.h.s.HTTPSamplerBase: Existing CookieManager HTTP cookie manager superseded by HTTP cookie manager
2026-01-27 17:18:50,446 WARN o.a.j.p.h.s.HTTPSamplerBase: Existing CookieManager HTTP cookie manager superseded by HTTP cookie manager
2026-01-27 17:18:50,470 WARN o.a.j.p.h.s.HTTPSamplerBase: Existing CookieManager HTTP cookie manager superseded by HTTP cookie manager
2026-01-27 17:18:50,482 WARN o.a.j.p.h.s.HTTPSamplerBase: Existing CookieManager HTTP cookie manager superseded by HTTP cookie manager
2026-01-27 17:18:50,489 WARN o.a.j.p.h.s.HTTPSamplerBase: Existing CookieManager HTTP cookie manager superseded by HTTP cookie manager
2026-01-27 17:18:50,516 WARN o.a.j.p.h.s.HTTPSamplerBase: Existing CookieManager HTTP cookie manager superseded by HTTP cookie manager
2026-01-27 17:18:50,531 WARN o.a.j.p.h.s.HTTPSamplerBase: Existing CookieManager HTTP cookie manager superseded by HTTP cookie manager
2026-01-27 17:18:50,566 WARN o.a.j.p.h.s.HTTPSamplerBase: Existing CookieManager HTTP cookie manager superseded by HTTP cookie manager
2026-01-27 17:18:50,569 WARN o.a.j.p.h.s.HTTPSamplerBase: Existing CookieManager HTTP cookie manager superseded by HTTP cookie manager
2026-01-27 17:18:50,576 WARN o.a.j.p.h.s.HTTPSamplerBase: Existing CookieManager HTTP cookie manager superseded by HTTP cookie manager
2026-01-27 17:18:50,585 WARN o.a.j.p.h.s.HTTPSamplerBase: Existing CookieManager HTTP cookie manager superseded by HTTP cookie manager
2026-01-27 17:18:50,596 WARN o.a.j.p.h.s.HTTPSamplerBase: Existing CookieManager HTTP cookie manager superseded by HTTP cookie manager
2026-01-27 17:18:50,614 WARN o.a.j.p.h.s.HTTPSamplerBase: Existing CookieManager HTTP cookie manager superseded by HTTP cookie manager
2026-01-27 17:18:50,633 WARN o.a.j.p.h.s.HTTPSamplerBase: Existing CookieManager HTTP cookie manager superseded by HTTP cookie manager
2026-01-27 17:18:50,657 WARN o.a.j.p.h.s.HTTPSamplerBase: Existing CookieManager HTTP cookie manager superseded by HTTP cookie manager
2026-01-27 17:18:50,668 WARN o.a.j.p.h.s.HTTPSamplerBase: Existing CookieManager HTTP cookie manager superseded by HTTP cookie manager
2026-01-27 17:18:50,679 WARN o.a.j.p.h.s.HTTPSamplerBase: Existing CookieManager HTTP cookie manager superseded by HTTP cookie manager
2026-01-27 17:18:50,684 WARN o.a.j.p.h.s.HTTPSamplerBase: Existing CookieManager HTTP cookie manager superseded by HTTP cookie manager
2026-01-27 17:18:50,684 WARN o.a.j.p.h.s.HTTPSamplerBase: Existing CookieManager HTTP cookie manager superseded by HTTP cookie manager
2026-01-27 17:18:50,713 WARN o.a.j.p.h.s.HTTPSamplerBase: Existing CookieManager HTTP cookie manager superseded by HTTP cookie manager
2026-01-27 17:18:50,721 WARN o.a.j.p.h.s.HTTPSamplerBase: Existing CookieManager HTTP cookie manager superseded by HTTP cookie manager
2026-01-27 17:18:50,730 WARN o.a.j.p.h.s.HTTPSamplerBase: Existing CookieManager HTTP cookie manager superseded by HTTP cookie manager
2026-01-27 17:18:50,740 WARN o.a.j.p.h.s.HTTPSamplerBase: Existing CookieManager HTTP cookie manager superseded by HTTP cookie manager
2026-01-27 17:18:50,751 WARN o.a.j.p.h.s.HTTPSamplerBase: Existing CookieManager HTTP cookie manager superseded by HTTP cookie manager
2026-01-27 17:18:50,759 WARN o.a.j.p.h.s.HTTPSamplerBase: Existing CookieManager HTTP cookie manager superseded by HTTP cookie manager
2026-01-27 17:18:50,771 WARN o.a.j.p.h.s.HTTPSamplerBase: Existing CookieManager HTTP cookie manager superseded by HTTP cookie manager
2026-01-27 17:18:50,777 WARN o.a.j.p.h.s.HTTPSamplerBase: Existing CookieManager HTTP cookie manager superseded by HTTP cookie manager
2026-01-27 17:18:50,809 WARN o.a.j.p.h.s.HTTPSamplerBase: Existing CookieManager HTTP cookie manager superseded by HTTP cookie manager
2026-01-27 17:18:50,823 WARN o.a.j.p.h.s.HTTPSamplerBase: Existing CookieManager HTTP cookie manager superseded by HTTP cookie manager
2026-01-27 17:18:50,831 WARN o.a.j.p.h.s.HTTPSamplerBase: Existing CookieManager HTTP cookie manager superseded by HTTP cookie manager
2026-01-27 17:18:50,867 WARN o.a.j.p.h.s.HTTPSamplerBase: Existing CookieManager HTTP cookie manager superseded by HTTP cookie manager
2026-01-27 17:18:50,868 WARN o.a.j.p.h.s.HTTPSamplerBase: Existing CookieManager HTTP cookie manager superseded by HTTP cookie manager
2026-01-27 17:18:50,885 WARN o.a.j.p.h.s.HTTPSamplerBase: Existing CookieManager HTTP cookie manager superseded by HTTP cookie manager
2026-01-27 17:18:50,922 WARN o.a.j.p.h.s.HTTPSamplerBase: Existing CookieManager HTTP cookie manager superseded by HTTP cookie manager
2026-01-27 17:18:50,929 WARN o.a.j.p.h.s.HTTPSamplerBase: Existing CookieManager HTTP cookie manager superseded by HTTP cookie manager
2026-01-27 17:18:50,939 WARN o.a.j.p.h.s.HTTPSamplerBase: Existing CookieManager HTTP cookie manager superseded by HTTP cookie manager
2026-01-27 17:18:50,951 WARN o.a.j.p.h.s.HTTPSamplerBase: Existing CookieManager HTTP cookie manager superseded by HTTP cookie manager
2026-01-27 17:18:50,957 WARN o.a.j.p.h.s.HTTPSamplerBase: Existing CookieManager HTTP cookie manager superseded by HTTP cookie manager
2026-01-27 17:18:50,976 WARN o.a.j.p.h.s.HTTPSamplerBase: Existing CookieManager HTTP cookie manager superseded by HTTP cookie manager
2026-01-27 17:18:50,979 WARN o.a.j.p.h.s.HTTPSamplerBase: Existing CookieManager HTTP cookie manager superseded by HTTP cookie manager
2026-01-27 17:18:50,981 WARN o.a.j.p.h.s.HTTPSamplerBase: Existing CookieManager HTTP cookie manager superseded by HTTP cookie manager
2026-01-27 17:18:51,006 WARN o.a.j.p.h.s.HTTPSamplerBase: Existing CookieManager HTTP cookie manager superseded by HTTP cookie manager
2026-01-27 17:18:51,020 WARN o.a.j.p.h.s.HTTPSamplerBase: Existing CookieManager HTTP cookie manager superseded by HTTP cookie manager
2026-01-27 17:18:51,059 WARN o.a.j.p.h.s.HTTPSamplerBase: Existing CookieManager HTTP cookie manager superseded by HTTP cookie manager
2026-01-27 17:18:51,060 WARN o.a.j.p.h.s.HTTPSamplerBase: Existing CookieManager HTTP cookie manager superseded by HTTP cookie manager
2026-01-27 17:18:51,071 WARN o.a.j.p.h.s.HTTPSamplerBase: Existing CookieManager HTTP cookie manager superseded by HTTP cookie manager
2026-01-27 17:18:51,082 WARN o.a.j.p.h.s.HTTPSamplerBase: Existing CookieManager HTTP cookie manager superseded by HTTP cookie manager
2026-01-27 17:18:51,083 WARN o.a.j.p.h.s.HTTPSamplerBase: Existing CookieManager HTTP cookie manager superseded by HTTP cookie manager
2026-01-27 17:18:51,129 WARN o.a.j.p.h.s.HTTPSamplerBase: Existing CookieManager HTTP cookie manager superseded by HTTP cookie manager
2026-01-27 17:18:51,150 WARN o.a.j.p.h.s.HTTPSamplerBase: Existing CookieManager HTTP cookie manager superseded by HTTP cookie manager
2026-01-27 17:18:51,150 WARN o.a.j.p.h.s.HTTPSamplerBase: Existing CookieManager HTTP cookie manager superseded by HTTP cookie manager
2026-01-27 17:18:51,160 WARN o.a.j.p.h.s.HTTPSamplerBase: Existing CookieManager HTTP cookie manager superseded by HTTP cookie manager
2026-01-27 17:18:51,161 WARN o.a.j.p.h.s.HTTPSamplerBase: Existing CookieManager HTTP cookie manager superseded by HTTP cookie manager
2026-01-27 17:18:51,211 WARN o.a.j.p.h.s.HTTPSamplerBase: Existing CookieManager HTTP cookie manager superseded by HTTP cookie manager
2026-01-27 17:18:51,214 WARN o.a.j.p.h.s.HTTPSamplerBase: Existing CookieManager HTTP cookie manager superseded by HTTP cookie manager
2026-01-27 17:18:51,264 WARN o.a.j.p.h.s.HTTPSamplerBase: Existing CookieManager HTTP cookie manager superseded by HTTP cookie manager
2026-01-27 17:18:51,289 WARN o.a.j.p.h.s.HTTPSamplerBase: Existing CookieManager HTTP cookie manager superseded by HTTP cookie manager
2026-01-27 17:18:51,294 WARN o.a.j.p.h.s.HTTPSamplerBase: Existing CookieManager HTTP cookie manager superseded by HTTP cookie manager
2026-01-27 17:18:51,296 WARN o.a.j.p.h.s.HTTPSamplerBase: Existing CookieManager HTTP cookie manager superseded by HTTP cookie manager
2026-01-27 17:18:51,307 WARN o.a.j.p.h.s.HTTPSamplerBase: Existing CookieManager HTTP cookie manager superseded by HTTP cookie manager
2026-01-27 17:18:51,307 WARN o.a.j.p.h.s.HTTPSamplerBase: Existing CookieManager HTTP cookie manager superseded by HTTP cookie manager
2026-01-27 17:18:51,333 WARN o.a.j.p.h.s.HTTPSamplerBase: Existing CookieManager HTTP cookie manager superseded by HTTP cookie manager
2026-01-27 17:18:51,345 WARN o.a.j.p.h.s.HTTPSamplerBase: Existing CookieManager HTTP cookie manager superseded by HTTP cookie manager
2026-01-27 17:18:51,348 WARN o.a.j.p.h.s.HTTPSamplerBase: Existing CookieManager HTTP cookie manager superseded by HTTP cookie manager
2026-01-27 17:18:51,359 WARN o.a.j.p.h.s.HTTPSamplerBase: Existing CookieManager HTTP cookie manager superseded by HTTP cookie manager
2026-01-27 17:18:51,376 WARN o.a.j.p.h.s.HTTPSamplerBase: Existing CookieManager HTTP cookie manager superseded by HTTP cookie manager
2026-01-27 17:18:51,391 WARN o.a.j.p.h.s.HTTPSamplerBase: Existing CookieManager HTTP cookie manager superseded by HTTP cookie manager
2026-01-27 17:18:51,398 WARN o.a.j.p.h.s.HTTPSamplerBase: Existing CookieManager HTTP cookie manager superseded by HTTP cookie manager
2026-01-27 17:18:51,399 WARN o.a.j.p.h.s.HTTPSamplerBase: Existing CookieManager HTTP cookie manager superseded by HTTP cookie manager
2026-01-27 17:18:51,412 WARN o.a.j.p.h.s.HTTPSamplerBase: Existing CookieManager HTTP cookie manager superseded by HTTP cookie manager
2026-01-27 17:18:51,418 WARN o.a.j.p.h.s.HTTPSamplerBase: Existing CookieManager HTTP cookie manager superseded by HTTP cookie manager
2026-01-27 17:18:51,439 WARN o.a.j.p.h.s.HTTPSamplerBase: Existing CookieManager HTTP cookie manager superseded by HTTP cookie manager
2026-01-27 17:18:51,440 WARN o.a.j.p.h.s.HTTPSamplerBase: Existing CookieManager HTTP cookie manager superseded by HTTP cookie manager
2026-01-27 17:18:51,469 WARN o.a.j.p.h.s.HTTPSamplerBase: Existing CookieManager HTTP cookie manager superseded by HTTP cookie manager
2026-01-27 17:18:51,489 WARN o.a.j.p.h.s.HTTPSamplerBase: Existing CookieManager HTTP cookie manager superseded by HTTP cookie manager
2026-01-27 17:18:51,491 WARN o.a.j.p.h.s.HTTPSamplerBase: Existing CookieManager HTTP cookie manager superseded by HTTP cookie manager
2026-01-27 17:18:51,500 WARN o.a.j.p.h.s.HTTPSamplerBase: Existing CookieManager HTTP cookie manager superseded by HTTP cookie manager
2026-01-27 17:18:51,559 WARN o.a.j.p.h.s.HTTPSamplerBase: Existing CookieManager HTTP cookie manager superseded by HTTP cookie manager
2026-01-27 17:18:51,596 WARN o.a.j.p.h.s.HTTPSamplerBase: Existing CookieManager HTTP cookie manager superseded by HTTP cookie manager
2026-01-27 17:18:51,614 WARN o.a.j.p.h.s.HTTPSamplerBase: Existing CookieManager HTTP cookie manager superseded by HTTP cookie manager
2026-01-27 17:18:51,628 WARN o.a.j.p.h.s.HTTPSamplerBase: Existing CookieManager HTTP cookie manager superseded by HTTP cookie manager
2026-01-27 17:18:51,637 WARN o.a.j.p.h.s.HTTPSamplerBase: Existing CookieManager HTTP cookie manager superseded by HTTP cookie manager
2026-01-27 17:18:51,647 WARN o.a.j.p.h.s.HTTPSamplerBase: Existing CookieManager HTTP cookie manager superseded by HTTP cookie manager
2026-01-27 17:18:51,650 WARN o.a.j.p.h.s.HTTPSamplerBase: Existing CookieManager HTTP cookie manager superseded by HTTP cookie manager
2026-01-27 17:18:51,653 WARN o.a.j.p.h.s.HTTPSamplerBase: Existing CookieManager HTTP cookie manager superseded by HTTP cookie manager
2026-01-27 17:18:51,656 WARN o.a.j.p.h.s.HTTPSamplerBase: Existing CookieManager HTTP cookie manager superseded by HTTP cookie manager
2026-01-27 17:18:51,698 WARN o.a.j.p.h.s.HTTPSamplerBase: Existing CookieManager HTTP cookie manager superseded by HTTP cookie manager
2026-01-27 17:18:51,730 WARN o.a.j.p.h.s.HTTPSamplerBase: Existing CookieManager HTTP cookie manager superseded by HTTP cookie manager
2026-01-27 17:18:51,732 WARN o.a.j.p.h.s.HTTPSamplerBase: Existing CookieManager HTTP cookie manager superseded by HTTP cookie manager
2026-01-27 17:18:51,739 WARN o.a.j.p.h.s.HTTPSamplerBase: Existing CookieManager HTTP cookie manager superseded by HTTP cookie manager
2026-01-27 17:18:51,796 WARN o.a.j.p.h.s.HTTPSamplerBase: Existing CookieManager HTTP cookie manager superseded by HTTP cookie manager
2026-01-27 17:18:51,797 WARN o.a.j.p.h.s.HTTPSamplerBase: Existing CookieManager HTTP cookie manager superseded by HTTP cookie manager
2026-01-27 17:18:51,903 WARN o.a.j.p.h.s.HTTPSamplerBase: Existing CookieManager HTTP cookie manager superseded by HTTP cookie manager
2026-01-27 17:18:51,914 WARN o.a.j.p.h.s.HTTPSamplerBase: Existing CookieManager HTTP cookie manager superseded by HTTP cookie manager
2026-01-27 17:18:51,914 WARN o.a.j.p.h.s.HTTPSamplerBase: Existing CookieManager HTTP cookie manager superseded by HTTP cookie manager
2026-01-27 17:18:51,915 WARN o.a.j.p.h.s.HTTPSamplerBase: Existing CookieManager HTTP cookie manager superseded by HTTP cookie manager
2026-01-27 17:18:51,915 WARN o.a.j.p.h.s.HTTPSamplerBase: Existing CookieManager HTTP cookie manager superseded by HTTP cookie manager
2026-01-27 17:18:51,917 WARN o.a.j.p.h.s.HTTPSamplerBase: Existing CookieManager HTTP cookie manager superseded by HTTP cookie manager
2026-01-27 17:18:51,920 WARN o.a.j.p.h.s.HTTPSamplerBase: Existing CookieManager HTTP cookie manager superseded by HTTP cookie manager
2026-01-27 17:18:51,928 WARN o.a.j.p.h.s.HTTPSamplerBase: Existing CookieManager HTTP cookie manager superseded by HTTP cookie manager
2026-01-27 17:18:51,947 WARN o.a.j.p.h.s.HTTPSamplerBase: Existing CookieManager HTTP cookie manager superseded by HTTP cookie manager
2026-01-27 17:18:51,961 WARN o.a.j.p.h.s.HTTPSamplerBase: Existing CookieManager HTTP cookie manager superseded by HTTP cookie manager
2026-01-27 17:18:51,965 WARN o.a.j.p.h.s.HTTPSamplerBase: Existing CookieManager HTTP cookie manager superseded by HTTP cookie manager
2026-01-27 17:18:51,968 WARN o.a.j.p.h.s.HTTPSamplerBase: Existing CookieManager HTTP cookie manager superseded by HTTP cookie manager
2026-01-27 17:18:51,975 WARN o.a.j.p.h.s.HTTPSamplerBase: Existing CookieManager HTTP cookie manager superseded by HTTP cookie manager
2026-01-27 17:18:51,986 WARN o.a.j.p.h.s.HTTPSamplerBase: Existing CookieManager HTTP cookie manager superseded by HTTP cookie manager
2026-01-27 17:18:51,988 WARN o.a.j.p.h.s.HTTPSamplerBase: Existing CookieManager HTTP cookie manager superseded by HTTP cookie manager
2026-01-27 17:18:51,993 WARN o.a.j.p.h.s.HTTPSamplerBase: Existing CookieManager HTTP cookie manager superseded by HTTP cookie manager
2026-01-27 17:18:51,993 WARN o.a.j.p.h.s.HTTPSamplerBase: Existing CookieManager HTTP cookie manager superseded by HTTP cookie manager
2026-01-27 17:18:52,014 WARN o.a.j.p.h.s.HTTPSamplerBase: Existing CookieManager HTTP cookie manager superseded by HTTP cookie manager
2026-01-27 17:18:52,017 WARN o.a.j.p.h.s.HTTPSamplerBase: Existing CookieManager HTTP cookie manager superseded by HTTP cookie manager
2026-01-27 17:18:52,037 WARN o.a.j.p.h.s.HTTPSamplerBase: Existing CookieManager HTTP cookie manager superseded by HTTP cookie manager
2026-01-27 17:18:52,064 WARN o.a.j.p.h.s.HTTPSamplerBase: Existing CookieManager HTTP cookie manager superseded by HTTP cookie manager
2026-01-27 17:18:52,086 WARN o.a.j.p.h.s.HTTPSamplerBase: Existing CookieManager HTTP cookie manager superseded by HTTP cookie manager
2026-01-27 17:18:52,124 WARN o.a.j.p.h.s.HTTPSamplerBase: Existing CookieManager HTTP cookie manager superseded by HTTP cookie manager
2026-01-27 17:18:52,125 WARN o.a.j.p.h.s.HTTPSamplerBase: Existing CookieManager HTTP cookie manager superseded by HTTP cookie manager
2026-01-27 17:18:52,127 WARN o.a.j.p.h.s.HTTPSamplerBase: Existing CookieManager HTTP cookie manager superseded by HTTP cookie manager
2026-01-27 17:18:52,141 WARN o.a.j.p.h.s.HTTPSamplerBase: Existing CookieManager HTTP cookie manager superseded by HTTP cookie manager
2026-01-27 17:18:52,151 WARN o.a.j.p.h.s.HTTPSamplerBase: Existing CookieManager HTTP cookie manager superseded by HTTP cookie manager
2026-01-27 17:18:52,154 WARN o.a.j.p.h.s.HTTPSamplerBase: Existing CookieManager HTTP cookie manager superseded by HTTP cookie manager
2026-01-27 17:18:52,156 WARN o.a.j.p.h.s.HTTPSamplerBase: Existing CookieManager HTTP cookie manager superseded by HTTP cookie manager
2026-01-27 17:18:52,166 WARN o.a.j.p.h.s.HTTPSamplerBase: Existing CookieManager HTTP cookie manager superseded by HTTP cookie manager
2026-01-27 17:18:52,183 WARN o.a.j.p.h.s.HTTPSamplerBase: Existing CookieManager HTTP cookie manager superseded by HTTP cookie manager
2026-01-27 17:18:52,188 WARN o.a.j.p.h.s.HTTPSamplerBase: Existing CookieManager HTTP cookie manager superseded by HTTP cookie manager
2026-01-27 17:18:52,210 WARN o.a.j.p.h.s.HTTPSamplerBase: Existing CookieManager HTTP cookie manager superseded by HTTP cookie manager
2026-01-27 17:18:52,211 WARN o.a.j.p.h.s.HTTPSamplerBase: Existing CookieManager HTTP cookie manager superseded by HTTP cookie manager
2026-01-27 17:18:52,221 WARN o.a.j.p.h.s.HTTPSamplerBase: Existing CookieManager HTTP cookie manager superseded by HTTP cookie manager
2026-01-27 17:18:52,306 WARN o.a.j.p.h.s.HTTPSamplerBase: Existing CookieManager HTTP cookie manager superseded by HTTP cookie manager
2026-01-27 17:18:52,370 WARN o.a.j.p.h.s.HTTPSamplerBase: Existing CookieManager HTTP cookie manager superseded by HTTP cookie manager
2026-01-27 17:18:52,417 WARN o.a.j.p.h.s.HTTPSamplerBase: Existing CookieManager HTTP cookie manager superseded by HTTP cookie manager
2026-01-27 17:18:52,467 WARN o.a.j.p.h.s.HTTPSamplerBase: Existing CookieManager HTTP cookie manager superseded by HTTP cookie manager
2026-01-27 17:18:52,473 WARN o.a.j.p.h.s.HTTPSamplerBase: Existing CookieManager HTTP cookie manager superseded by HTTP cookie manager
2026-01-27 17:18:52,510 WARN o.a.j.p.h.s.HTTPSamplerBase: Existing CookieManager HTTP cookie manager superseded by HTTP cookie manager
2026-01-27 17:18:52,519 WARN o.a.j.p.h.s.HTTPSamplerBase: Existing CookieManager HTTP cookie manager superseded by HTTP cookie manager
2026-01-27 17:18:52,525 WARN o.a.j.p.h.s.HTTPSamplerBase: Existing CookieManager HTTP cookie manager superseded by HTTP cookie manager
2026-01-27 17:18:52,534 WARN o.a.j.p.h.s.HTTPSamplerBase: Existing CookieManager HTTP cookie manager superseded by HTTP cookie manager
2026-01-27 17:18:52,593 WARN o.a.j.p.h.s.HTTPSamplerBase: Existing CookieManager HTTP cookie manager superseded by HTTP cookie manager
2026-01-27 17:18:52,595 WARN o.a.j.p.h.s.HTTPSamplerBase: Existing CookieManager HTTP cookie manager superseded by HTTP cookie manager
2026-01-27 17:18:52,672 WARN o.a.j.p.h.s.HTTPSamplerBase: Existing CookieManager HTTP cookie manager superseded by HTTP cookie manager
2026-01-27 17:18:52,718 WARN o.a.j.p.h.s.HTTPSamplerBase: Existing CookieManager HTTP cookie manager superseded by HTTP cookie manager
2026-01-27 17:18:52,739 WARN o.a.j.p.h.s.HTTPSamplerBase: Existing CookieManager HTTP cookie manager superseded by HTTP cookie manager
2026-01-27 17:18:52,771 WARN o.a.j.p.h.s.HTTPSamplerBase: Existing CookieManager HTTP cookie manager superseded by HTTP cookie manager
2026-01-27 17:18:52,790 WARN o.a.j.p.h.s.HTTPSamplerBase: Existing CookieManager HTTP cookie manager superseded by HTTP cookie manager
2026-01-27 17:18:52,790 WARN o.a.j.p.h.s.HTTPSamplerBase: Existing CookieManager HTTP cookie manager superseded by HTTP cookie manager
2026-01-27 17:18:52,797 WARN o.a.j.p.h.s.HTTPSamplerBase: Existing CookieManager HTTP cookie manager superseded by HTTP cookie manager
2026-01-27 17:18:52,797 WARN o.a.j.p.h.s.HTTPSamplerBase: Existing CookieManager HTTP cookie manager superseded by HTTP cookie manager
2026-01-27 17:18:52,806 WARN o.a.j.p.h.s.HTTPSamplerBase: Existing CookieManager HTTP cookie manager superseded by HTTP cookie manager
2026-01-27 17:18:52,806 WARN o.a.j.p.h.s.HTTPSamplerBase: Existing CookieManager HTTP cookie manager superseded by HTTP cookie manager
2026-01-27 17:18:52,819 WARN o.a.j.p.h.s.HTTPSamplerBase: Existing CookieManager HTTP cookie manager superseded by HTTP cookie manager
2026-01-27 17:18:52,830 WARN o.a.j.p.h.s.HTTPSamplerBase: Existing CookieManager HTTP cookie manager superseded by HTTP cookie manager
2026-01-27 17:18:52,837 WARN o.a.j.p.h.s.HTTPSamplerBase: Existing CookieManager HTTP cookie manager superseded by HTTP cookie manager
2026-01-27 17:18:52,865 WARN o.a.j.p.h.s.HTTPSamplerBase: Existing CookieManager HTTP cookie manager superseded by HTTP cookie manager
2026-01-27 17:18:52,910 WARN o.a.j.p.h.s.HTTPSamplerBase: Existing CookieManager HTTP cookie manager superseded by HTTP cookie manager
2026-01-27 17:18:52,921 WARN o.a.j.p.h.s.HTTPSamplerBase: Existing CookieManager HTTP cookie manager superseded by HTTP cookie manager
2026-01-27 17:18:52,922 WARN o.a.j.p.h.s.HTTPSamplerBase: Existing CookieManager HTTP cookie manager superseded by HTTP cookie manager
2026-01-27 17:18:52,921 WARN o.a.j.p.h.s.HTTPSamplerBase: Existing CookieManager HTTP cookie manager superseded by HTTP cookie manager
2026-01-27 17:18:52,981 WARN o.a.j.p.h.s.HTTPSamplerBase: Existing CookieManager HTTP cookie manager superseded by HTTP cookie manager
2026-01-27 17:18:52,984 WARN o.a.j.p.h.s.HTTPSamplerBase: Existing CookieManager HTTP cookie manager superseded by HTTP cookie manager
2026-01-27 17:18:52,997 WARN o.a.j.p.h.s.HTTPSamplerBase: Existing CookieManager HTTP cookie manager superseded by HTTP cookie manager
2026-01-27 17:18:53,000 WARN o.a.j.p.h.s.HTTPSamplerBase: Existing CookieManager HTTP cookie manager superseded by HTTP cookie manager
2026-01-27 17:18:53,028 WARN o.a.j.p.h.s.HTTPSamplerBase: Existing CookieManager HTTP cookie manager superseded by HTTP cookie manager
2026-01-27 17:18:53,031 WARN o.a.j.p.h.s.HTTPSamplerBase: Existing CookieManager HTTP cookie manager superseded by HTTP cookie manager
2026-01-27 17:18:53,042 WARN o.a.j.p.h.s.HTTPSamplerBase: Existing CookieManager HTTP cookie manager superseded by HTTP cookie manager
2026-01-27 17:18:53,063 WARN o.a.j.p.h.s.HTTPSamplerBase: Existing CookieManager HTTP cookie manager superseded by HTTP cookie manager
2026-01-27 17:18:53,079 WARN o.a.j.p.h.s.HTTPSamplerBase: Existing CookieManager HTTP cookie manager superseded by HTTP cookie manager
2026-01-27 17:18:53,122 WARN o.a.j.p.h.s.HTTPSamplerBase: Existing CookieManager HTTP cookie manager superseded by HTTP cookie manager
2026-01-27 17:18:53,132 WARN o.a.j.p.h.s.HTTPSamplerBase: Existing CookieManager HTTP cookie manager superseded by HTTP cookie manager
2026-01-27 17:18:53,161 WARN o.a.j.p.h.s.HTTPSamplerBase: Existing CookieManager HTTP cookie manager superseded by HTTP cookie manager
2026-01-27 17:18:53,181 WARN o.a.j.p.h.s.HTTPSamplerBase: Existing CookieManager HTTP cookie manager superseded by HTTP cookie manager
2026-01-27 17:18:53,190 WARN o.a.j.p.h.s.HTTPSamplerBase: Existing CookieManager HTTP cookie manager superseded by HTTP cookie manager
2026-01-27 17:18:53,222 WARN o.a.j.p.h.s.HTTPSamplerBase: Existing CookieManager HTTP cookie manager superseded by HTTP cookie manager
2026-01-27 17:18:53,245 WARN o.a.j.p.h.s.HTTPSamplerBase: Existing CookieManager HTTP cookie manager superseded by HTTP cookie manager
2026-01-27 17:18:53,250 WARN o.a.j.p.h.s.HTTPSamplerBase: Existing CookieManager HTTP cookie manager superseded by HTTP cookie manager
2026-01-27 17:18:53,263 WARN o.a.j.p.h.s.HTTPSamplerBase: Existing CookieManager HTTP cookie manager superseded by HTTP cookie manager
2026-01-27 17:18:53,270 WARN o.a.j.p.h.s.HTTPSamplerBase: Existing CookieManager HTTP cookie manager superseded by HTTP cookie manager
2026-01-27 17:18:53,291 WARN o.a.j.p.h.s.HTTPSamplerBase: Existing CookieManager HTTP cookie manager superseded by HTTP cookie manager
2026-01-27 17:18:53,333 WARN o.a.j.p.h.s.HTTPSamplerBase: Existing CookieManager HTTP cookie manager superseded by HTTP cookie manager
2026-01-27 17:18:53,350 WARN o.a.j.p.h.s.HTTPSamplerBase: Existing CookieManager HTTP cookie manager superseded by HTTP cookie manager
2026-01-27 17:18:53,370 WARN o.a.j.p.h.s.HTTPSamplerBase: Existing CookieManager HTTP cookie manager superseded by HTTP cookie manager
2026-01-27 17:18:53,376 WARN o.a.j.p.h.s.HTTPSamplerBase: Existing CookieManager HTTP cookie manager superseded by HTTP cookie manager
2026-01-27 17:18:53,412 WARN o.a.j.p.h.s.HTTPSamplerBase: Existing CookieManager HTTP cookie manager superseded by HTTP cookie manager
2026-01-27 17:18:53,467 WARN o.a.j.p.h.s.HTTPSamplerBase: Existing CookieManager HTTP cookie manager superseded by HTTP cookie manager
2026-01-27 17:18:53,486 WARN o.a.j.p.h.s.HTTPSamplerBase: Existing CookieManager HTTP cookie manager superseded by HTTP cookie manager
2026-01-27 17:18:53,501 WARN o.a.j.p.h.s.HTTPSamplerBase: Existing CookieManager HTTP cookie manager superseded by HTTP cookie manager
2026-01-27 17:18:53,503 WARN o.a.j.p.h.s.HTTPSamplerBase: Existing CookieManager HTTP cookie manager superseded by HTTP cookie manager
2026-01-27 17:18:53,512 WARN o.a.j.p.h.s.HTTPSamplerBase: Existing CookieManager HTTP cookie manager superseded by HTTP cookie manager
2026-01-27 17:18:53,519 WARN o.a.j.p.h.s.HTTPSamplerBase: Existing CookieManager HTTP cookie manager superseded by HTTP cookie manager
2026-01-27 17:18:53,529 WARN o.a.j.p.h.s.HTTPSamplerBase: Existing CookieManager HTTP cookie manager superseded by HTTP cookie manager
2026-01-27 17:18:53,539 WARN o.a.j.p.h.s.HTTPSamplerBase: Existing CookieManager HTTP cookie manager superseded by HTTP cookie manager
2026-01-27 17:18:53,575 WARN o.a.j.p.h.s.HTTPSamplerBase: Existing CookieManager HTTP cookie manager superseded by HTTP cookie manager
2026-01-27 17:18:53,614 WARN o.a.j.p.h.s.HTTPSamplerBase: Existing CookieManager HTTP cookie manager superseded by HTTP cookie manager
2026-01-27 17:18:53,629 WARN o.a.j.p.h.s.HTTPSamplerBase: Existing CookieManager HTTP cookie manager superseded by HTTP cookie manager
2026-01-27 17:18:53,640 WARN o.a.j.p.h.s.HTTPSamplerBase: Existing CookieManager HTTP cookie manager superseded by HTTP cookie manager
2026-01-27 17:18:53,665 WARN o.a.j.p.h.s.HTTPSamplerBase: Existing CookieManager HTTP cookie manager superseded by HTTP cookie manager
2026-01-27 17:18:53,686 WARN o.a.j.p.h.s.HTTPSamplerBase: Existing CookieManager HTTP cookie manager superseded by HTTP cookie manager
2026-01-27 17:18:53,792 WARN o.a.j.p.h.s.HTTPSamplerBase: Existing CookieManager HTTP cookie manager superseded by HTTP cookie manager
2026-01-27 17:18:53,795 WARN o.a.j.p.h.s.HTTPSamplerBase: Existing CookieManager HTTP cookie manager superseded by HTTP cookie manager
2026-01-27 17:18:53,798 WARN o.a.j.p.h.s.HTTPSamplerBase: Existing CookieManager HTTP cookie manager superseded by HTTP cookie manager
2026-01-27 17:18:53,817 WARN o.a.j.p.h.s.HTTPSamplerBase: Existing CookieManager HTTP cookie manager superseded by HTTP cookie manager
2026-01-27 17:18:53,858 WARN o.a.j.p.h.s.HTTPSamplerBase: Existing CookieManager HTTP cookie manager superseded by HTTP cookie manager
2026-01-27 17:18:53,894 WARN o.a.j.p.h.s.HTTPSamplerBase: Existing CookieManager HTTP cookie manager superseded by HTTP cookie manager
2026-01-27 17:18:53,902 WARN o.a.j.p.h.s.HTTPSamplerBase: Existing CookieManager HTTP cookie manager superseded by HTTP cookie manager
2026-01-27 17:18:53,932 WARN o.a.j.p.h.s.HTTPSamplerBase: Existing CookieManager HTTP cookie manager superseded by HTTP cookie manager
2026-01-27 17:18:53,936 WARN o.a.j.p.h.s.HTTPSamplerBase: Existing CookieManager HTTP cookie manager superseded by HTTP cookie manager
2026-01-27 17:18:53,939 WARN o.a.j.p.h.s.HTTPSamplerBase: Existing CookieManager HTTP cookie manager superseded by HTTP cookie manager
2026-01-27 17:18:53,970 WARN o.a.j.p.h.s.HTTPSamplerBase: Existing CookieManager HTTP cookie manager superseded by HTTP cookie manager
2026-01-27 17:18:53,975 WARN o.a.j.p.h.s.HTTPSamplerBase: Existing CookieManager HTTP cookie manager superseded by HTTP cookie manager
2026-01-27 17:18:54,002 WARN o.a.j.p.h.s.HTTPSamplerBase: Existing CookieManager HTTP cookie manager superseded by HTTP cookie manager
2026-01-27 17:18:54,004 WARN o.a.j.p.h.s.HTTPSamplerBase: Existing CookieManager HTTP cookie manager superseded by HTTP cookie manager
2026-01-27 17:18:54,011 WARN o.a.j.p.h.s.HTTPSamplerBase: Existing CookieManager HTTP cookie manager superseded by HTTP cookie manager
2026-01-27 17:18:54,044 WARN o.a.j.p.h.s.HTTPSamplerBase: Existing CookieManager HTTP cookie manager superseded by HTTP cookie manager
2026-01-27 17:18:54,049 WARN o.a.j.p.h.s.HTTPSamplerBase: Existing CookieManager HTTP cookie manager superseded by HTTP cookie manager
2026-01-27 17:18:54,126 WARN o.a.j.p.h.s.HTTPSamplerBase: Existing CookieManager HTTP cookie manager superseded by HTTP cookie manager
2026-01-27 17:18:54,128 WARN o.a.j.p.h.s.HTTPSamplerBase: Existing CookieManager HTTP cookie manager superseded by HTTP cookie manager
2026-01-27 17:18:54,163 WARN o.a.j.p.h.s.HTTPSamplerBase: Existing CookieManager HTTP cookie manager superseded by HTTP cookie manager
2026-01-27 17:18:54,185 WARN o.a.j.p.h.s.HTTPSamplerBase: Existing CookieManager HTTP cookie manager superseded by HTTP cookie manager
2026-01-27 17:18:54,220 WARN o.a.j.p.h.s.HTTPSamplerBase: Existing CookieManager HTTP cookie manager superseded by HTTP cookie manager
2026-01-27 17:18:54,226 WARN o.a.j.p.h.s.HTTPSamplerBase: Existing CookieManager HTTP cookie manager superseded by HTTP cookie manager
2026-01-27 17:18:54,228 WARN o.a.j.p.h.s.HTTPSamplerBase: Existing CookieManager HTTP cookie manager superseded by HTTP cookie manager
2026-01-27 17:18:54,229 WARN o.a.j.p.h.s.HTTPSamplerBase: Existing CookieManager HTTP cookie manager superseded by HTTP cookie manager
2026-01-27 17:18:54,289 WARN o.a.j.p.h.s.HTTPSamplerBase: Existing CookieManager HTTP cookie manager superseded by HTTP cookie manager
2026-01-27 17:18:54,289 WARN o.a.j.p.h.s.HTTPSamplerBase: Existing CookieManager HTTP cookie manager superseded by HTTP cookie manager
2026-01-27 17:18:54,311 WARN o.a.j.p.h.s.HTTPSamplerBase: Existing CookieManager HTTP cookie manager superseded by HTTP cookie manager
2026-01-27 17:18:54,427 WARN o.a.j.p.h.s.HTTPSamplerBase: Existing CookieManager HTTP cookie manager superseded by HTTP cookie manager
2026-01-27 17:18:54,457 WARN o.a.j.p.h.s.HTTPSamplerBase: Existing CookieManager HTTP cookie manager superseded by HTTP cookie manager
2026-01-27 17:18:54,460 WARN o.a.j.p.h.s.HTTPSamplerBase: Existing CookieManager HTTP cookie manager superseded by HTTP cookie manager
2026-01-27 17:18:54,476 WARN o.a.j.p.h.s.HTTPSamplerBase: Existing CookieManager HTTP cookie manager superseded by HTTP cookie manager
2026-01-27 17:18:54,486 WARN o.a.j.p.h.s.HTTPSamplerBase: Existing CookieManager HTTP cookie manager superseded by HTTP cookie manager
2026-01-27 17:18:54,493 WARN o.a.j.p.h.s.HTTPSamplerBase: Existing CookieManager HTTP cookie manager superseded by HTTP cookie manager
2026-01-27 17:18:54,516 WARN o.a.j.p.h.s.HTTPSamplerBase: Existing CookieManager HTTP cookie manager superseded by HTTP cookie manager
2026-01-27 17:18:54,585 WARN o.a.j.p.h.s.HTTPSamplerBase: Existing CookieManager HTTP cookie manager superseded by HTTP cookie manager
2026-01-27 17:18:54,609 WARN o.a.j.p.h.s.HTTPSamplerBase: Existing CookieManager HTTP cookie manager superseded by HTTP cookie manager
2026-01-27 17:18:54,668 WARN o.a.j.p.h.s.HTTPSamplerBase: Existing CookieManager HTTP cookie manager superseded by HTTP cookie manager
2026-01-27 17:18:54,673 WARN o.a.j.p.h.s.HTTPSamplerBase: Existing CookieManager HTTP cookie manager superseded by HTTP cookie manager
2026-01-27 17:18:54,701 WARN o.a.j.p.h.s.HTTPSamplerBase: Existing CookieManager HTTP cookie manager superseded by HTTP cookie manager
2026-01-27 17:18:54,737 WARN o.a.j.p.h.s.HTTPSamplerBase: Existing CookieManager HTTP cookie manager superseded by HTTP cookie manager
2026-01-27 17:18:54,785 WARN o.a.j.p.h.s.HTTPSamplerBase: Existing CookieManager HTTP cookie manager superseded by HTTP cookie manager
2026-01-27 17:18:54,821 WARN o.a.j.p.h.s.HTTPSamplerBase: Existing CookieManager HTTP cookie manager superseded by HTTP cookie manager
2026-01-27 17:18:54,866 WARN o.a.j.p.h.s.HTTPSamplerBase: Existing CookieManager HTTP cookie manager superseded by HTTP cookie manager
2026-01-27 17:18:54,880 WARN o.a.j.p.h.s.HTTPSamplerBase: Existing CookieManager HTTP cookie manager superseded by HTTP cookie manager
2026-01-27 17:18:54,897 WARN o.a.j.p.h.s.HTTPSamplerBase: Existing CookieManager HTTP cookie manager superseded by HTTP cookie manager
2026-01-27 17:18:54,897 WARN o.a.j.p.h.s.HTTPSamplerBase: Existing CookieManager HTTP cookie manager superseded by HTTP cookie manager
2026-01-27 17:18:54,901 WARN o.a.j.p.h.s.HTTPSamplerBase: Existing CookieManager HTTP cookie manager superseded by HTTP cookie manager
2026-01-27 17:18:54,909 WARN o.a.j.p.h.s.HTTPSamplerBase: Existing CookieManager HTTP cookie manager superseded by HTTP cookie manager
2026-01-27 17:18:54,926 WARN o.a.j.p.h.s.HTTPSamplerBase: Existing CookieManager HTTP cookie manager superseded by HTTP cookie manager
2026-01-27 17:18:54,947 WARN o.a.j.p.h.s.HTTPSamplerBase: Existing CookieManager HTTP cookie manager superseded by HTTP cookie manager
2026-01-27 17:18:54,972 WARN o.a.j.p.h.s.HTTPSamplerBase: Existing CookieManager HTTP cookie manager superseded by HTTP cookie manager
2026-01-27 17:18:54,974 WARN o.a.j.p.h.s.HTTPSamplerBase: Existing CookieManager HTTP cookie manager superseded by HTTP cookie manager
2026-01-27 17:18:54,982 WARN o.a.j.p.h.s.HTTPSamplerBase: Existing CookieManager HTTP cookie manager superseded by HTTP cookie manager
2026-01-27 17:18:54,992 WARN o.a.j.p.h.s.HTTPSamplerBase: Existing CookieManager HTTP cookie manager superseded by HTTP cookie manager
2026-01-27 17:18:55,013 WARN o.a.j.p.h.s.HTTPSamplerBase: Existing CookieManager HTTP cookie manager superseded by HTTP cookie manager
2026-01-27 17:18:55,114 WARN o.a.j.p.h.s.HTTPSamplerBase: Existing CookieManager HTTP cookie manager superseded by HTTP cookie manager
2026-01-27 17:18:55,116 WARN o.a.j.p.h.s.HTTPSamplerBase: Existing CookieManager HTTP cookie manager superseded by HTTP cookie manager
2026-01-27 17:18:55,174 WARN o.a.j.p.h.s.HTTPSamplerBase: Existing CookieManager HTTP cookie manager superseded by HTTP cookie manager
2026-01-27 17:18:55,175 WARN o.a.j.p.h.s.HTTPSamplerBase: Existing CookieManager HTTP cookie manager superseded by HTTP cookie manager
2026-01-27 17:18:55,175 WARN o.a.j.p.h.s.HTTPSamplerBase: Existing CookieManager HTTP cookie manager superseded by HTTP cookie manager
2026-01-27 17:18:55,175 WARN o.a.j.p.h.s.HTTPSamplerBase: Existing CookieManager HTTP cookie manager superseded by HTTP cookie manager
2026-01-27 17:18:55,220 WARN o.a.j.p.h.s.HTTPSamplerBase: Existing CookieManager HTTP cookie manager superseded by HTTP cookie manager
2026-01-27 17:18:55,258 WARN o.a.j.p.h.s.HTTPSamplerBase: Existing CookieManager HTTP cookie manager superseded by HTTP cookie manager
2026-01-27 17:18:55,259 WARN o.a.j.p.h.s.HTTPSamplerBase: Existing CookieManager HTTP cookie manager superseded by HTTP cookie manager
2026-01-27 17:18:55,292 WARN o.a.j.p.h.s.HTTPSamplerBase: Existing CookieManager HTTP cookie manager superseded by HTTP cookie manager
2026-01-27 17:18:55,354 WARN o.a.j.p.h.s.HTTPSamplerBase: Existing CookieManager HTTP cookie manager superseded by HTTP cookie manager
2026-01-27 17:18:55,373 WARN o.a.j.p.h.s.HTTPSamplerBase: Existing CookieManager HTTP cookie manager superseded by HTTP cookie manager
2026-01-27 17:18:55,399 WARN o.a.j.p.h.s.HTTPSamplerBase: Existing CookieManager HTTP cookie manager superseded by HTTP cookie manager
2026-01-27 17:18:55,421 WARN o.a.j.p.h.s.HTTPSamplerBase: Existing CookieManager HTTP cookie manager superseded by HTTP cookie manager
2026-01-27 17:18:55,432 WARN o.a.j.p.h.s.HTTPSamplerBase: Existing CookieManager HTTP cookie manager superseded by HTTP cookie manager
2026-01-27 17:18:55,452 WARN o.a.j.p.h.s.HTTPSamplerBase: Existing CookieManager HTTP cookie manager superseded by HTTP cookie manager
2026-01-27 17:18:55,474 WARN o.a.j.p.h.s.HTTPSamplerBase: Existing CookieManager HTTP cookie manager superseded by HTTP cookie manager
2026-01-27 17:18:55,475 WARN o.a.j.p.h.s.HTTPSamplerBase: Existing CookieManager HTTP cookie manager superseded by HTTP cookie manager
2026-01-27 17:18:55,517 WARN o.a.j.p.h.s.HTTPSamplerBase: Existing CookieManager HTTP cookie manager superseded by HTTP cookie manager
2026-01-27 17:18:55,520 WARN o.a.j.p.h.s.HTTPSamplerBase: Existing CookieManager HTTP cookie manager superseded by HTTP cookie manager
2026-01-27 17:18:55,530 WARN o.a.j.p.h.s.HTTPSamplerBase: Existing CookieManager HTTP cookie manager superseded by HTTP cookie manager
2026-01-27 17:18:55,544 WARN o.a.j.p.h.s.HTTPSamplerBase: Existing CookieManager HTTP cookie manager superseded by HTTP cookie manager
2026-01-27 17:18:55,553 WARN o.a.j.p.h.s.HTTPSamplerBase: Existing CookieManager HTTP cookie manager superseded by HTTP cookie manager
2026-01-27 17:18:55,557 WARN o.a.j.p.h.s.HTTPSamplerBase: Existing CookieManager HTTP cookie manager superseded by HTTP cookie manager
2026-01-27 17:18:55,599 WARN o.a.j.p.h.s.HTTPSamplerBase: Existing CookieManager HTTP cookie manager superseded by HTTP cookie manager
2026-01-27 17:18:55,624 WARN o.a.j.p.h.s.HTTPSamplerBase: Existing CookieManager HTTP cookie manager superseded by HTTP cookie manager
2026-01-27 17:18:55,624 WARN o.a.j.p.h.s.HTTPSamplerBase: Existing CookieManager HTTP cookie manager superseded by HTTP cookie manager
2026-01-27 17:18:55,653 WARN o.a.j.p.h.s.HTTPSamplerBase: Existing CookieManager HTTP cookie manager superseded by HTTP cookie manager
2026-01-27 17:18:55,669 WARN o.a.j.p.h.s.HTTPSamplerBase: Existing CookieManager HTTP cookie manager superseded by HTTP cookie manager
2026-01-27 17:18:55,705 WARN o.a.j.p.h.s.HTTPSamplerBase: Existing CookieManager HTTP cookie manager superseded by HTTP cookie manager
2026-01-27 17:18:55,753 WARN o.a.j.p.h.s.HTTPSamplerBase: Existing CookieManager HTTP cookie manager superseded by HTTP cookie manager
2026-01-27 17:18:55,764 WARN o.a.j.p.h.s.HTTPSamplerBase: Existing CookieManager HTTP cookie manager superseded by HTTP cookie manager
2026-01-27 17:18:55,767 WARN o.a.j.p.h.s.HTTPSamplerBase: Existing CookieManager HTTP cookie manager superseded by HTTP cookie manager
2026-01-27 17:18:55,774 WARN o.a.j.p.h.s.HTTPSamplerBase: Existing CookieManager HTTP cookie manager superseded by HTTP cookie manager
2026-01-27 17:18:55,782 WARN o.a.j.p.h.s.HTTPSamplerBase: Existing CookieManager HTTP cookie manager superseded by HTTP cookie manager
2026-01-27 17:18:55,797 WARN o.a.j.p.h.s.HTTPSamplerBase: Existing CookieManager HTTP cookie manager superseded by HTTP cookie manager
2026-01-27 17:18:55,800 WARN o.a.j.p.h.s.HTTPSamplerBase: Existing CookieManager HTTP cookie manager superseded by HTTP cookie manager
2026-01-27 17:18:55,819 WARN o.a.j.p.h.s.HTTPSamplerBase: Existing CookieManager HTTP cookie manager superseded by HTTP cookie manager
2026-01-27 17:18:55,845 WARN o.a.j.p.h.s.HTTPSamplerBase: Existing CookieManager HTTP cookie manager superseded by HTTP cookie manager
2026-01-27 17:18:55,871 WARN o.a.j.p.h.s.HTTPSamplerBase: Existing CookieManager HTTP cookie manager superseded by HTTP cookie manager
2026-01-27 17:18:55,872 WARN o.a.j.p.h.s.HTTPSamplerBase: Existing CookieManager HTTP cookie manager superseded by HTTP cookie manager
2026-01-27 17:18:55,873 WARN o.a.j.p.h.s.HTTPSamplerBase: Existing CookieManager HTTP cookie manager superseded by HTTP cookie manager
2026-01-27 17:18:55,899 WARN o.a.j.p.h.s.HTTPSamplerBase: Existing CookieManager HTTP cookie manager superseded by HTTP cookie manager
2026-01-27 17:18:55,905 WARN o.a.j.p.h.s.HTTPSamplerBase: Existing CookieManager HTTP cookie manager superseded by HTTP cookie manager
2026-01-27 17:18:55,925 WARN o.a.j.p.h.s.HTTPSamplerBase: Existing CookieManager HTTP cookie manager superseded by HTTP cookie manager
2026-01-27 17:18:55,944 WARN o.a.j.p.h.s.HTTPSamplerBase: Existing CookieManager HTTP cookie manager superseded by HTTP cookie manager
2026-01-27 17:18:56,038 WARN o.a.j.p.h.s.HTTPSamplerBase: Existing CookieManager HTTP cookie manager superseded by HTTP cookie manager
2026-01-27 17:18:56,057 WARN o.a.j.p.h.s.HTTPSamplerBase: Existing CookieManager HTTP cookie manager superseded by HTTP cookie manager
2026-01-27 17:18:56,104 WARN o.a.j.p.h.s.HTTPSamplerBase: Existing CookieManager HTTP cookie manager superseded by HTTP cookie manager
2026-01-27 17:18:56,105 WARN o.a.j.p.h.s.HTTPSamplerBase: Existing CookieManager HTTP cookie manager superseded by HTTP cookie manager
2026-01-27 17:18:56,145 WARN o.a.j.p.h.s.HTTPSamplerBase: Existing CookieManager HTTP cookie manager superseded by HTTP cookie manager
2026-01-27 17:18:56,145 WARN o.a.j.p.h.s.HTTPSamplerBase: Existing CookieManager HTTP cookie manager superseded by HTTP cookie manager
2026-01-27 17:18:56,189 WARN o.a.j.p.h.s.HTTPSamplerBase: Existing CookieManager HTTP cookie manager superseded by HTTP cookie manager
2026-01-27 17:18:56,221 WARN o.a.j.p.h.s.HTTPSamplerBase: Existing CookieManager HTTP cookie manager superseded by HTTP cookie manager
2026-01-27 17:18:56,263 WARN o.a.j.p.h.s.HTTPSamplerBase: Existing CookieManager HTTP cookie manager superseded by HTTP cookie manager
2026-01-27 17:18:56,265 WARN o.a.j.p.h.s.HTTPSamplerBase: Existing CookieManager HTTP cookie manager superseded by HTTP cookie manager
2026-01-27 17:18:56,277 WARN o.a.j.p.h.s.HTTPSamplerBase: Existing CookieManager HTTP cookie manager superseded by HTTP cookie manager
2026-01-27 17:18:56,329 WARN o.a.j.p.h.s.HTTPSamplerBase: Existing CookieManager HTTP cookie manager superseded by HTTP cookie manager
2026-01-27 17:18:56,344 WARN o.a.j.p.h.s.HTTPSamplerBase: Existing CookieManager HTTP cookie manager superseded by HTTP cookie manager
2026-01-27 17:18:56,348 WARN o.a.j.p.h.s.HTTPSamplerBase: Existing CookieManager HTTP cookie manager superseded by HTTP cookie manager
2026-01-27 17:18:56,366 WARN o.a.j.p.h.s.HTTPSamplerBase: Existing CookieManager HTTP cookie manager superseded by HTTP cookie manager
2026-01-27 17:18:56,380 WARN o.a.j.p.h.s.HTTPSamplerBase: Existing CookieManager HTTP cookie manager superseded by HTTP cookie manager
2026-01-27 17:18:56,404 WARN o.a.j.p.h.s.HTTPSamplerBase: Existing CookieManager HTTP cookie manager superseded by HTTP cookie manager
2026-01-27 17:18:56,437 WARN o.a.j.p.h.s.HTTPSamplerBase: Existing CookieManager HTTP cookie manager superseded by HTTP cookie manager
2026-01-27 17:18:56,473 WARN o.a.j.p.h.s.HTTPSamplerBase: Existing CookieManager HTTP cookie manager superseded by HTTP cookie manager
2026-01-27 17:18:56,483 WARN o.a.j.p.h.s.HTTPSamplerBase: Existing CookieManager HTTP cookie manager superseded by HTTP cookie manager
2026-01-27 17:18:56,484 WARN o.a.j.p.h.s.HTTPSamplerBase: Existing CookieManager HTTP cookie manager superseded by HTTP cookie manager
2026-01-27 17:18:56,501 WARN o.a.j.p.h.s.HTTPSamplerBase: Existing CookieManager HTTP cookie manager superseded by HTTP cookie manager
2026-01-27 17:18:56,517 WARN o.a.j.p.h.s.HTTPSamplerBase: Existing CookieManager HTTP cookie manager superseded by HTTP cookie manager
2026-01-27 17:18:56,536 WARN o.a.j.p.h.s.HTTPSamplerBase: Existing CookieManager HTTP cookie manager superseded by HTTP cookie manager
2026-01-27 17:18:56,536 WARN o.a.j.p.h.s.HTTPSamplerBase: Existing CookieManager HTTP cookie manager superseded by HTTP cookie manager
2026-01-27 17:18:56,607 WARN o.a.j.p.h.s.HTTPSamplerBase: Existing CookieManager HTTP cookie manager superseded by HTTP cookie manager
2026-01-27 17:18:56,613 WARN o.a.j.p.h.s.HTTPSamplerBase: Existing CookieManager HTTP cookie manager superseded by HTTP cookie manager
2026-01-27 17:18:56,636 WARN o.a.j.p.h.s.HTTPSamplerBase: Existing CookieManager HTTP cookie manager superseded by HTTP cookie manager
2026-01-27 17:18:56,651 WARN o.a.j.p.h.s.HTTPSamplerBase: Existing CookieManager HTTP cookie manager superseded by HTTP cookie manager
2026-01-27 17:18:56,673 WARN o.a.j.p.h.s.HTTPSamplerBase: Existing CookieManager HTTP cookie manager superseded by HTTP cookie manager
2026-01-27 17:18:56,681 WARN o.a.j.p.h.s.HTTPSamplerBase: Existing CookieManager HTTP cookie manager superseded by HTTP cookie manager
2026-01-27 17:18:56,690 WARN o.a.j.p.h.s.HTTPSamplerBase: Existing CookieManager HTTP cookie manager superseded by HTTP cookie manager
2026-01-27 17:18:56,715 WARN o.a.j.p.h.s.HTTPSamplerBase: Existing CookieManager HTTP cookie manager superseded by HTTP cookie manager
2026-01-27 17:18:56,730 WARN o.a.j.p.h.s.HTTPSamplerBase: Existing CookieManager HTTP cookie manager superseded by HTTP cookie manager
2026-01-27 17:18:56,737 WARN o.a.j.p.h.s.HTTPSamplerBase: Existing CookieManager HTTP cookie manager superseded by HTTP cookie manager
2026-01-27 17:18:56,754 WARN o.a.j.p.h.s.HTTPSamplerBase: Existing CookieManager HTTP cookie manager superseded by HTTP cookie manager
2026-01-27 17:18:56,761 WARN o.a.j.p.h.s.HTTPSamplerBase: Existing CookieManager HTTP cookie manager superseded by HTTP cookie manager
2026-01-27 17:18:56,761 WARN o.a.j.p.h.s.HTTPSamplerBase: Existing CookieManager HTTP cookie manager superseded by HTTP cookie manager
2026-01-27 17:18:56,786 WARN o.a.j.p.h.s.HTTPSamplerBase: Existing CookieManager HTTP cookie manager superseded by HTTP cookie manager
2026-01-27 17:18:56,865 WARN o.a.j.p.h.s.HTTPSamplerBase: Existing CookieManager HTTP cookie manager superseded by HTTP cookie manager
2026-01-27 17:18:56,866 WARN o.a.j.p.h.s.HTTPSamplerBase: Existing CookieManager HTTP cookie manager superseded by HTTP cookie manager
2026-01-27 17:18:56,870 WARN o.a.j.p.h.s.HTTPSamplerBase: Existing CookieManager HTTP cookie manager superseded by HTTP cookie manager
2026-01-27 17:18:56,873 WARN o.a.j.p.h.s.HTTPSamplerBase: Existing CookieManager HTTP cookie manager superseded by HTTP cookie manager
2026-01-27 17:18:56,909 WARN o.a.j.p.h.s.HTTPSamplerBase: Existing CookieManager HTTP cookie manager superseded by HTTP cookie manager
2026-01-27 17:18:56,934 WARN o.a.j.p.h.s.HTTPSamplerBase: Existing CookieManager HTTP cookie manager superseded by HTTP cookie manager
2026-01-27 17:18:56,944 WARN o.a.j.p.h.s.HTTPSamplerBase: Existing CookieManager HTTP cookie manager superseded by HTTP cookie manager
2026-01-27 17:18:56,945 WARN o.a.j.p.h.s.HTTPSamplerBase: Existing CookieManager HTTP cookie manager superseded by HTTP cookie manager
2026-01-27 17:18:56,989 WARN o.a.j.p.h.s.HTTPSamplerBase: Existing CookieManager HTTP cookie manager superseded by HTTP cookie manager
2026-01-27 17:18:56,990 WARN o.a.j.p.h.s.HTTPSamplerBase: Existing CookieManager HTTP cookie manager superseded by HTTP cookie manager
2026-01-27 17:18:57,044 WARN o.a.j.p.h.s.HTTPSamplerBase: Existing CookieManager HTTP cookie manager superseded by HTTP cookie manager
2026-01-27 17:18:57,044 WARN o.a.j.p.h.s.HTTPSamplerBase: Existing CookieManager HTTP cookie manager superseded by HTTP cookie manager
2026-01-27 17:18:57,057 WARN o.a.j.p.h.s.HTTPSamplerBase: Existing CookieManager HTTP cookie manager superseded by HTTP cookie manager
2026-01-27 17:18:57,121 WARN o.a.j.p.h.s.HTTPSamplerBase: Existing CookieManager HTTP cookie manager superseded by HTTP cookie manager
2026-01-27 17:18:57,148 WARN o.a.j.p.h.s.HTTPSamplerBase: Existing CookieManager HTTP cookie manager superseded by HTTP cookie manager
2026-01-27 17:18:57,168 WARN o.a.j.p.h.s.HTTPSamplerBase: Existing CookieManager HTTP cookie manager superseded by HTTP cookie manager
2026-01-27 17:18:57,187 WARN o.a.j.p.h.s.HTTPSamplerBase: Existing CookieManager HTTP cookie manager superseded by HTTP cookie manager
2026-01-27 17:18:57,195 WARN o.a.j.p.h.s.HTTPSamplerBase: Existing CookieManager HTTP cookie manager superseded by HTTP cookie manager
2026-01-27 17:18:57,219 WARN o.a.j.p.h.s.HTTPSamplerBase: Existing CookieManager HTTP cookie manager superseded by HTTP cookie manager
2026-01-27 17:18:57,222 WARN o.a.j.p.h.s.HTTPSamplerBase: Existing CookieManager HTTP cookie manager superseded by HTTP cookie manager
2026-01-27 17:18:57,222 WARN o.a.j.p.h.s.HTTPSamplerBase: Existing CookieManager HTTP cookie manager superseded by HTTP cookie manager
2026-01-27 17:18:57,239 WARN o.a.j.p.h.s.HTTPSamplerBase: Existing CookieManager HTTP cookie manager superseded by HTTP cookie manager
2026-01-27 17:18:57,242 WARN o.a.j.p.h.s.HTTPSamplerBase: Existing CookieManager HTTP cookie manager superseded by HTTP cookie manager
2026-01-27 17:18:57,246 WARN o.a.j.p.h.s.HTTPSamplerBase: Existing CookieManager HTTP cookie manager superseded by HTTP cookie manager
2026-01-27 17:18:57,247 WARN o.a.j.p.h.s.HTTPSamplerBase: Existing CookieManager HTTP cookie manager superseded by HTTP cookie manager
2026-01-27 17:18:57,262 WARN o.a.j.p.h.s.HTTPSamplerBase: Existing CookieManager HTTP cookie manager superseded by HTTP cookie manager
2026-01-27 17:18:57,267 WARN o.a.j.p.h.s.HTTPSamplerBase: Existing CookieManager HTTP cookie manager superseded by HTTP cookie manager
2026-01-27 17:18:57,289 WARN o.a.j.p.h.s.HTTPSamplerBase: Existing CookieManager HTTP cookie manager superseded by HTTP cookie manager
2026-01-27 17:18:57,304 WARN o.a.j.p.h.s.HTTPSamplerBase: Existing CookieManager HTTP cookie manager superseded by HTTP cookie manager
2026-01-27 17:18:57,325 WARN o.a.j.p.h.s.HTTPSamplerBase: Existing CookieManager HTTP cookie manager superseded by HTTP cookie manager
2026-01-27 17:18:57,325 WARN o.a.j.p.h.s.HTTPSamplerBase: Existing CookieManager HTTP cookie manager superseded by HTTP cookie manager
2026-01-27 17:18:57,329 WARN o.a.j.p.h.s.HTTPSamplerBase: Existing CookieManager HTTP cookie manager superseded by HTTP cookie manager
2026-01-27 17:18:57,338 WARN o.a.j.p.h.s.HTTPSamplerBase: Existing CookieManager HTTP cookie manager superseded by HTTP cookie manager
2026-01-27 17:18:57,364 WARN o.a.j.p.h.s.HTTPSamplerBase: Existing CookieManager HTTP cookie manager superseded by HTTP cookie manager
2026-01-27 17:18:57,414 WARN o.a.j.p.h.s.HTTPSamplerBase: Existing CookieManager HTTP cookie manager superseded by HTTP cookie manager
2026-01-27 17:18:57,414 WARN o.a.j.p.h.s.HTTPSamplerBase: Existing CookieManager HTTP cookie manager superseded by HTTP cookie manager
2026-01-27 17:18:57,434 WARN o.a.j.p.h.s.HTTPSamplerBase: Existing CookieManager HTTP cookie manager superseded by HTTP cookie manager
2026-01-27 17:18:57,458 WARN o.a.j.p.h.s.HTTPSamplerBase: Existing CookieManager HTTP cookie manager superseded by HTTP cookie manager
2026-01-27 17:18:57,464 WARN o.a.j.p.h.s.HTTPSamplerBase: Existing CookieManager HTTP cookie manager superseded by HTTP cookie manager
2026-01-27 17:18:57,486 WARN o.a.j.p.h.s.HTTPSamplerBase: Existing CookieManager HTTP cookie manager superseded by HTTP cookie manager
2026-01-27 17:18:57,516 WARN o.a.j.p.h.s.HTTPSamplerBase: Existing CookieManager HTTP cookie manager superseded by HTTP cookie manager
2026-01-27 17:18:57,563 WARN o.a.j.p.h.s.HTTPSamplerBase: Existing CookieManager HTTP cookie manager superseded by HTTP cookie manager
2026-01-27 17:18:57,577 WARN o.a.j.p.h.s.HTTPSamplerBase: Existing CookieManager HTTP cookie manager superseded by HTTP cookie manager
2026-01-27 17:18:57,587 WARN o.a.j.p.h.s.HTTPSamplerBase: Existing CookieManager HTTP cookie manager superseded by HTTP cookie manager
2026-01-27 17:18:57,603 WARN o.a.j.p.h.s.HTTPSamplerBase: Existing CookieManager HTTP cookie manager superseded by HTTP cookie manager
2026-01-27 17:18:57,642 WARN o.a.j.p.h.s.HTTPSamplerBase: Existing CookieManager HTTP cookie manager superseded by HTTP cookie manager
2026-01-27 17:18:57,659 WARN o.a.j.p.h.s.HTTPSamplerBase: Existing CookieManager HTTP cookie manager superseded by HTTP cookie manager
2026-01-27 17:18:57,663 WARN o.a.j.p.h.s.HTTPSamplerBase: Existing CookieManager HTTP cookie manager superseded by HTTP cookie manager
2026-01-27 17:18:57,697 WARN o.a.j.p.h.s.HTTPSamplerBase: Existing CookieManager HTTP cookie manager superseded by HTTP cookie manager
2026-01-27 17:18:57,710 WARN o.a.j.p.h.s.HTTPSamplerBase: Existing CookieManager HTTP cookie manager superseded by HTTP cookie manager
2026-01-27 17:18:57,722 WARN o.a.j.p.h.s.HTTPSamplerBase: Existing CookieManager HTTP cookie manager superseded by HTTP cookie manager
2026-01-27 17:18:57,739 WARN o.a.j.p.h.s.HTTPSamplerBase: Existing CookieManager HTTP cookie manager superseded by HTTP cookie manager
2026-01-27 17:18:57,740 WARN o.a.j.p.h.s.HTTPSamplerBase: Existing CookieManager HTTP cookie manager superseded by HTTP cookie manager
2026-01-27 17:18:57,770 WARN o.a.j.p.h.s.HTTPSamplerBase: Existing CookieManager HTTP cookie manager superseded by HTTP cookie manager
2026-01-27 17:18:57,773 WARN o.a.j.p.h.s.HTTPSamplerBase: Existing CookieManager HTTP cookie manager superseded by HTTP cookie manager
2026-01-27 17:18:57,779 WARN o.a.j.p.h.s.HTTPSamplerBase: Existing CookieManager HTTP cookie manager superseded by HTTP cookie manager
2026-01-27 17:18:57,785 WARN o.a.j.p.h.s.HTTPSamplerBase: Existing CookieManager HTTP cookie manager superseded by HTTP cookie manager
2026-01-27 17:18:57,823 WARN o.a.j.p.h.s.HTTPSamplerBase: Existing CookieManager HTTP cookie manager superseded by HTTP cookie manager
2026-01-27 17:18:57,825 WARN o.a.j.p.h.s.HTTPSamplerBase: Existing CookieManager HTTP cookie manager superseded by HTTP cookie manager
2026-01-27 17:18:57,838 WARN o.a.j.p.h.s.HTTPSamplerBase: Existing CookieManager HTTP cookie manager superseded by HTTP cookie manager
2026-01-27 17:18:57,840 WARN o.a.j.p.h.s.HTTPSamplerBase: Existing CookieManager HTTP cookie manager superseded by HTTP cookie manager
2026-01-27 17:18:57,840 WARN o.a.j.p.h.s.HTTPSamplerBase: Existing CookieManager HTTP cookie manager superseded by HTTP cookie manager
2026-01-27 17:18:57,872 WARN o.a.j.p.h.s.HTTPSamplerBase: Existing CookieManager HTTP cookie manager superseded by HTTP cookie manager
2026-01-27 17:18:57,892 WARN o.a.j.p.h.s.HTTPSamplerBase: Existing CookieManager HTTP cookie manager superseded by HTTP cookie manager
2026-01-27 17:18:57,892 WARN o.a.j.p.h.s.HTTPSamplerBase: Existing CookieManager HTTP cookie manager superseded by HTTP cookie manager
2026-01-27 17:18:57,904 WARN o.a.j.p.h.s.HTTPSamplerBase: Existing CookieManager HTTP cookie manager superseded by HTTP cookie manager
2026-01-27 17:18:57,931 WARN o.a.j.p.h.s.HTTPSamplerBase: Existing CookieManager HTTP cookie manager superseded by HTTP cookie manager
2026-01-27 17:18:57,935 WARN o.a.j.p.h.s.HTTPSamplerBase: Existing CookieManager HTTP cookie manager superseded by HTTP cookie manager
2026-01-27 17:18:57,942 WARN o.a.j.p.h.s.HTTPSamplerBase: Existing CookieManager HTTP cookie manager superseded by HTTP cookie manager
2026-01-27 17:18:57,942 WARN o.a.j.p.h.s.HTTPSamplerBase: Existing CookieManager HTTP cookie manager superseded by HTTP cookie manager
2026-01-27 17:18:57,950 WARN o.a.j.p.h.s.HTTPSamplerBase: Existing CookieManager HTTP cookie manager superseded by HTTP cookie manager
2026-01-27 17:18:57,958 WARN o.a.j.p.h.s.HTTPSamplerBase: Existing CookieManager HTTP cookie manager superseded by HTTP cookie manager
2026-01-27 17:18:57,978 WARN o.a.j.p.h.s.HTTPSamplerBase: Existing CookieManager HTTP cookie manager superseded by HTTP cookie manager
2026-01-27 17:18:57,978 WARN o.a.j.p.h.s.HTTPSamplerBase: Existing CookieManager HTTP cookie manager superseded by HTTP cookie manager
2026-01-27 17:18:58,005 WARN o.a.j.p.h.s.HTTPSamplerBase: Existing CookieManager HTTP cookie manager superseded by HTTP cookie manager
2026-01-27 17:18:58,006 WARN o.a.j.p.h.s.HTTPSamplerBase: Existing CookieManager HTTP cookie manager superseded by HTTP cookie manager
2026-01-27 17:18:58,017 WARN o.a.j.p.h.s.HTTPSamplerBase: Existing CookieManager HTTP cookie manager superseded by HTTP cookie manager
2026-01-27 17:18:58,045 WARN o.a.j.p.h.s.HTTPSamplerBase: Existing CookieManager HTTP cookie manager superseded by HTTP cookie manager
2026-01-27 17:18:58,058 WARN o.a.j.p.h.s.HTTPSamplerBase: Existing CookieManager HTTP cookie manager superseded by HTTP cookie manager
2026-01-27 17:18:58,082 WARN o.a.j.p.h.s.HTTPSamplerBase: Existing CookieManager HTTP cookie manager superseded by HTTP cookie manager
2026-01-27 17:18:58,082 WARN o.a.j.p.h.s.HTTPSamplerBase: Existing CookieManager HTTP cookie manager superseded by HTTP cookie manager
2026-01-27 17:18:58,083 WARN o.a.j.p.h.s.HTTPSamplerBase: Existing CookieManager HTTP cookie manager superseded by HTTP cookie manager
2026-01-27 17:18:58,106 WARN o.a.j.p.h.s.HTTPSamplerBase: Existing CookieManager HTTP cookie manager superseded by HTTP cookie manager
2026-01-27 17:18:58,169 WARN o.a.j.p.h.s.HTTPSamplerBase: Existing CookieManager HTTP cookie manager superseded by HTTP cookie manager
2026-01-27 17:18:58,178 WARN o.a.j.p.h.s.HTTPSamplerBase: Existing CookieManager HTTP cookie manager superseded by HTTP cookie manager
2026-01-27 17:18:58,198 WARN o.a.j.p.h.s.HTTPSamplerBase: Existing CookieManager HTTP cookie manager superseded by HTTP cookie manager
2026-01-27 17:18:58,209 WARN o.a.j.p.h.s.HTTPSamplerBase: Existing CookieManager HTTP cookie manager superseded by HTTP cookie manager
2026-01-27 17:18:58,216 WARN o.a.j.p.h.s.HTTPSamplerBase: Existing CookieManager HTTP cookie manager superseded by HTTP cookie manager
2026-01-27 17:18:58,254 WARN o.a.j.p.h.s.HTTPSamplerBase: Existing CookieManager HTTP cookie manager superseded by HTTP cookie manager
2026-01-27 17:18:58,263 WARN o.a.j.p.h.s.HTTPSamplerBase: Existing CookieManager HTTP cookie manager superseded by HTTP cookie manager
2026-01-27 17:18:58,277 WARN o.a.j.p.h.s.HTTPSamplerBase: Existing CookieManager HTTP cookie manager superseded by HTTP cookie manager
2026-01-27 17:18:58,315 WARN o.a.j.p.h.s.HTTPSamplerBase: Existing CookieManager HTTP cookie manager superseded by HTTP cookie manager
2026-01-27 17:18:58,315 WARN o.a.j.p.h.s.HTTPSamplerBase: Existing CookieManager HTTP cookie manager superseded by HTTP cookie manager
2026-01-27 17:18:58,315 WARN o.a.j.p.h.s.HTTPSamplerBase: Existing CookieManager HTTP cookie manager superseded by HTTP cookie manager
2026-01-27 17:18:58,322 WARN o.a.j.p.h.s.HTTPSamplerBase: Existing CookieManager HTTP cookie manager superseded by HTTP cookie manager
2026-01-27 17:18:58,329 WARN o.a.j.p.h.s.HTTPSamplerBase: Existing CookieManager HTTP cookie manager superseded by HTTP cookie manager
2026-01-27 17:18:58,357 WARN o.a.j.p.h.s.HTTPSamplerBase: Existing CookieManager HTTP cookie manager superseded by HTTP cookie manager
2026-01-27 17:18:58,357 WARN o.a.j.p.h.s.HTTPSamplerBase: Existing CookieManager HTTP cookie manager superseded by HTTP cookie manager
2026-01-27 17:18:58,362 WARN o.a.j.p.h.s.HTTPSamplerBase: Existing CookieManager HTTP cookie manager superseded by HTTP cookie manager
2026-01-27 17:18:58,380 WARN o.a.j.p.h.s.HTTPSamplerBase: Existing CookieManager HTTP cookie manager superseded by HTTP cookie manager
2026-01-27 17:18:58,406 WARN o.a.j.p.h.s.HTTPSamplerBase: Existing CookieManager HTTP cookie manager superseded by HTTP cookie manager
2026-01-27 17:18:58,406 WARN o.a.j.p.h.s.HTTPSamplerBase: Existing CookieManager HTTP cookie manager superseded by HTTP cookie manager
2026-01-27 17:18:58,415 WARN o.a.j.p.h.s.HTTPSamplerBase: Existing CookieManager HTTP cookie manager superseded by HTTP cookie manager
2026-01-27 17:18:58,445 WARN o.a.j.p.h.s.HTTPSamplerBase: Existing CookieManager HTTP cookie manager superseded by HTTP cookie manager
2026-01-27 17:18:58,450 WARN o.a.j.p.h.s.HTTPSamplerBase: Existing CookieManager HTTP cookie manager superseded by HTTP cookie manager
2026-01-27 17:18:58,450 WARN o.a.j.p.h.s.HTTPSamplerBase: Existing CookieManager HTTP cookie manager superseded by HTTP cookie manager
2026-01-27 17:18:58,453 WARN o.a.j.p.h.s.HTTPSamplerBase: Existing CookieManager HTTP cookie manager superseded by HTTP cookie manager
2026-01-27 17:18:58,458 WARN o.a.j.p.h.s.HTTPSamplerBase: Existing CookieManager HTTP cookie manager superseded by HTTP cookie manager
2026-01-27 17:18:58,458 WARN o.a.j.p.h.s.HTTPSamplerBase: Existing CookieManager HTTP cookie manager superseded by HTTP cookie manager
2026-01-27 17:18:58,509 WARN o.a.j.p.h.s.HTTPSamplerBase: Existing CookieManager HTTP cookie manager superseded by HTTP cookie manager
2026-01-27 17:18:58,510 WARN o.a.j.p.h.s.HTTPSamplerBase: Existing CookieManager HTTP cookie manager superseded by HTTP cookie manager
2026-01-27 17:18:58,513 WARN o.a.j.p.h.s.HTTPSamplerBase: Existing CookieManager HTTP cookie manager superseded by HTTP cookie manager
2026-01-27 17:18:58,513 WARN o.a.j.p.h.s.HTTPSamplerBase: Existing CookieManager HTTP cookie manager superseded by HTTP cookie manager
2026-01-27 17:18:58,549 WARN o.a.j.p.h.s.HTTPSamplerBase: Existing CookieManager HTTP cookie manager superseded by HTTP cookie manager
2026-01-27 17:18:58,551 WARN o.a.j.p.h.s.HTTPSamplerBase: Existing CookieManager HTTP cookie manager superseded by HTTP cookie manager
2026-01-27 17:18:58,569 WARN o.a.j.p.h.s.HTTPSamplerBase: Existing CookieManager HTTP cookie manager superseded by HTTP cookie manager
2026-01-27 17:18:58,578 WARN o.a.j.p.h.s.HTTPSamplerBase: Existing CookieManager HTTP cookie manager superseded by HTTP cookie manager
2026-01-27 17:18:58,616 WARN o.a.j.p.h.s.HTTPSamplerBase: Existing CookieManager HTTP cookie manager superseded by HTTP cookie manager
2026-01-27 17:18:58,640 WARN o.a.j.p.h.s.HTTPSamplerBase: Existing CookieManager HTTP cookie manager superseded by HTTP cookie manager
2026-01-27 17:18:58,640 WARN o.a.j.p.h.s.HTTPSamplerBase: Existing CookieManager HTTP cookie manager superseded by HTTP cookie manager
2026-01-27 17:18:58,658 WARN o.a.j.p.h.s.HTTPSamplerBase: Existing CookieManager HTTP cookie manager superseded by HTTP cookie manager
2026-01-27 17:18:58,662 WARN o.a.j.p.h.s.HTTPSamplerBase: Existing CookieManager HTTP cookie manager superseded by HTTP cookie manager
2026-01-27 17:18:58,674 WARN o.a.j.p.h.s.HTTPSamplerBase: Existing CookieManager HTTP cookie manager superseded by HTTP cookie manager
2026-01-27 17:18:58,678 WARN o.a.j.p.h.s.HTTPSamplerBase: Existing CookieManager HTTP cookie manager superseded by HTTP cookie manager
2026-01-27 17:18:58,685 WARN o.a.j.p.h.s.HTTPSamplerBase: Existing CookieManager HTTP cookie manager superseded by HTTP cookie manager
2026-01-27 17:18:58,695 WARN o.a.j.p.h.s.HTTPSamplerBase: Existing CookieManager HTTP cookie manager superseded by HTTP cookie manager
2026-01-27 17:18:58,751 WARN o.a.j.p.h.s.HTTPSamplerBase: Existing CookieManager HTTP cookie manager superseded by HTTP cookie manager
2026-01-27 17:18:58,759 WARN o.a.j.p.h.s.HTTPSamplerBase: Existing CookieManager HTTP cookie manager superseded by HTTP cookie manager
2026-01-27 17:18:58,762 WARN o.a.j.p.h.s.HTTPSamplerBase: Existing CookieManager HTTP cookie manager superseded by HTTP cookie manager
2026-01-27 17:18:58,764 WARN o.a.j.p.h.s.HTTPSamplerBase: Existing CookieManager HTTP cookie manager superseded by HTTP cookie manager
2026-01-27 17:18:58,801 WARN o.a.j.p.h.s.HTTPSamplerBase: Existing CookieManager HTTP cookie manager superseded by HTTP cookie manager
2026-01-27 17:18:58,826 WARN o.a.j.p.h.s.HTTPSamplerBase: Existing CookieManager HTTP cookie manager superseded by HTTP cookie manager
2026-01-27 17:18:58,833 WARN o.a.j.p.h.s.HTTPSamplerBase: Existing CookieManager HTTP cookie manager superseded by HTTP cookie manager
2026-01-27 17:18:58,836 WARN o.a.j.p.h.s.HTTPSamplerBase: Existing CookieManager HTTP cookie manager superseded by HTTP cookie manager
2026-01-27 17:18:58,872 WARN o.a.j.p.h.s.HTTPSamplerBase: Existing CookieManager HTTP cookie manager superseded by HTTP cookie manager
2026-01-27 17:18:58,905 WARN o.a.j.p.h.s.HTTPSamplerBase: Existing CookieManager HTTP cookie manager superseded by HTTP cookie manager
2026-01-27 17:18:58,921 WARN o.a.j.p.h.s.HTTPSamplerBase: Existing CookieManager HTTP cookie manager superseded by HTTP cookie manager
2026-01-27 17:18:58,922 WARN o.a.j.p.h.s.HTTPSamplerBase: Existing CookieManager HTTP cookie manager superseded by HTTP cookie manager
2026-01-27 17:18:58,934 WARN o.a.j.p.h.s.HTTPSamplerBase: Existing CookieManager HTTP cookie manager superseded by HTTP cookie manager
2026-01-27 17:18:58,938 WARN o.a.j.p.h.s.HTTPSamplerBase: Existing CookieManager HTTP cookie manager superseded by HTTP cookie manager
2026-01-27 17:18:58,963 WARN o.a.j.p.h.s.HTTPSamplerBase: Existing CookieManager HTTP cookie manager superseded by HTTP cookie manager
2026-01-27 17:18:58,972 WARN o.a.j.p.h.s.HTTPSamplerBase: Existing CookieManager HTTP cookie manager superseded by HTTP cookie manager
2026-01-27 17:18:58,985 WARN o.a.j.p.h.s.HTTPSamplerBase: Existing CookieManager HTTP cookie manager superseded by HTTP cookie manager
2026-01-27 17:18:59,004 WARN o.a.j.p.h.s.HTTPSamplerBase: Existing CookieManager HTTP cookie manager superseded by HTTP cookie manager
2026-01-27 17:18:59,022 WARN o.a.j.p.h.s.HTTPSamplerBase: Existing CookieManager HTTP cookie manager superseded by HTTP cookie manager
2026-01-27 17:18:59,075 WARN o.a.j.p.h.s.HTTPSamplerBase: Existing CookieManager HTTP cookie manager superseded by HTTP cookie manager
2026-01-27 17:18:59,075 WARN o.a.j.p.h.s.HTTPSamplerBase: Existing CookieManager HTTP cookie manager superseded by HTTP cookie manager
2026-01-27 17:18:59,084 WARN o.a.j.p.h.s.HTTPSamplerBase: Existing CookieManager HTTP cookie manager superseded by HTTP cookie manager
2026-01-27 17:18:59,088 WARN o.a.j.p.h.s.HTTPSamplerBase: Existing CookieManager HTTP cookie manager superseded by HTTP cookie manager
2026-01-27 17:18:59,111 WARN o.a.j.p.h.s.HTTPSamplerBase: Existing CookieManager HTTP cookie manager superseded by HTTP cookie manager
2026-01-27 17:18:59,149 WARN o.a.j.p.h.s.HTTPSamplerBase: Existing CookieManager HTTP cookie manager superseded by HTTP cookie manager
2026-01-27 17:18:59,154 WARN o.a.j.p.h.s.HTTPSamplerBase: Existing CookieManager HTTP cookie manager superseded by HTTP cookie manager
2026-01-27 17:18:59,207 WARN o.a.j.p.h.s.HTTPSamplerBase: Existing CookieManager HTTP cookie manager superseded by HTTP cookie manager
2026-01-27 17:18:59,234 WARN o.a.j.p.h.s.HTTPSamplerBase: Existing CookieManager HTTP cookie manager superseded by HTTP cookie manager
2026-01-27 17:18:59,272 WARN o.a.j.p.h.s.HTTPSamplerBase: Existing CookieManager HTTP cookie manager superseded by HTTP cookie manager
2026-01-27 17:18:59,272 WARN o.a.j.p.h.s.HTTPSamplerBase: Existing CookieManager HTTP cookie manager superseded by HTTP cookie manager
2026-01-27 17:18:59,305 WARN o.a.j.p.h.s.HTTPSamplerBase: Existing CookieManager HTTP cookie manager superseded by HTTP cookie manager
2026-01-27 17:18:59,330 WARN o.a.j.p.h.s.HTTPSamplerBase: Existing CookieManager HTTP cookie manager superseded by HTTP cookie manager
2026-01-27 17:18:59,330 WARN o.a.j.p.h.s.HTTPSamplerBase: Existing CookieManager HTTP cookie manager superseded by HTTP cookie manager
2026-01-27 17:18:59,337 WARN o.a.j.p.h.s.HTTPSamplerBase: Existing CookieManager HTTP cookie manager superseded by HTTP cookie manager
2026-01-27 17:18:59,342 WARN o.a.j.p.h.s.HTTPSamplerBase: Existing CookieManager HTTP cookie manager superseded by HTTP cookie manager
2026-01-27 17:18:59,358 WARN o.a.j.p.h.s.HTTPSamplerBase: Existing CookieManager HTTP cookie manager superseded by HTTP cookie manager
2026-01-27 17:18:59,358 WARN o.a.j.p.h.s.HTTPSamplerBase: Existing CookieManager HTTP cookie manager superseded by HTTP cookie manager
2026-01-27 17:18:59,365 WARN o.a.j.p.h.s.HTTPSamplerBase: Existing CookieManager HTTP cookie manager superseded by HTTP cookie manager
2026-01-27 17:18:59,372 WARN o.a.j.p.h.s.HTTPSamplerBase: Existing CookieManager HTTP cookie manager superseded by HTTP cookie manager
2026-01-27 17:18:59,417 WARN o.a.j.p.h.s.HTTPSamplerBase: Existing CookieManager HTTP cookie manager superseded by HTTP cookie manager
2026-01-27 17:18:59,471 WARN o.a.j.p.h.s.HTTPSamplerBase: Existing CookieManager HTTP cookie manager superseded by HTTP cookie manager
2026-01-27 17:18:59,477 WARN o.a.j.p.h.s.HTTPSamplerBase: Existing CookieManager HTTP cookie manager superseded by HTTP cookie manager
2026-01-27 17:18:59,501 WARN o.a.j.p.h.s.HTTPSamplerBase: Existing CookieManager HTTP cookie manager superseded by HTTP cookie manager
2026-01-27 17:18:59,509 WARN o.a.j.p.h.s.HTTPSamplerBase: Existing CookieManager HTTP cookie manager superseded by HTTP cookie manager
2026-01-27 17:18:59,517 WARN o.a.j.p.h.s.HTTPSamplerBase: Existing CookieManager HTTP cookie manager superseded by HTTP cookie manager
2026-01-27 17:18:59,525 WARN o.a.j.p.h.s.HTTPSamplerBase: Existing CookieManager HTTP cookie manager superseded by HTTP cookie manager
2026-01-27 17:18:59,535 WARN o.a.j.p.h.s.HTTPSamplerBase: Existing CookieManager HTTP cookie manager superseded by HTTP cookie manager
2026-01-27 17:18:59,538 WARN o.a.j.p.h.s.HTTPSamplerBase: Existing CookieManager HTTP cookie manager superseded by HTTP cookie manager
2026-01-27 17:18:59,561 WARN o.a.j.p.h.s.HTTPSamplerBase: Existing CookieManager HTTP cookie manager superseded by HTTP cookie manager
2026-01-27 17:18:59,586 WARN o.a.j.p.h.s.HTTPSamplerBase: Existing CookieManager HTTP cookie manager superseded by HTTP cookie manager
2026-01-27 17:18:59,591 WARN o.a.j.p.h.s.HTTPSamplerBase: Existing CookieManager HTTP cookie manager superseded by HTTP cookie manager
2026-01-27 17:18:59,641 WARN o.a.j.p.h.s.HTTPSamplerBase: Existing CookieManager HTTP cookie manager superseded by HTTP cookie manager
2026-01-27 17:18:59,642 WARN o.a.j.p.h.s.HTTPSamplerBase: Existing CookieManager HTTP cookie manager superseded by HTTP cookie manager
2026-01-27 17:18:59,642 WARN o.a.j.p.h.s.HTTPSamplerBase: Existing CookieManager HTTP cookie manager superseded by HTTP cookie manager
2026-01-27 17:18:59,646 WARN o.a.j.p.h.s.HTTPSamplerBase: Existing CookieManager HTTP cookie manager superseded by HTTP cookie manager
2026-01-27 17:18:59,663 WARN o.a.j.p.h.s.HTTPSamplerBase: Existing CookieManager HTTP cookie manager superseded by HTTP cookie manager
2026-01-27 17:18:59,666 WARN o.a.j.p.h.s.HTTPSamplerBase: Existing CookieManager HTTP cookie manager superseded by HTTP cookie manager
2026-01-27 17:18:59,707 WARN o.a.j.p.h.s.HTTPSamplerBase: Existing CookieManager HTTP cookie manager superseded by HTTP cookie manager
2026-01-27 17:18:59,708 WARN o.a.j.p.h.s.HTTPSamplerBase: Existing CookieManager HTTP cookie manager superseded by HTTP cookie manager
2026-01-27 17:18:59,736 WARN o.a.j.p.h.s.HTTPSamplerBase: Existing CookieManager HTTP cookie manager superseded by HTTP cookie manager
2026-01-27 17:18:59,745 WARN o.a.j.p.h.s.HTTPSamplerBase: Existing CookieManager HTTP cookie manager superseded by HTTP cookie manager
2026-01-27 17:18:59,751 WARN o.a.j.p.h.s.HTTPSamplerBase: Existing CookieManager HTTP cookie manager superseded by HTTP cookie manager
2026-01-27 17:18:59,769 WARN o.a.j.p.h.s.HTTPSamplerBase: Existing CookieManager HTTP cookie manager superseded by HTTP cookie manager
2026-01-27 17:18:59,785 WARN o.a.j.p.h.s.HTTPSamplerBase: Existing CookieManager HTTP cookie manager superseded by HTTP cookie manager
2026-01-27 17:18:59,787 WARN o.a.j.p.h.s.HTTPSamplerBase: Existing CookieManager HTTP cookie manager superseded by HTTP cookie manager
2026-01-27 17:18:59,789 WARN o.a.j.p.h.s.HTTPSamplerBase: Existing CookieManager HTTP cookie manager superseded by HTTP cookie manager
2026-01-27 17:18:59,820 WARN o.a.j.p.h.s.HTTPSamplerBase: Existing CookieManager HTTP cookie manager superseded by HTTP cookie manager
2026-01-27 17:18:59,829 WARN o.a.j.p.h.s.HTTPSamplerBase: Existing CookieManager HTTP cookie manager superseded by HTTP cookie manager
2026-01-27 17:18:59,848 WARN o.a.j.p.h.s.HTTPSamplerBase: Existing CookieManager HTTP cookie manager superseded by HTTP cookie manager
2026-01-27 17:18:59,851 WARN o.a.j.p.h.s.HTTPSamplerBase: Existing CookieManager HTTP cookie manager superseded by HTTP cookie manager
2026-01-27 17:18:59,881 WARN o.a.j.p.h.s.HTTPSamplerBase: Existing CookieManager HTTP cookie manager superseded by HTTP cookie manager
2026-01-27 17:18:59,882 WARN o.a.j.p.h.s.HTTPSamplerBase: Existing CookieManager HTTP cookie manager superseded by HTTP cookie manager
2026-01-27 17:18:59,890 WARN o.a.j.p.h.s.HTTPSamplerBase: Existing CookieManager HTTP cookie manager superseded by HTTP cookie manager
2026-01-27 17:18:59,900 WARN o.a.j.p.h.s.HTTPSamplerBase: Existing CookieManager HTTP cookie manager superseded by HTTP cookie manager
2026-01-27 17:18:59,920 WARN o.a.j.p.h.s.HTTPSamplerBase: Existing CookieManager HTTP cookie manager superseded by HTTP cookie manager
2026-01-27 17:18:59,920 WARN o.a.j.p.h.s.HTTPSamplerBase: Existing CookieManager HTTP cookie manager superseded by HTTP cookie manager
2026-01-27 17:18:59,951 WARN o.a.j.p.h.s.HTTPSamplerBase: Existing CookieManager HTTP cookie manager superseded by HTTP cookie manager
2026-01-27 17:18:59,958 WARN o.a.j.p.h.s.HTTPSamplerBase: Existing CookieManager HTTP cookie manager superseded by HTTP cookie manager
2026-01-27 17:18:59,962 WARN o.a.j.p.h.s.HTTPSamplerBase: Existing CookieManager HTTP cookie manager superseded by HTTP cookie manager
2026-01-27 17:18:59,971 WARN o.a.j.p.h.s.HTTPSamplerBase: Existing CookieManager HTTP cookie manager superseded by HTTP cookie manager
2026-01-27 17:19:00,005 INFO o.a.j.r.Summariser: summary +  19113 in 00:00:30 =  637.1/s Avg:   476 Min:    49 Max:  5815 Err:    24 (0.13%) Active: 500 Started: 500 Finished: 0
2026-01-27 17:19:00,008 INFO o.a.j.r.Summariser: summary =  28089 in 00:00:49 =  569.0/s Avg:   468 Min:     3 Max:  5815 Err:    24 (0.09%)
2026-01-27 17:19:00,040 WARN o.a.j.p.h.s.HTTPSamplerBase: Existing CookieManager HTTP cookie manager superseded by HTTP cookie manager
2026-01-27 17:19:00,102 WARN o.a.j.p.h.s.HTTPSamplerBase: Existing CookieManager HTTP cookie manager superseded by HTTP cookie manager
2026-01-27 17:19:00,120 WARN o.a.j.p.h.s.HTTPSamplerBase: Existing CookieManager HTTP cookie manager superseded by HTTP cookie manager
2026-01-27 17:19:00,157 WARN o.a.j.p.h.s.HTTPSamplerBase: Existing CookieManager HTTP cookie manager superseded by HTTP cookie manager
2026-01-27 17:19:00,158 WARN o.a.j.p.h.s.HTTPSamplerBase: Existing CookieManager HTTP cookie manager superseded by HTTP cookie manager
2026-01-27 17:19:00,225 WARN o.a.j.p.h.s.HTTPSamplerBase: Existing CookieManager HTTP cookie manager superseded by HTTP cookie manager
2026-01-27 17:19:00,266 WARN o.a.j.p.h.s.HTTPSamplerBase: Existing CookieManager HTTP cookie manager superseded by HTTP cookie manager
2026-01-27 17:19:00,285 WARN o.a.j.p.h.s.HTTPSamplerBase: Existing CookieManager HTTP cookie manager superseded by HTTP cookie manager
2026-01-27 17:19:00,287 WARN o.a.j.p.h.s.HTTPSamplerBase: Existing CookieManager HTTP cookie manager superseded by HTTP cookie manager
2026-01-27 17:19:00,300 WARN o.a.j.p.h.s.HTTPSamplerBase: Existing CookieManager HTTP cookie manager superseded by HTTP cookie manager
2026-01-27 17:19:00,310 WARN o.a.j.p.h.s.HTTPSamplerBase: Existing CookieManager HTTP cookie manager superseded by HTTP cookie manager
2026-01-27 17:19:00,314 WARN o.a.j.p.h.s.HTTPSamplerBase: Existing CookieManager HTTP cookie manager superseded by HTTP cookie manager
2026-01-27 17:19:00,314 WARN o.a.j.p.h.s.HTTPSamplerBase: Existing CookieManager HTTP cookie manager superseded by HTTP cookie manager
2026-01-27 17:19:00,332 WARN o.a.j.p.h.s.HTTPSamplerBase: Existing CookieManager HTTP cookie manager superseded by HTTP cookie manager
2026-01-27 17:19:00,333 WARN o.a.j.p.h.s.HTTPSamplerBase: Existing CookieManager HTTP cookie manager superseded by HTTP cookie manager
2026-01-27 17:19:00,333 WARN o.a.j.p.h.s.HTTPSamplerBase: Existing CookieManager HTTP cookie manager superseded by HTTP cookie manager
2026-01-27 17:19:00,339 WARN o.a.j.p.h.s.HTTPSamplerBase: Existing CookieManager HTTP cookie manager superseded by HTTP cookie manager
2026-01-27 17:19:00,340 WARN o.a.j.p.h.s.HTTPSamplerBase: Existing CookieManager HTTP cookie manager superseded by HTTP cookie manager
2026-01-27 17:19:00,341 WARN o.a.j.p.h.s.HTTPSamplerBase: Existing CookieManager HTTP cookie manager superseded by HTTP cookie manager
2026-01-27 17:19:00,344 WARN o.a.j.p.h.s.HTTPSamplerBase: Existing CookieManager HTTP cookie manager superseded by HTTP cookie manager
2026-01-27 17:19:00,350 WARN o.a.j.p.h.s.HTTPSamplerBase: Existing CookieManager HTTP cookie manager superseded by HTTP cookie manager
2026-01-27 17:19:00,354 WARN o.a.j.p.h.s.HTTPSamplerBase: Existing CookieManager HTTP cookie manager superseded by HTTP cookie manager
2026-01-27 17:19:00,372 WARN o.a.j.p.h.s.HTTPSamplerBase: Existing CookieManager HTTP cookie manager superseded by HTTP cookie manager
2026-01-27 17:19:00,375 WARN o.a.j.p.h.s.HTTPSamplerBase: Existing CookieManager HTTP cookie manager superseded by HTTP cookie manager
2026-01-27 17:19:00,377 WARN o.a.j.p.h.s.HTTPSamplerBase: Existing CookieManager HTTP cookie manager superseded by HTTP cookie manager
2026-01-27 17:19:00,430 WARN o.a.j.p.h.s.HTTPSamplerBase: Existing CookieManager HTTP cookie manager superseded by HTTP cookie manager
2026-01-27 17:19:00,467 WARN o.a.j.p.h.s.HTTPSamplerBase: Existing CookieManager HTTP cookie manager superseded by HTTP cookie manager
2026-01-27 17:19:00,489 WARN o.a.j.p.h.s.HTTPSamplerBase: Existing CookieManager HTTP cookie manager superseded by HTTP cookie manager
2026-01-27 17:19:00,490 WARN o.a.j.p.h.s.HTTPSamplerBase: Existing CookieManager HTTP cookie manager superseded by HTTP cookie manager
2026-01-27 17:19:00,490 WARN o.a.j.p.h.s.HTTPSamplerBase: Existing CookieManager HTTP cookie manager superseded by HTTP cookie manager
2026-01-27 17:19:00,494 WARN o.a.j.p.h.s.HTTPSamplerBase: Existing CookieManager HTTP cookie manager superseded by HTTP cookie manager
2026-01-27 17:19:00,574 WARN o.a.j.p.h.s.HTTPSamplerBase: Existing CookieManager HTTP cookie manager superseded by HTTP cookie manager
2026-01-27 17:19:00,597 WARN o.a.j.p.h.s.HTTPSamplerBase: Existing CookieManager HTTP cookie manager superseded by HTTP cookie manager
2026-01-27 17:19:00,598 WARN o.a.j.p.h.s.HTTPSamplerBase: Existing CookieManager HTTP cookie manager superseded by HTTP cookie manager
2026-01-27 17:19:00,599 WARN o.a.j.p.h.s.HTTPSamplerBase: Existing CookieManager HTTP cookie manager superseded by HTTP cookie manager
2026-01-27 17:19:00,599 WARN o.a.j.p.h.s.HTTPSamplerBase: Existing CookieManager HTTP cookie manager superseded by HTTP cookie manager
2026-01-27 17:19:00,612 WARN o.a.j.p.h.s.HTTPSamplerBase: Existing CookieManager HTTP cookie manager superseded by HTTP cookie manager
2026-01-27 17:19:00,624 WARN o.a.j.p.h.s.HTTPSamplerBase: Existing CookieManager HTTP cookie manager superseded by HTTP cookie manager
2026-01-27 17:19:00,647 WARN o.a.j.p.h.s.HTTPSamplerBase: Existing CookieManager HTTP cookie manager superseded by HTTP cookie manager
2026-01-27 17:19:00,672 WARN o.a.j.p.h.s.HTTPSamplerBase: Existing CookieManager HTTP cookie manager superseded by HTTP cookie manager
2026-01-27 17:19:00,701 WARN o.a.j.p.h.s.HTTPSamplerBase: Existing CookieManager HTTP cookie manager superseded by HTTP cookie manager
2026-01-27 17:19:00,726 WARN o.a.j.p.h.s.HTTPSamplerBase: Existing CookieManager HTTP cookie manager superseded by HTTP cookie manager
2026-01-27 17:19:00,741 WARN o.a.j.p.h.s.HTTPSamplerBase: Existing CookieManager HTTP cookie manager superseded by HTTP cookie manager
2026-01-27 17:19:00,741 WARN o.a.j.p.h.s.HTTPSamplerBase: Existing CookieManager HTTP cookie manager superseded by HTTP cookie manager
2026-01-27 17:19:00,760 WARN o.a.j.p.h.s.HTTPSamplerBase: Existing CookieManager HTTP cookie manager superseded by HTTP cookie manager
2026-01-27 17:19:00,768 WARN o.a.j.p.h.s.HTTPSamplerBase: Existing CookieManager HTTP cookie manager superseded by HTTP cookie manager
2026-01-27 17:19:00,778 WARN o.a.j.p.h.s.HTTPSamplerBase: Existing CookieManager HTTP cookie manager superseded by HTTP cookie manager
2026-01-27 17:19:00,784 WARN o.a.j.p.h.s.HTTPSamplerBase: Existing CookieManager HTTP cookie manager superseded by HTTP cookie manager
2026-01-27 17:19:00,786 WARN o.a.j.p.h.s.HTTPSamplerBase: Existing CookieManager HTTP cookie manager superseded by HTTP cookie manager
2026-01-27 17:19:00,821 WARN o.a.j.p.h.s.HTTPSamplerBase: Existing CookieManager HTTP cookie manager superseded by HTTP cookie manager
2026-01-27 17:19:00,829 WARN o.a.j.p.h.s.HTTPSamplerBase: Existing CookieManager HTTP cookie manager superseded by HTTP cookie manager
2026-01-27 17:19:00,830 WARN o.a.j.p.h.s.HTTPSamplerBase: Existing CookieManager HTTP cookie manager superseded by HTTP cookie manager
2026-01-27 17:19:00,837 WARN o.a.j.p.h.s.HTTPSamplerBase: Existing CookieManager HTTP cookie manager superseded by HTTP cookie manager
2026-01-27 17:19:00,851 WARN o.a.j.p.h.s.HTTPSamplerBase: Existing CookieManager HTTP cookie manager superseded by HTTP cookie manager
2026-01-27 17:19:00,871 WARN o.a.j.p.h.s.HTTPSamplerBase: Existing CookieManager HTTP cookie manager superseded by HTTP cookie manager
2026-01-27 17:19:00,874 WARN o.a.j.p.h.s.HTTPSamplerBase: Existing CookieManager HTTP cookie manager superseded by HTTP cookie manager
2026-01-27 17:19:00,892 WARN o.a.j.p.h.s.HTTPSamplerBase: Existing CookieManager HTTP cookie manager superseded by HTTP cookie manager
2026-01-27 17:19:00,922 WARN o.a.j.p.h.s.HTTPSamplerBase: Existing CookieManager HTTP cookie manager superseded by HTTP cookie manager
2026-01-27 17:19:00,942 WARN o.a.j.p.h.s.HTTPSamplerBase: Existing CookieManager HTTP cookie manager superseded by HTTP cookie manager
2026-01-27 17:19:00,969 WARN o.a.j.p.h.s.HTTPSamplerBase: Existing CookieManager HTTP cookie manager superseded by HTTP cookie manager
2026-01-27 17:19:00,969 WARN o.a.j.p.h.s.HTTPSamplerBase: Existing CookieManager HTTP cookie manager superseded by HTTP cookie manager
2026-01-27 17:19:00,976 WARN o.a.j.p.h.s.HTTPSamplerBase: Existing CookieManager HTTP cookie manager superseded by HTTP cookie manager
2026-01-27 17:19:00,979 WARN o.a.j.p.h.s.HTTPSamplerBase: Existing CookieManager HTTP cookie manager superseded by HTTP cookie manager
2026-01-27 17:19:00,994 WARN o.a.j.p.h.s.HTTPSamplerBase: Existing CookieManager HTTP cookie manager superseded by HTTP cookie manager
2026-01-27 17:19:01,000 WARN o.a.j.p.h.s.HTTPSamplerBase: Existing CookieManager HTTP cookie manager superseded by HTTP cookie manager
2026-01-27 17:19:01,009 WARN o.a.j.p.h.s.HTTPSamplerBase: Existing CookieManager HTTP cookie manager superseded by HTTP cookie manager
2026-01-27 17:19:01,020 WARN o.a.j.p.h.s.HTTPSamplerBase: Existing CookieManager HTTP cookie manager superseded by HTTP cookie manager
2026-01-27 17:19:01,052 WARN o.a.j.p.h.s.HTTPSamplerBase: Existing CookieManager HTTP cookie manager superseded by HTTP cookie manager
2026-01-27 17:19:01,123 WARN o.a.j.p.h.s.HTTPSamplerBase: Existing CookieManager HTTP cookie manager superseded by HTTP cookie manager
2026-01-27 17:19:01,126 WARN o.a.j.p.h.s.HTTPSamplerBase: Existing CookieManager HTTP cookie manager superseded by HTTP cookie manager
2026-01-27 17:19:01,142 WARN o.a.j.p.h.s.HTTPSamplerBase: Existing CookieManager HTTP cookie manager superseded by HTTP cookie manager
2026-01-27 17:19:01,154 WARN o.a.j.p.h.s.HTTPSamplerBase: Existing CookieManager HTTP cookie manager superseded by HTTP cookie manager
2026-01-27 17:19:01,157 WARN o.a.j.p.h.s.HTTPSamplerBase: Existing CookieManager HTTP cookie manager superseded by HTTP cookie manager
2026-01-27 17:19:01,208 WARN o.a.j.p.h.s.HTTPSamplerBase: Existing CookieManager HTTP cookie manager superseded by HTTP cookie manager
2026-01-27 17:19:01,210 WARN o.a.j.p.h.s.HTTPSamplerBase: Existing CookieManager HTTP cookie manager superseded by HTTP cookie manager
2026-01-27 17:19:01,220 WARN o.a.j.p.h.s.HTTPSamplerBase: Existing CookieManager HTTP cookie manager superseded by HTTP cookie manager
2026-01-27 17:19:01,223 WARN o.a.j.p.h.s.HTTPSamplerBase: Existing CookieManager HTTP cookie manager superseded by HTTP cookie manager
2026-01-27 17:19:01,224 WARN o.a.j.p.h.s.HTTPSamplerBase: Existing CookieManager HTTP cookie manager superseded by HTTP cookie manager
2026-01-27 17:19:01,290 WARN o.a.j.p.h.s.HTTPSamplerBase: Existing CookieManager HTTP cookie manager superseded by HTTP cookie manager
2026-01-27 17:19:01,294 WARN o.a.j.p.h.s.HTTPSamplerBase: Existing CookieManager HTTP cookie manager superseded by HTTP cookie manager
2026-01-27 17:19:01,308 WARN o.a.j.p.h.s.HTTPSamplerBase: Existing CookieManager HTTP cookie manager superseded by HTTP cookie manager
2026-01-27 17:19:01,322 WARN o.a.j.p.h.s.HTTPSamplerBase: Existing CookieManager HTTP cookie manager superseded by HTTP cookie manager
2026-01-27 17:19:01,322 WARN o.a.j.p.h.s.HTTPSamplerBase: Existing CookieManager HTTP cookie manager superseded by HTTP cookie manager
2026-01-27 17:19:01,402 WARN o.a.j.p.h.s.HTTPSamplerBase: Existing CookieManager HTTP cookie manager superseded by HTTP cookie manager
2026-01-27 17:19:01,418 WARN o.a.j.p.h.s.HTTPSamplerBase: Existing CookieManager HTTP cookie manager superseded by HTTP cookie manager
2026-01-27 17:19:01,430 WARN o.a.j.p.h.s.HTTPSamplerBase: Existing CookieManager HTTP cookie manager superseded by HTTP cookie manager
2026-01-27 17:19:01,467 WARN o.a.j.p.h.s.HTTPSamplerBase: Existing CookieManager HTTP cookie manager superseded by HTTP cookie manager
2026-01-27 17:19:01,512 WARN o.a.j.p.h.s.HTTPSamplerBase: Existing CookieManager HTTP cookie manager superseded by HTTP cookie manager
2026-01-27 17:19:01,541 WARN o.a.j.p.h.s.HTTPSamplerBase: Existing CookieManager HTTP cookie manager superseded by HTTP cookie manager
2026-01-27 17:19:01,549 WARN o.a.j.p.h.s.HTTPSamplerBase: Existing CookieManager HTTP cookie manager superseded by HTTP cookie manager
2026-01-27 17:19:01,550 WARN o.a.j.p.h.s.HTTPSamplerBase: Existing CookieManager HTTP cookie manager superseded by HTTP cookie manager
2026-01-27 17:19:01,557 WARN o.a.j.p.h.s.HTTPSamplerBase: Existing CookieManager HTTP cookie manager superseded by HTTP cookie manager
2026-01-27 17:19:01,562 WARN o.a.j.p.h.s.HTTPSamplerBase: Existing CookieManager HTTP cookie manager superseded by HTTP cookie manager
2026-01-27 17:19:01,564 WARN o.a.j.p.h.s.HTTPSamplerBase: Existing CookieManager HTTP cookie manager superseded by HTTP cookie manager
2026-01-27 17:19:01,565 WARN o.a.j.p.h.s.HTTPSamplerBase: Existing CookieManager HTTP cookie manager superseded by HTTP cookie manager
2026-01-27 17:19:01,574 WARN o.a.j.p.h.s.HTTPSamplerBase: Existing CookieManager HTTP cookie manager superseded by HTTP cookie manager
2026-01-27 17:19:01,584 WARN o.a.j.p.h.s.HTTPSamplerBase: Existing CookieManager HTTP cookie manager superseded by HTTP cookie manager
2026-01-27 17:19:01,585 WARN o.a.j.p.h.s.HTTPSamplerBase: Existing CookieManager HTTP cookie manager superseded by HTTP cookie manager
2026-01-27 17:19:01,607 WARN o.a.j.p.h.s.HTTPSamplerBase: Existing CookieManager HTTP cookie manager superseded by HTTP cookie manager
2026-01-27 17:19:01,633 WARN o.a.j.p.h.s.HTTPSamplerBase: Existing CookieManager HTTP cookie manager superseded by HTTP cookie manager
2026-01-27 17:19:01,646 WARN o.a.j.p.h.s.HTTPSamplerBase: Existing CookieManager HTTP cookie manager superseded by HTTP cookie manager
2026-01-27 17:19:01,662 WARN o.a.j.p.h.s.HTTPSamplerBase: Existing CookieManager HTTP cookie manager superseded by HTTP cookie manager
2026-01-27 17:19:01,669 WARN o.a.j.p.h.s.HTTPSamplerBase: Existing CookieManager HTTP cookie manager superseded by HTTP cookie manager
2026-01-27 17:19:01,728 WARN o.a.j.p.h.s.HTTPSamplerBase: Existing CookieManager HTTP cookie manager superseded by HTTP cookie manager
2026-01-27 17:19:01,739 WARN o.a.j.p.h.s.HTTPSamplerBase: Existing CookieManager HTTP cookie manager superseded by HTTP cookie manager
2026-01-27 17:19:01,752 WARN o.a.j.p.h.s.HTTPSamplerBase: Existing CookieManager HTTP cookie manager superseded by HTTP cookie manager
2026-01-27 17:19:01,781 WARN o.a.j.p.h.s.HTTPSamplerBase: Existing CookieManager HTTP cookie manager superseded by HTTP cookie manager
2026-01-27 17:19:01,843 WARN o.a.j.p.h.s.HTTPSamplerBase: Existing CookieManager HTTP cookie manager superseded by HTTP cookie manager
2026-01-27 17:19:01,848 WARN o.a.j.p.h.s.HTTPSamplerBase: Existing CookieManager HTTP cookie manager superseded by HTTP cookie manager
2026-01-27 17:19:01,864 WARN o.a.j.p.h.s.HTTPSamplerBase: Existing CookieManager HTTP cookie manager superseded by HTTP cookie manager
2026-01-27 17:19:01,918 WARN o.a.j.p.h.s.HTTPSamplerBase: Existing CookieManager HTTP cookie manager superseded by HTTP cookie manager
2026-01-27 17:19:01,918 WARN o.a.j.p.h.s.HTTPSamplerBase: Existing CookieManager HTTP cookie manager superseded by HTTP cookie manager
2026-01-27 17:19:01,951 WARN o.a.j.p.h.s.HTTPSamplerBase: Existing CookieManager HTTP cookie manager superseded by HTTP cookie manager
2026-01-27 17:19:01,952 WARN o.a.j.p.h.s.HTTPSamplerBase: Existing CookieManager HTTP cookie manager superseded by HTTP cookie manager
2026-01-27 17:19:02,030 WARN o.a.j.p.h.s.HTTPSamplerBase: Existing CookieManager HTTP cookie manager superseded by HTTP cookie manager
2026-01-27 17:19:02,031 WARN o.a.j.p.h.s.HTTPSamplerBase: Existing CookieManager HTTP cookie manager superseded by HTTP cookie manager
2026-01-27 17:19:02,038 WARN o.a.j.p.h.s.HTTPSamplerBase: Existing CookieManager HTTP cookie manager superseded by HTTP cookie manager
2026-01-27 17:19:02,057 WARN o.a.j.p.h.s.HTTPSamplerBase: Existing CookieManager HTTP cookie manager superseded by HTTP cookie manager
2026-01-27 17:19:02,062 WARN o.a.j.p.h.s.HTTPSamplerBase: Existing CookieManager HTTP cookie manager superseded by HTTP cookie manager
2026-01-27 17:19:02,130 WARN o.a.j.p.h.s.HTTPSamplerBase: Existing CookieManager HTTP cookie manager superseded by HTTP cookie manager
2026-01-27 17:19:02,131 WARN o.a.j.p.h.s.HTTPSamplerBase: Existing CookieManager HTTP cookie manager superseded by HTTP cookie manager
2026-01-27 17:19:02,149 WARN o.a.j.p.h.s.HTTPSamplerBase: Existing CookieManager HTTP cookie manager superseded by HTTP cookie manager
2026-01-27 17:19:02,154 WARN o.a.j.p.h.s.HTTPSamplerBase: Existing CookieManager HTTP cookie manager superseded by HTTP cookie manager
2026-01-27 17:19:02,160 WARN o.a.j.p.h.s.HTTPSamplerBase: Existing CookieManager HTTP cookie manager superseded by HTTP cookie manager
2026-01-27 17:19:02,180 WARN o.a.j.p.h.s.HTTPSamplerBase: Existing CookieManager HTTP cookie manager superseded by HTTP cookie manager
2026-01-27 17:19:02,209 WARN o.a.j.p.h.s.HTTPSamplerBase: Existing CookieManager HTTP cookie manager superseded by HTTP cookie manager
2026-01-27 17:19:02,267 WARN o.a.j.p.h.s.HTTPSamplerBase: Existing CookieManager HTTP cookie manager superseded by HTTP cookie manager
2026-01-27 17:19:02,300 WARN o.a.j.p.h.s.HTTPSamplerBase: Existing CookieManager HTTP cookie manager superseded by HTTP cookie manager
2026-01-27 17:19:02,325 WARN o.a.j.p.h.s.HTTPSamplerBase: Existing CookieManager HTTP cookie manager superseded by HTTP cookie manager
2026-01-27 17:19:02,344 WARN o.a.j.p.h.s.HTTPSamplerBase: Existing CookieManager HTTP cookie manager superseded by HTTP cookie manager
2026-01-27 17:19:02,370 WARN o.a.j.p.h.s.HTTPSamplerBase: Existing CookieManager HTTP cookie manager superseded by HTTP cookie manager
2026-01-27 17:19:02,391 WARN o.a.j.p.h.s.HTTPSamplerBase: Existing CookieManager HTTP cookie manager superseded by HTTP cookie manager
2026-01-27 17:19:02,413 WARN o.a.j.p.h.s.HTTPSamplerBase: Existing CookieManager HTTP cookie manager superseded by HTTP cookie manager
2026-01-27 17:19:02,433 WARN o.a.j.p.h.s.HTTPSamplerBase: Existing CookieManager HTTP cookie manager superseded by HTTP cookie manager
2026-01-27 17:19:02,464 WARN o.a.j.p.h.s.HTTPSamplerBase: Existing CookieManager HTTP cookie manager superseded by HTTP cookie manager
2026-01-27 17:19:02,520 WARN o.a.j.p.h.s.HTTPSamplerBase: Existing CookieManager HTTP cookie manager superseded by HTTP cookie manager
2026-01-27 17:19:02,536 WARN o.a.j.p.h.s.HTTPSamplerBase: Existing CookieManager HTTP cookie manager superseded by HTTP cookie manager
2026-01-27 17:19:02,560 WARN o.a.j.p.h.s.HTTPSamplerBase: Existing CookieManager HTTP cookie manager superseded by HTTP cookie manager
2026-01-27 17:19:02,566 WARN o.a.j.p.h.s.HTTPSamplerBase: Existing CookieManager HTTP cookie manager superseded by HTTP cookie manager
2026-01-27 17:19:02,650 WARN o.a.j.p.h.s.HTTPSamplerBase: Existing CookieManager HTTP cookie manager superseded by HTTP cookie manager
2026-01-27 17:19:02,697 WARN o.a.j.p.h.s.HTTPSamplerBase: Existing CookieManager HTTP cookie manager superseded by HTTP cookie manager
2026-01-27 17:19:02,697 WARN o.a.j.p.h.s.HTTPSamplerBase: Existing CookieManager HTTP cookie manager superseded by HTTP cookie manager
2026-01-27 17:19:02,708 WARN o.a.j.p.h.s.HTTPSamplerBase: Existing CookieManager HTTP cookie manager superseded by HTTP cookie manager
2026-01-27 17:19:02,776 WARN o.a.j.p.h.s.HTTPSamplerBase: Existing CookieManager HTTP cookie manager superseded by HTTP cookie manager
2026-01-27 17:19:02,815 WARN o.a.j.p.h.s.HTTPSamplerBase: Existing CookieManager HTTP cookie manager superseded by HTTP cookie manager
2026-01-27 17:19:02,827 WARN o.a.j.p.h.s.HTTPSamplerBase: Existing CookieManager HTTP cookie manager superseded by HTTP cookie manager
2026-01-27 17:19:02,858 WARN o.a.j.p.h.s.HTTPSamplerBase: Existing CookieManager HTTP cookie manager superseded by HTTP cookie manager
2026-01-27 17:19:02,872 WARN o.a.j.p.h.s.HTTPSamplerBase: Existing CookieManager HTTP cookie manager superseded by HTTP cookie manager
2026-01-27 17:19:02,900 WARN o.a.j.p.h.s.HTTPSamplerBase: Existing CookieManager HTTP cookie manager superseded by HTTP cookie manager
2026-01-27 17:19:02,902 WARN o.a.j.p.h.s.HTTPSamplerBase: Existing CookieManager HTTP cookie manager superseded by HTTP cookie manager
2026-01-27 17:19:02,914 WARN o.a.j.p.h.s.HTTPSamplerBase: Existing CookieManager HTTP cookie manager superseded by HTTP cookie manager
2026-01-27 17:19:02,931 WARN o.a.j.p.h.s.HTTPSamplerBase: Existing CookieManager HTTP cookie manager superseded by HTTP cookie manager
2026-01-27 17:19:02,948 WARN o.a.j.p.h.s.HTTPSamplerBase: Existing CookieManager HTTP cookie manager superseded by HTTP cookie manager
2026-01-27 17:19:02,953 WARN o.a.j.p.h.s.HTTPSamplerBase: Existing CookieManager HTTP cookie manager superseded by HTTP cookie manager
2026-01-27 17:19:02,969 WARN o.a.j.p.h.s.HTTPSamplerBase: Existing CookieManager HTTP cookie manager superseded by HTTP cookie manager
2026-01-27 17:19:02,979 WARN o.a.j.p.h.s.HTTPSamplerBase: Existing CookieManager HTTP cookie manager superseded by HTTP cookie manager
2026-01-27 17:19:03,011 WARN o.a.j.p.h.s.HTTPSamplerBase: Existing CookieManager HTTP cookie manager superseded by HTTP cookie manager
2026-01-27 17:19:03,032 WARN o.a.j.p.h.s.HTTPSamplerBase: Existing CookieManager HTTP cookie manager superseded by HTTP cookie manager
2026-01-27 17:19:03,045 WARN o.a.j.p.h.s.HTTPSamplerBase: Existing CookieManager HTTP cookie manager superseded by HTTP cookie manager
2026-01-27 17:19:03,060 WARN o.a.j.p.h.s.HTTPSamplerBase: Existing CookieManager HTTP cookie manager superseded by HTTP cookie manager
2026-01-27 17:19:03,084 WARN o.a.j.p.h.s.HTTPSamplerBase: Existing CookieManager HTTP cookie manager superseded by HTTP cookie manager
2026-01-27 17:19:03,090 WARN o.a.j.p.h.s.HTTPSamplerBase: Existing CookieManager HTTP cookie manager superseded by HTTP cookie manager
2026-01-27 17:19:03,099 WARN o.a.j.p.h.s.HTTPSamplerBase: Existing CookieManager HTTP cookie manager superseded by HTTP cookie manager
2026-01-27 17:19:03,145 WARN o.a.j.p.h.s.HTTPSamplerBase: Existing CookieManager HTTP cookie manager superseded by HTTP cookie manager
2026-01-27 17:19:03,149 WARN o.a.j.p.h.s.HTTPSamplerBase: Existing CookieManager HTTP cookie manager superseded by HTTP cookie manager
2026-01-27 17:19:03,157 WARN o.a.j.p.h.s.HTTPSamplerBase: Existing CookieManager HTTP cookie manager superseded by HTTP cookie manager
2026-01-27 17:19:03,176 WARN o.a.j.p.h.s.HTTPSamplerBase: Existing CookieManager HTTP cookie manager superseded by HTTP cookie manager
2026-01-27 17:19:03,183 WARN o.a.j.p.h.s.HTTPSamplerBase: Existing CookieManager HTTP cookie manager superseded by HTTP cookie manager
2026-01-27 17:19:03,184 WARN o.a.j.p.h.s.HTTPSamplerBase: Existing CookieManager HTTP cookie manager superseded by HTTP cookie manager
2026-01-27 17:19:03,198 WARN o.a.j.p.h.s.HTTPSamplerBase: Existing CookieManager HTTP cookie manager superseded by HTTP cookie manager
2026-01-27 17:19:03,232 WARN o.a.j.p.h.s.HTTPSamplerBase: Existing CookieManager HTTP cookie manager superseded by HTTP cookie manager
2026-01-27 17:19:03,234 WARN o.a.j.p.h.s.HTTPSamplerBase: Existing CookieManager HTTP cookie manager superseded by HTTP cookie manager
2026-01-27 17:19:03,252 WARN o.a.j.p.h.s.HTTPSamplerBase: Existing CookieManager HTTP cookie manager superseded by HTTP cookie manager
2026-01-27 17:19:03,279 WARN o.a.j.p.h.s.HTTPSamplerBase: Existing CookieManager HTTP cookie manager superseded by HTTP cookie manager
2026-01-27 17:19:03,308 WARN o.a.j.p.h.s.HTTPSamplerBase: Existing CookieManager HTTP cookie manager superseded by HTTP cookie manager
2026-01-27 17:19:03,316 WARN o.a.j.p.h.s.HTTPSamplerBase: Existing CookieManager HTTP cookie manager superseded by HTTP cookie manager
2026-01-27 17:19:03,406 WARN o.a.j.p.h.s.HTTPSamplerBase: Existing CookieManager HTTP cookie manager superseded by HTTP cookie manager
2026-01-27 17:19:03,408 WARN o.a.j.p.h.s.HTTPSamplerBase: Existing CookieManager HTTP cookie manager superseded by HTTP cookie manager
2026-01-27 17:19:03,467 WARN o.a.j.p.h.s.HTTPSamplerBase: Existing CookieManager HTTP cookie manager superseded by HTTP cookie manager
2026-01-27 17:19:03,469 WARN o.a.j.p.h.s.HTTPSamplerBase: Existing CookieManager HTTP cookie manager superseded by HTTP cookie manager
2026-01-27 17:19:03,470 WARN o.a.j.p.h.s.HTTPSamplerBase: Existing CookieManager HTTP cookie manager superseded by HTTP cookie manager
2026-01-27 17:19:03,497 WARN o.a.j.p.h.s.HTTPSamplerBase: Existing CookieManager HTTP cookie manager superseded by HTTP cookie manager
2026-01-27 17:19:03,523 WARN o.a.j.p.h.s.HTTPSamplerBase: Existing CookieManager HTTP cookie manager superseded by HTTP cookie manager
2026-01-27 17:19:03,560 WARN o.a.j.p.h.s.HTTPSamplerBase: Existing CookieManager HTTP cookie manager superseded by HTTP cookie manager
2026-01-27 17:19:03,568 WARN o.a.j.p.h.s.HTTPSamplerBase: Existing CookieManager HTTP cookie manager superseded by HTTP cookie manager
2026-01-27 17:19:03,661 WARN o.a.j.p.h.s.HTTPSamplerBase: Existing CookieManager HTTP cookie manager superseded by HTTP cookie manager
2026-01-27 17:19:03,683 WARN o.a.j.p.h.s.HTTPSamplerBase: Existing CookieManager HTTP cookie manager superseded by HTTP cookie manager
2026-01-27 17:19:03,701 WARN o.a.j.p.h.s.HTTPSamplerBase: Existing CookieManager HTTP cookie manager superseded by HTTP cookie manager
2026-01-27 17:19:03,721 WARN o.a.j.p.h.s.HTTPSamplerBase: Existing CookieManager HTTP cookie manager superseded by HTTP cookie manager
2026-01-27 17:19:03,731 WARN o.a.j.p.h.s.HTTPSamplerBase: Existing CookieManager HTTP cookie manager superseded by HTTP cookie manager
2026-01-27 17:19:03,787 WARN o.a.j.p.h.s.HTTPSamplerBase: Existing CookieManager HTTP cookie manager superseded by HTTP cookie manager
2026-01-27 17:19:03,790 WARN o.a.j.p.h.s.HTTPSamplerBase: Existing CookieManager HTTP cookie manager superseded by HTTP cookie manager
2026-01-27 17:19:03,797 WARN o.a.j.p.h.s.HTTPSamplerBase: Existing CookieManager HTTP cookie manager superseded by HTTP cookie manager
2026-01-27 17:19:03,805 WARN o.a.j.p.h.s.HTTPSamplerBase: Existing CookieManager HTTP cookie manager superseded by HTTP cookie manager
2026-01-27 17:19:03,805 WARN o.a.j.p.h.s.HTTPSamplerBase: Existing CookieManager HTTP cookie manager superseded by HTTP cookie manager
2026-01-27 17:19:03,806 WARN o.a.j.p.h.s.HTTPSamplerBase: Existing CookieManager HTTP cookie manager superseded by HTTP cookie manager
2026-01-27 17:19:03,812 WARN o.a.j.p.h.s.HTTPSamplerBase: Existing CookieManager HTTP cookie manager superseded by HTTP cookie manager
2026-01-27 17:19:03,829 WARN o.a.j.p.h.s.HTTPSamplerBase: Existing CookieManager HTTP cookie manager superseded by HTTP cookie manager
2026-01-27 17:19:03,864 WARN o.a.j.p.h.s.HTTPSamplerBase: Existing CookieManager HTTP cookie manager superseded by HTTP cookie manager
2026-01-27 17:19:03,883 WARN o.a.j.p.h.s.HTTPSamplerBase: Existing CookieManager HTTP cookie manager superseded by HTTP cookie manager
2026-01-27 17:19:03,885 WARN o.a.j.p.h.s.HTTPSamplerBase: Existing CookieManager HTTP cookie manager superseded by HTTP cookie manager
2026-01-27 17:19:03,885 WARN o.a.j.p.h.s.HTTPSamplerBase: Existing CookieManager HTTP cookie manager superseded by HTTP cookie manager
2026-01-27 17:19:03,901 WARN o.a.j.p.h.s.HTTPSamplerBase: Existing CookieManager HTTP cookie manager superseded by HTTP cookie manager
2026-01-27 17:19:03,957 WARN o.a.j.p.h.s.HTTPSamplerBase: Existing CookieManager HTTP cookie manager superseded by HTTP cookie manager
2026-01-27 17:19:03,964 WARN o.a.j.p.h.s.HTTPSamplerBase: Existing CookieManager HTTP cookie manager superseded by HTTP cookie manager
2026-01-27 17:19:03,988 WARN o.a.j.p.h.s.HTTPSamplerBase: Existing CookieManager HTTP cookie manager superseded by HTTP cookie manager
2026-01-27 17:19:04,030 WARN o.a.j.p.h.s.HTTPSamplerBase: Existing CookieManager HTTP cookie manager superseded by HTTP cookie manager
2026-01-27 17:19:04,093 WARN o.a.j.p.h.s.HTTPSamplerBase: Existing CookieManager HTTP cookie manager superseded by HTTP cookie manager
2026-01-27 17:19:04,111 WARN o.a.j.p.h.s.HTTPSamplerBase: Existing CookieManager HTTP cookie manager superseded by HTTP cookie manager
2026-01-27 17:19:04,112 WARN o.a.j.p.h.s.HTTPSamplerBase: Existing CookieManager HTTP cookie manager superseded by HTTP cookie manager
2026-01-27 17:19:04,122 WARN o.a.j.p.h.s.HTTPSamplerBase: Existing CookieManager HTTP cookie manager superseded by HTTP cookie manager
2026-01-27 17:19:04,148 WARN o.a.j.p.h.s.HTTPSamplerBase: Existing CookieManager HTTP cookie manager superseded by HTTP cookie manager
2026-01-27 17:19:04,150 WARN o.a.j.p.h.s.HTTPSamplerBase: Existing CookieManager HTTP cookie manager superseded by HTTP cookie manager
2026-01-27 17:19:04,150 WARN o.a.j.p.h.s.HTTPSamplerBase: Existing CookieManager HTTP cookie manager superseded by HTTP cookie manager
2026-01-27 17:19:04,184 WARN o.a.j.p.h.s.HTTPSamplerBase: Existing CookieManager HTTP cookie manager superseded by HTTP cookie manager
2026-01-27 17:19:04,185 WARN o.a.j.p.h.s.HTTPSamplerBase: Existing CookieManager HTTP cookie manager superseded by HTTP cookie manager
2026-01-27 17:19:04,205 WARN o.a.j.p.h.s.HTTPSamplerBase: Existing CookieManager HTTP cookie manager superseded by HTTP cookie manager
2026-01-27 17:19:04,209 WARN o.a.j.p.h.s.HTTPSamplerBase: Existing CookieManager HTTP cookie manager superseded by HTTP cookie manager
2026-01-27 17:19:04,237 WARN o.a.j.p.h.s.HTTPSamplerBase: Existing CookieManager HTTP cookie manager superseded by HTTP cookie manager
2026-01-27 17:19:04,241 WARN o.a.j.p.h.s.HTTPSamplerBase: Existing CookieManager HTTP cookie manager superseded by HTTP cookie manager
2026-01-27 17:19:04,264 WARN o.a.j.p.h.s.HTTPSamplerBase: Existing CookieManager HTTP cookie manager superseded by HTTP cookie manager
2026-01-27 17:19:04,268 WARN o.a.j.p.h.s.HTTPSamplerBase: Existing CookieManager HTTP cookie manager superseded by HTTP cookie manager
2026-01-27 17:19:04,325 WARN o.a.j.p.h.s.HTTPSamplerBase: Existing CookieManager HTTP cookie manager superseded by HTTP cookie manager
2026-01-27 17:19:04,384 WARN o.a.j.p.h.s.HTTPSamplerBase: Existing CookieManager HTTP cookie manager superseded by HTTP cookie manager
2026-01-27 17:19:04,405 WARN o.a.j.p.h.s.HTTPSamplerBase: Existing CookieManager HTTP cookie manager superseded by HTTP cookie manager
2026-01-27 17:19:04,406 WARN o.a.j.p.h.s.HTTPSamplerBase: Existing CookieManager HTTP cookie manager superseded by HTTP cookie manager
2026-01-27 17:19:04,431 WARN o.a.j.p.h.s.HTTPSamplerBase: Existing CookieManager HTTP cookie manager superseded by HTTP cookie manager
2026-01-27 17:19:04,541 WARN o.a.j.p.h.s.HTTPSamplerBase: Existing CookieManager HTTP cookie manager superseded by HTTP cookie manager
2026-01-27 17:19:04,619 WARN o.a.j.p.h.s.HTTPSamplerBase: Existing CookieManager HTTP cookie manager superseded by HTTP cookie manager
2026-01-27 17:19:04,630 WARN o.a.j.p.h.s.HTTPSamplerBase: Existing CookieManager HTTP cookie manager superseded by HTTP cookie manager
2026-01-27 17:19:04,659 WARN o.a.j.p.h.s.HTTPSamplerBase: Existing CookieManager HTTP cookie manager superseded by HTTP cookie manager
2026-01-27 17:19:04,701 WARN o.a.j.p.h.s.HTTPSamplerBase: Existing CookieManager HTTP cookie manager superseded by HTTP cookie manager
2026-01-27 17:19:04,711 WARN o.a.j.p.h.s.HTTPSamplerBase: Existing CookieManager HTTP cookie manager superseded by HTTP cookie manager
2026-01-27 17:19:04,738 WARN o.a.j.p.h.s.HTTPSamplerBase: Existing CookieManager HTTP cookie manager superseded by HTTP cookie manager
2026-01-27 17:19:04,771 WARN o.a.j.p.h.s.HTTPSamplerBase: Existing CookieManager HTTP cookie manager superseded by HTTP cookie manager
2026-01-27 17:19:04,771 WARN o.a.j.p.h.s.HTTPSamplerBase: Existing CookieManager HTTP cookie manager superseded by HTTP cookie manager
2026-01-27 17:19:04,793 WARN o.a.j.p.h.s.HTTPSamplerBase: Existing CookieManager HTTP cookie manager superseded by HTTP cookie manager
2026-01-27 17:19:04,805 WARN o.a.j.p.h.s.HTTPSamplerBase: Existing CookieManager HTTP cookie manager superseded by HTTP cookie manager
2026-01-27 17:19:04,825 WARN o.a.j.p.h.s.HTTPSamplerBase: Existing CookieManager HTTP cookie manager superseded by HTTP cookie manager
2026-01-27 17:19:04,836 WARN o.a.j.p.h.s.HTTPSamplerBase: Existing CookieManager HTTP cookie manager superseded by HTTP cookie manager
2026-01-27 17:19:04,837 WARN o.a.j.p.h.s.HTTPSamplerBase: Existing CookieManager HTTP cookie manager superseded by HTTP cookie manager
2026-01-27 17:19:04,856 WARN o.a.j.p.h.s.HTTPSamplerBase: Existing CookieManager HTTP cookie manager superseded by HTTP cookie manager
2026-01-27 17:19:04,898 WARN o.a.j.p.h.s.HTTPSamplerBase: Existing CookieManager HTTP cookie manager superseded by HTTP cookie manager
2026-01-27 17:19:04,931 WARN o.a.j.p.h.s.HTTPSamplerBase: Existing CookieManager HTTP cookie manager superseded by HTTP cookie manager
2026-01-27 17:19:04,998 WARN o.a.j.p.h.s.HTTPSamplerBase: Existing CookieManager HTTP cookie manager superseded by HTTP cookie manager
2026-01-27 17:19:05,008 WARN o.a.j.p.h.s.HTTPSamplerBase: Existing CookieManager HTTP cookie manager superseded by HTTP cookie manager
2026-01-27 17:19:05,022 WARN o.a.j.p.h.s.HTTPSamplerBase: Existing CookieManager HTTP cookie manager superseded by HTTP cookie manager
2026-01-27 17:19:05,034 WARN o.a.j.p.h.s.HTTPSamplerBase: Existing CookieManager HTTP cookie manager superseded by HTTP cookie manager
2026-01-27 17:19:05,065 WARN o.a.j.p.h.s.HTTPSamplerBase: Existing CookieManager HTTP cookie manager superseded by HTTP cookie manager
2026-01-27 17:19:05,120 WARN o.a.j.p.h.s.HTTPSamplerBase: Existing CookieManager HTTP cookie manager superseded by HTTP cookie manager
2026-01-27 17:19:05,171 WARN o.a.j.p.h.s.HTTPSamplerBase: Existing CookieManager HTTP cookie manager superseded by HTTP cookie manager
2026-01-27 17:19:05,176 WARN o.a.j.p.h.s.HTTPSamplerBase: Existing CookieManager HTTP cookie manager superseded by HTTP cookie manager
2026-01-27 17:19:05,185 WARN o.a.j.p.h.s.HTTPSamplerBase: Existing CookieManager HTTP cookie manager superseded by HTTP cookie manager
2026-01-27 17:19:05,208 WARN o.a.j.p.h.s.HTTPSamplerBase: Existing CookieManager HTTP cookie manager superseded by HTTP cookie manager
2026-01-27 17:19:05,216 WARN o.a.j.p.h.s.HTTPSamplerBase: Existing CookieManager HTTP cookie manager superseded by HTTP cookie manager
2026-01-27 17:19:05,236 WARN o.a.j.p.h.s.HTTPSamplerBase: Existing CookieManager HTTP cookie manager superseded by HTTP cookie manager
2026-01-27 17:19:05,275 WARN o.a.j.p.h.s.HTTPSamplerBase: Existing CookieManager HTTP cookie manager superseded by HTTP cookie manager
2026-01-27 17:19:05,281 WARN o.a.j.p.h.s.HTTPSamplerBase: Existing CookieManager HTTP cookie manager superseded by HTTP cookie manager
2026-01-27 17:19:05,288 WARN o.a.j.p.h.s.HTTPSamplerBase: Existing CookieManager HTTP cookie manager superseded by HTTP cookie manager
2026-01-27 17:19:05,295 WARN o.a.j.p.h.s.HTTPSamplerBase: Existing CookieManager HTTP cookie manager superseded by HTTP cookie manager
2026-01-27 17:19:05,345 WARN o.a.j.p.h.s.HTTPSamplerBase: Existing CookieManager HTTP cookie manager superseded by HTTP cookie manager
2026-01-27 17:19:05,359 WARN o.a.j.p.h.s.HTTPSamplerBase: Existing CookieManager HTTP cookie manager superseded by HTTP cookie manager
2026-01-27 17:19:05,370 WARN o.a.j.p.h.s.HTTPSamplerBase: Existing CookieManager HTTP cookie manager superseded by HTTP cookie manager
2026-01-27 17:19:05,382 WARN o.a.j.p.h.s.HTTPSamplerBase: Existing CookieManager HTTP cookie manager superseded by HTTP cookie manager
2026-01-27 17:19:05,400 WARN o.a.j.p.h.s.HTTPSamplerBase: Existing CookieManager HTTP cookie manager superseded by HTTP cookie manager
2026-01-27 17:19:05,402 WARN o.a.j.p.h.s.HTTPSamplerBase: Existing CookieManager HTTP cookie manager superseded by HTTP cookie manager
2026-01-27 17:19:05,403 WARN o.a.j.p.h.s.HTTPSamplerBase: Existing CookieManager HTTP cookie manager superseded by HTTP cookie manager
2026-01-27 17:19:05,417 WARN o.a.j.p.h.s.HTTPSamplerBase: Existing CookieManager HTTP cookie manager superseded by HTTP cookie manager
2026-01-27 17:19:05,418 WARN o.a.j.p.h.s.HTTPSamplerBase: Existing CookieManager HTTP cookie manager superseded by HTTP cookie manager
2026-01-27 17:19:05,461 WARN o.a.j.p.h.s.HTTPSamplerBase: Existing CookieManager HTTP cookie manager superseded by HTTP cookie manager
2026-01-27 17:19:05,480 WARN o.a.j.p.h.s.HTTPSamplerBase: Existing CookieManager HTTP cookie manager superseded by HTTP cookie manager
2026-01-27 17:19:05,511 WARN o.a.j.p.h.s.HTTPSamplerBase: Existing CookieManager HTTP cookie manager superseded by HTTP cookie manager
2026-01-27 17:19:05,512 WARN o.a.j.p.h.s.HTTPSamplerBase: Existing CookieManager HTTP cookie manager superseded by HTTP cookie manager
2026-01-27 17:19:05,528 WARN o.a.j.p.h.s.HTTPSamplerBase: Existing CookieManager HTTP cookie manager superseded by HTTP cookie manager
2026-01-27 17:19:05,547 WARN o.a.j.p.h.s.HTTPSamplerBase: Existing CookieManager HTTP cookie manager superseded by HTTP cookie manager
2026-01-27 17:19:05,564 WARN o.a.j.p.h.s.HTTPSamplerBase: Existing CookieManager HTTP cookie manager superseded by HTTP cookie manager
2026-01-27 17:19:05,572 WARN o.a.j.p.h.s.HTTPSamplerBase: Existing CookieManager HTTP cookie manager superseded by HTTP cookie manager
2026-01-27 17:19:05,609 WARN o.a.j.p.h.s.HTTPSamplerBase: Existing CookieManager HTTP cookie manager superseded by HTTP cookie manager
2026-01-27 17:19:05,609 WARN o.a.j.p.h.s.HTTPSamplerBase: Existing CookieManager HTTP cookie manager superseded by HTTP cookie manager
2026-01-27 17:19:05,609 WARN o.a.j.p.h.s.HTTPSamplerBase: Existing CookieManager HTTP cookie manager superseded by HTTP cookie manager
2026-01-27 17:19:05,613 WARN o.a.j.p.h.s.HTTPSamplerBase: Existing CookieManager HTTP cookie manager superseded by HTTP cookie manager
2026-01-27 17:19:05,625 WARN o.a.j.p.h.s.HTTPSamplerBase: Existing CookieManager HTTP cookie manager superseded by HTTP cookie manager
2026-01-27 17:19:05,639 WARN o.a.j.p.h.s.HTTPSamplerBase: Existing CookieManager HTTP cookie manager superseded by HTTP cookie manager
2026-01-27 17:19:05,645 WARN o.a.j.p.h.s.HTTPSamplerBase: Existing CookieManager HTTP cookie manager superseded by HTTP cookie manager
2026-01-27 17:19:05,651 WARN o.a.j.p.h.s.HTTPSamplerBase: Existing CookieManager HTTP cookie manager superseded by HTTP cookie manager
2026-01-27 17:19:05,656 WARN o.a.j.p.h.s.HTTPSamplerBase: Existing CookieManager HTTP cookie manager superseded by HTTP cookie manager
2026-01-27 17:19:05,689 WARN o.a.j.p.h.s.HTTPSamplerBase: Existing CookieManager HTTP cookie manager superseded by HTTP cookie manager
2026-01-27 17:19:05,691 WARN o.a.j.p.h.s.HTTPSamplerBase: Existing CookieManager HTTP cookie manager superseded by HTTP cookie manager
2026-01-27 17:19:05,704 WARN o.a.j.p.h.s.HTTPSamplerBase: Existing CookieManager HTTP cookie manager superseded by HTTP cookie manager
2026-01-27 17:19:05,742 WARN o.a.j.p.h.s.HTTPSamplerBase: Existing CookieManager HTTP cookie manager superseded by HTTP cookie manager
2026-01-27 17:19:05,757 WARN o.a.j.p.h.s.HTTPSamplerBase: Existing CookieManager HTTP cookie manager superseded by HTTP cookie manager
2026-01-27 17:19:05,808 WARN o.a.j.p.h.s.HTTPSamplerBase: Existing CookieManager HTTP cookie manager superseded by HTTP cookie manager
2026-01-27 17:19:05,837 WARN o.a.j.p.h.s.HTTPSamplerBase: Existing CookieManager HTTP cookie manager superseded by HTTP cookie manager
2026-01-27 17:19:05,847 WARN o.a.j.p.h.s.HTTPSamplerBase: Existing CookieManager HTTP cookie manager superseded by HTTP cookie manager
2026-01-27 17:19:05,848 WARN o.a.j.p.h.s.HTTPSamplerBase: Existing CookieManager HTTP cookie manager superseded by HTTP cookie manager
2026-01-27 17:19:05,862 WARN o.a.j.p.h.s.HTTPSamplerBase: Existing CookieManager HTTP cookie manager superseded by HTTP cookie manager
2026-01-27 17:19:05,893 WARN o.a.j.p.h.s.HTTPSamplerBase: Existing CookieManager HTTP cookie manager superseded by HTTP cookie manager
2026-01-27 17:19:05,905 WARN o.a.j.p.h.s.HTTPSamplerBase: Existing CookieManager HTTP cookie manager superseded by HTTP cookie manager
2026-01-27 17:19:05,905 WARN o.a.j.p.h.s.HTTPSamplerBase: Existing CookieManager HTTP cookie manager superseded by HTTP cookie manager
2026-01-27 17:19:05,905 WARN o.a.j.p.h.s.HTTPSamplerBase: Existing CookieManager HTTP cookie manager superseded by HTTP cookie manager
2026-01-27 17:19:05,912 WARN o.a.j.p.h.s.HTTPSamplerBase: Existing CookieManager HTTP cookie manager superseded by HTTP cookie manager
2026-01-27 17:19:05,917 WARN o.a.j.p.h.s.HTTPSamplerBase: Existing CookieManager HTTP cookie manager superseded by HTTP cookie manager
2026-01-27 17:19:05,960 WARN o.a.j.p.h.s.HTTPSamplerBase: Existing CookieManager HTTP cookie manager superseded by HTTP cookie manager
2026-01-27 17:19:05,964 WARN o.a.j.p.h.s.HTTPSamplerBase: Existing CookieManager HTTP cookie manager superseded by HTTP cookie manager
2026-01-27 17:19:05,986 WARN o.a.j.p.h.s.HTTPSamplerBase: Existing CookieManager HTTP cookie manager superseded by HTTP cookie manager
2026-01-27 17:19:06,017 WARN o.a.j.p.h.s.HTTPSamplerBase: Existing CookieManager HTTP cookie manager superseded by HTTP cookie manager
2026-01-27 17:19:06,029 WARN o.a.j.p.h.s.HTTPSamplerBase: Existing CookieManager HTTP cookie manager superseded by HTTP cookie manager
2026-01-27 17:19:06,034 WARN o.a.j.p.h.s.HTTPSamplerBase: Existing CookieManager HTTP cookie manager superseded by HTTP cookie manager
2026-01-27 17:19:06,034 WARN o.a.j.p.h.s.HTTPSamplerBase: Existing CookieManager HTTP cookie manager superseded by HTTP cookie manager
2026-01-27 17:19:06,040 WARN o.a.j.p.h.s.HTTPSamplerBase: Existing CookieManager HTTP cookie manager superseded by HTTP cookie manager
2026-01-27 17:19:06,087 WARN o.a.j.p.h.s.HTTPSamplerBase: Existing CookieManager HTTP cookie manager superseded by HTTP cookie manager
2026-01-27 17:19:06,092 WARN o.a.j.p.h.s.HTTPSamplerBase: Existing CookieManager HTTP cookie manager superseded by HTTP cookie manager
2026-01-27 17:19:06,093 WARN o.a.j.p.h.s.HTTPSamplerBase: Existing CookieManager HTTP cookie manager superseded by HTTP cookie manager
2026-01-27 17:19:06,109 WARN o.a.j.p.h.s.HTTPSamplerBase: Existing CookieManager HTTP cookie manager superseded by HTTP cookie manager
2026-01-27 17:19:06,117 WARN o.a.j.p.h.s.HTTPSamplerBase: Existing CookieManager HTTP cookie manager superseded by HTTP cookie manager
2026-01-27 17:19:06,158 WARN o.a.j.p.h.s.HTTPSamplerBase: Existing CookieManager HTTP cookie manager superseded by HTTP cookie manager
2026-01-27 17:19:06,179 WARN o.a.j.p.h.s.HTTPSamplerBase: Existing CookieManager HTTP cookie manager superseded by HTTP cookie manager
2026-01-27 17:19:06,182 WARN o.a.j.p.h.s.HTTPSamplerBase: Existing CookieManager HTTP cookie manager superseded by HTTP cookie manager
2026-01-27 17:19:06,188 WARN o.a.j.p.h.s.HTTPSamplerBase: Existing CookieManager HTTP cookie manager superseded by HTTP cookie manager
2026-01-27 17:19:06,204 WARN o.a.j.p.h.s.HTTPSamplerBase: Existing CookieManager HTTP cookie manager superseded by HTTP cookie manager
2026-01-27 17:19:06,236 WARN o.a.j.p.h.s.HTTPSamplerBase: Existing CookieManager HTTP cookie manager superseded by HTTP cookie manager
2026-01-27 17:19:06,263 WARN o.a.j.p.h.s.HTTPSamplerBase: Existing CookieManager HTTP cookie manager superseded by HTTP cookie manager
2026-01-27 17:19:06,264 WARN o.a.j.p.h.s.HTTPSamplerBase: Existing CookieManager HTTP cookie manager superseded by HTTP cookie manager
2026-01-27 17:19:06,301 WARN o.a.j.p.h.s.HTTPSamplerBase: Existing CookieManager HTTP cookie manager superseded by HTTP cookie manager
2026-01-27 17:19:06,352 WARN o.a.j.p.h.s.HTTPSamplerBase: Existing CookieManager HTTP cookie manager superseded by HTTP cookie manager
2026-01-27 17:19:06,365 WARN o.a.j.p.h.s.HTTPSamplerBase: Existing CookieManager HTTP cookie manager superseded by HTTP cookie manager
2026-01-27 17:19:06,384 WARN o.a.j.p.h.s.HTTPSamplerBase: Existing CookieManager HTTP cookie manager superseded by HTTP cookie manager
2026-01-27 17:19:06,393 WARN o.a.j.p.h.s.HTTPSamplerBase: Existing CookieManager HTTP cookie manager superseded by HTTP cookie manager
2026-01-27 17:19:06,423 WARN o.a.j.p.h.s.HTTPSamplerBase: Existing CookieManager HTTP cookie manager superseded by HTTP cookie manager
2026-01-27 17:19:06,424 WARN o.a.j.p.h.s.HTTPSamplerBase: Existing CookieManager HTTP cookie manager superseded by HTTP cookie manager
2026-01-27 17:19:06,438 WARN o.a.j.p.h.s.HTTPSamplerBase: Existing CookieManager HTTP cookie manager superseded by HTTP cookie manager
2026-01-27 17:19:06,449 WARN o.a.j.p.h.s.HTTPSamplerBase: Existing CookieManager HTTP cookie manager superseded by HTTP cookie manager
2026-01-27 17:19:06,459 WARN o.a.j.p.h.s.HTTPSamplerBase: Existing CookieManager HTTP cookie manager superseded by HTTP cookie manager
2026-01-27 17:19:06,492 WARN o.a.j.p.h.s.HTTPSamplerBase: Existing CookieManager HTTP cookie manager superseded by HTTP cookie manager
2026-01-27 17:19:06,493 WARN o.a.j.p.h.s.HTTPSamplerBase: Existing CookieManager HTTP cookie manager superseded by HTTP cookie manager
2026-01-27 17:19:06,520 WARN o.a.j.p.h.s.HTTPSamplerBase: Existing CookieManager HTTP cookie manager superseded by HTTP cookie manager
2026-01-27 17:19:06,552 WARN o.a.j.p.h.s.HTTPSamplerBase: Existing CookieManager HTTP cookie manager superseded by HTTP cookie manager
2026-01-27 17:19:06,637 WARN o.a.j.p.h.s.HTTPSamplerBase: Existing CookieManager HTTP cookie manager superseded by HTTP cookie manager
2026-01-27 17:19:06,649 WARN o.a.j.p.h.s.HTTPSamplerBase: Existing CookieManager HTTP cookie manager superseded by HTTP cookie manager
2026-01-27 17:19:06,653 WARN o.a.j.p.h.s.HTTPSamplerBase: Existing CookieManager HTTP cookie manager superseded by HTTP cookie manager
2026-01-27 17:19:06,685 WARN o.a.j.p.h.s.HTTPSamplerBase: Existing CookieManager HTTP cookie manager superseded by HTTP cookie manager
2026-01-27 17:19:06,727 WARN o.a.j.p.h.s.HTTPSamplerBase: Existing CookieManager HTTP cookie manager superseded by HTTP cookie manager
2026-01-27 17:19:06,769 WARN o.a.j.p.h.s.HTTPSamplerBase: Existing CookieManager HTTP cookie manager superseded by HTTP cookie manager
2026-01-27 17:19:06,783 WARN o.a.j.p.h.s.HTTPSamplerBase: Existing CookieManager HTTP cookie manager superseded by HTTP cookie manager
2026-01-27 17:19:06,787 WARN o.a.j.p.h.s.HTTPSamplerBase: Existing CookieManager HTTP cookie manager superseded by HTTP cookie manager
2026-01-27 17:19:06,793 WARN o.a.j.p.h.s.HTTPSamplerBase: Existing CookieManager HTTP cookie manager superseded by HTTP cookie manager
2026-01-27 17:19:06,812 WARN o.a.j.p.h.s.HTTPSamplerBase: Existing CookieManager HTTP cookie manager superseded by HTTP cookie manager
2026-01-27 17:19:06,819 WARN o.a.j.p.h.s.HTTPSamplerBase: Existing CookieManager HTTP cookie manager superseded by HTTP cookie manager
2026-01-27 17:19:06,836 WARN o.a.j.p.h.s.HTTPSamplerBase: Existing CookieManager HTTP cookie manager superseded by HTTP cookie manager
2026-01-27 17:19:06,852 WARN o.a.j.p.h.s.HTTPSamplerBase: Existing CookieManager HTTP cookie manager superseded by HTTP cookie manager
2026-01-27 17:19:06,861 WARN o.a.j.p.h.s.HTTPSamplerBase: Existing CookieManager HTTP cookie manager superseded by HTTP cookie manager
2026-01-27 17:19:06,867 WARN o.a.j.p.h.s.HTTPSamplerBase: Existing CookieManager HTTP cookie manager superseded by HTTP cookie manager
2026-01-27 17:19:06,869 WARN o.a.j.p.h.s.HTTPSamplerBase: Existing CookieManager HTTP cookie manager superseded by HTTP cookie manager
2026-01-27 17:19:06,916 WARN o.a.j.p.h.s.HTTPSamplerBase: Existing CookieManager HTTP cookie manager superseded by HTTP cookie manager
2026-01-27 17:19:06,933 WARN o.a.j.p.h.s.HTTPSamplerBase: Existing CookieManager HTTP cookie manager superseded by HTTP cookie manager
2026-01-27 17:19:06,940 WARN o.a.j.p.h.s.HTTPSamplerBase: Existing CookieManager HTTP cookie manager superseded by HTTP cookie manager
2026-01-27 17:19:06,950 WARN o.a.j.p.h.s.HTTPSamplerBase: Existing CookieManager HTTP cookie manager superseded by HTTP cookie manager
2026-01-27 17:19:06,963 WARN o.a.j.p.h.s.HTTPSamplerBase: Existing CookieManager HTTP cookie manager superseded by HTTP cookie manager
2026-01-27 17:19:06,981 WARN o.a.j.p.h.s.HTTPSamplerBase: Existing CookieManager HTTP cookie manager superseded by HTTP cookie manager
2026-01-27 17:19:06,992 WARN o.a.j.p.h.s.HTTPSamplerBase: Existing CookieManager HTTP cookie manager superseded by HTTP cookie manager
2026-01-27 17:19:06,996 WARN o.a.j.p.h.s.HTTPSamplerBase: Existing CookieManager HTTP cookie manager superseded by HTTP cookie manager
2026-01-27 17:19:07,000 WARN o.a.j.p.h.s.HTTPSamplerBase: Existing CookieManager HTTP cookie manager superseded by HTTP cookie manager
2026-01-27 17:19:07,003 WARN o.a.j.p.h.s.HTTPSamplerBase: Existing CookieManager HTTP cookie manager superseded by HTTP cookie manager
2026-01-27 17:19:07,034 WARN o.a.j.p.h.s.HTTPSamplerBase: Existing CookieManager HTTP cookie manager superseded by HTTP cookie manager
2026-01-27 17:19:07,034 WARN o.a.j.p.h.s.HTTPSamplerBase: Existing CookieManager HTTP cookie manager superseded by HTTP cookie manager
2026-01-27 17:19:07,048 WARN o.a.j.p.h.s.HTTPSamplerBase: Existing CookieManager HTTP cookie manager superseded by HTTP cookie manager
2026-01-27 17:19:07,062 WARN o.a.j.p.h.s.HTTPSamplerBase: Existing CookieManager HTTP cookie manager superseded by HTTP cookie manager
2026-01-27 17:19:07,062 WARN o.a.j.p.h.s.HTTPSamplerBase: Existing CookieManager HTTP cookie manager superseded by HTTP cookie manager
2026-01-27 17:19:07,071 WARN o.a.j.p.h.s.HTTPSamplerBase: Existing CookieManager HTTP cookie manager superseded by HTTP cookie manager
2026-01-27 17:19:07,104 WARN o.a.j.p.h.s.HTTPSamplerBase: Existing CookieManager HTTP cookie manager superseded by HTTP cookie manager
2026-01-27 17:19:07,117 WARN o.a.j.p.h.s.HTTPSamplerBase: Existing CookieManager HTTP cookie manager superseded by HTTP cookie manager
2026-01-27 17:19:07,118 WARN o.a.j.p.h.s.HTTPSamplerBase: Existing CookieManager HTTP cookie manager superseded by HTTP cookie manager
2026-01-27 17:19:07,166 WARN o.a.j.p.h.s.HTTPSamplerBase: Existing CookieManager HTTP cookie manager superseded by HTTP cookie manager
2026-01-27 17:19:07,176 WARN o.a.j.p.h.s.HTTPSamplerBase: Existing CookieManager HTTP cookie manager superseded by HTTP cookie manager
2026-01-27 17:19:07,211 WARN o.a.j.p.h.s.HTTPSamplerBase: Existing CookieManager HTTP cookie manager superseded by HTTP cookie manager
2026-01-27 17:19:07,216 WARN o.a.j.p.h.s.HTTPSamplerBase: Existing CookieManager HTTP cookie manager superseded by HTTP cookie manager
2026-01-27 17:19:07,224 WARN o.a.j.p.h.s.HTTPSamplerBase: Existing CookieManager HTTP cookie manager superseded by HTTP cookie manager
2026-01-27 17:19:07,229 WARN o.a.j.p.h.s.HTTPSamplerBase: Existing CookieManager HTTP cookie manager superseded by HTTP cookie manager
2026-01-27 17:19:07,269 WARN o.a.j.p.h.s.HTTPSamplerBase: Existing CookieManager HTTP cookie manager superseded by HTTP cookie manager
2026-01-27 17:19:07,277 WARN o.a.j.p.h.s.HTTPSamplerBase: Existing CookieManager HTTP cookie manager superseded by HTTP cookie manager
2026-01-27 17:19:07,284 WARN o.a.j.p.h.s.HTTPSamplerBase: Existing CookieManager HTTP cookie manager superseded by HTTP cookie manager
2026-01-27 17:19:07,294 WARN o.a.j.p.h.s.HTTPSamplerBase: Existing CookieManager HTTP cookie manager superseded by HTTP cookie manager
2026-01-27 17:19:07,308 WARN o.a.j.p.h.s.HTTPSamplerBase: Existing CookieManager HTTP cookie manager superseded by HTTP cookie manager
2026-01-27 17:19:07,320 WARN o.a.j.p.h.s.HTTPSamplerBase: Existing CookieManager HTTP cookie manager superseded by HTTP cookie manager
2026-01-27 17:19:07,329 WARN o.a.j.p.h.s.HTTPSamplerBase: Existing CookieManager HTTP cookie manager superseded by HTTP cookie manager
2026-01-27 17:19:07,353 WARN o.a.j.p.h.s.HTTPSamplerBase: Existing CookieManager HTTP cookie manager superseded by HTTP cookie manager
2026-01-27 17:19:07,355 WARN o.a.j.p.h.s.HTTPSamplerBase: Existing CookieManager HTTP cookie manager superseded by HTTP cookie manager
2026-01-27 17:19:07,399 WARN o.a.j.p.h.s.HTTPSamplerBase: Existing CookieManager HTTP cookie manager superseded by HTTP cookie manager
2026-01-27 17:19:07,409 WARN o.a.j.p.h.s.HTTPSamplerBase: Existing CookieManager HTTP cookie manager superseded by HTTP cookie manager
2026-01-27 17:19:07,428 WARN o.a.j.p.h.s.HTTPSamplerBase: Existing CookieManager HTTP cookie manager superseded by HTTP cookie manager
2026-01-27 17:19:07,438 WARN o.a.j.p.h.s.HTTPSamplerBase: Existing CookieManager HTTP cookie manager superseded by HTTP cookie manager
2026-01-27 17:19:07,457 WARN o.a.j.p.h.s.HTTPSamplerBase: Existing CookieManager HTTP cookie manager superseded by HTTP cookie manager
2026-01-27 17:19:07,457 WARN o.a.j.p.h.s.HTTPSamplerBase: Existing CookieManager HTTP cookie manager superseded by HTTP cookie manager
2026-01-27 17:19:07,525 WARN o.a.j.p.h.s.HTTPSamplerBase: Existing CookieManager HTTP cookie manager superseded by HTTP cookie manager
2026-01-27 17:19:07,536 WARN o.a.j.p.h.s.HTTPSamplerBase: Existing CookieManager HTTP cookie manager superseded by HTTP cookie manager
2026-01-27 17:19:07,539 WARN o.a.j.p.h.s.HTTPSamplerBase: Existing CookieManager HTTP cookie manager superseded by HTTP cookie manager
2026-01-27 17:19:07,552 WARN o.a.j.p.h.s.HTTPSamplerBase: Existing CookieManager HTTP cookie manager superseded by HTTP cookie manager
2026-01-27 17:19:07,557 WARN o.a.j.p.h.s.HTTPSamplerBase: Existing CookieManager HTTP cookie manager superseded by HTTP cookie manager
2026-01-27 17:19:07,590 WARN o.a.j.p.h.s.HTTPSamplerBase: Existing CookieManager HTTP cookie manager superseded by HTTP cookie manager
2026-01-27 17:19:07,624 WARN o.a.j.p.h.s.HTTPSamplerBase: Existing CookieManager HTTP cookie manager superseded by HTTP cookie manager
2026-01-27 17:19:07,626 WARN o.a.j.p.h.s.HTTPSamplerBase: Existing CookieManager HTTP cookie manager superseded by HTTP cookie manager
2026-01-27 17:19:07,634 WARN o.a.j.p.h.s.HTTPSamplerBase: Existing CookieManager HTTP cookie manager superseded by HTTP cookie manager
2026-01-27 17:19:07,637 WARN o.a.j.p.h.s.HTTPSamplerBase: Existing CookieManager HTTP cookie manager superseded by HTTP cookie manager
2026-01-27 17:19:07,649 WARN o.a.j.p.h.s.HTTPSamplerBase: Existing CookieManager HTTP cookie manager superseded by HTTP cookie manager
2026-01-27 17:19:07,654 WARN o.a.j.p.h.s.HTTPSamplerBase: Existing CookieManager HTTP cookie manager superseded by HTTP cookie manager
2026-01-27 17:19:07,657 WARN o.a.j.p.h.s.HTTPSamplerBase: Existing CookieManager HTTP cookie manager superseded by HTTP cookie manager
2026-01-27 17:19:07,715 WARN o.a.j.p.h.s.HTTPSamplerBase: Existing CookieManager HTTP cookie manager superseded by HTTP cookie manager
2026-01-27 17:19:07,723 WARN o.a.j.p.h.s.HTTPSamplerBase: Existing CookieManager HTTP cookie manager superseded by HTTP cookie manager
2026-01-27 17:19:07,723 WARN o.a.j.p.h.s.HTTPSamplerBase: Existing CookieManager HTTP cookie manager superseded by HTTP cookie manager
2026-01-27 17:19:07,745 WARN o.a.j.p.h.s.HTTPSamplerBase: Existing CookieManager HTTP cookie manager superseded by HTTP cookie manager
2026-01-27 17:19:07,769 WARN o.a.j.p.h.s.HTTPSamplerBase: Existing CookieManager HTTP cookie manager superseded by HTTP cookie manager
2026-01-27 17:19:07,770 WARN o.a.j.p.h.s.HTTPSamplerBase: Existing CookieManager HTTP cookie manager superseded by HTTP cookie manager
2026-01-27 17:19:07,775 WARN o.a.j.p.h.s.HTTPSamplerBase: Existing CookieManager HTTP cookie manager superseded by HTTP cookie manager
2026-01-27 17:19:07,779 WARN o.a.j.p.h.s.HTTPSamplerBase: Existing CookieManager HTTP cookie manager superseded by HTTP cookie manager
2026-01-27 17:19:07,794 WARN o.a.j.p.h.s.HTTPSamplerBase: Existing CookieManager HTTP cookie manager superseded by HTTP cookie manager
2026-01-27 17:19:07,798 WARN o.a.j.p.h.s.HTTPSamplerBase: Existing CookieManager HTTP cookie manager superseded by HTTP cookie manager
2026-01-27 17:19:07,806 WARN o.a.j.p.h.s.HTTPSamplerBase: Existing CookieManager HTTP cookie manager superseded by HTTP cookie manager
2026-01-27 17:19:07,865 WARN o.a.j.p.h.s.HTTPSamplerBase: Existing CookieManager HTTP cookie manager superseded by HTTP cookie manager
2026-01-27 17:19:07,867 WARN o.a.j.p.h.s.HTTPSamplerBase: Existing CookieManager HTTP cookie manager superseded by HTTP cookie manager
2026-01-27 17:19:07,888 WARN o.a.j.p.h.s.HTTPSamplerBase: Existing CookieManager HTTP cookie manager superseded by HTTP cookie manager
2026-01-27 17:19:07,919 WARN o.a.j.p.h.s.HTTPSamplerBase: Existing CookieManager HTTP cookie manager superseded by HTTP cookie manager
2026-01-27 17:19:07,925 WARN o.a.j.p.h.s.HTTPSamplerBase: Existing CookieManager HTTP cookie manager superseded by HTTP cookie manager
2026-01-27 17:19:07,939 WARN o.a.j.p.h.s.HTTPSamplerBase: Existing CookieManager HTTP cookie manager superseded by HTTP cookie manager
2026-01-27 17:19:07,954 WARN o.a.j.p.h.s.HTTPSamplerBase: Existing CookieManager HTTP cookie manager superseded by HTTP cookie manager
2026-01-27 17:19:07,954 WARN o.a.j.p.h.s.HTTPSamplerBase: Existing CookieManager HTTP cookie manager superseded by HTTP cookie manager
2026-01-27 17:19:07,956 WARN o.a.j.p.h.s.HTTPSamplerBase: Existing CookieManager HTTP cookie manager superseded by HTTP cookie manager
2026-01-27 17:19:07,965 WARN o.a.j.p.h.s.HTTPSamplerBase: Existing CookieManager HTTP cookie manager superseded by HTTP cookie manager
2026-01-27 17:19:07,986 WARN o.a.j.p.h.s.HTTPSamplerBase: Existing CookieManager HTTP cookie manager superseded by HTTP cookie manager
2026-01-27 17:19:08,023 WARN o.a.j.p.h.s.HTTPSamplerBase: Existing CookieManager HTTP cookie manager superseded by HTTP cookie manager
2026-01-27 17:19:08,060 WARN o.a.j.p.h.s.HTTPSamplerBase: Existing CookieManager HTTP cookie manager superseded by HTTP cookie manager
2026-01-27 17:19:08,062 WARN o.a.j.p.h.s.HTTPSamplerBase: Existing CookieManager HTTP cookie manager superseded by HTTP cookie manager
2026-01-27 17:19:08,063 WARN o.a.j.p.h.s.HTTPSamplerBase: Existing CookieManager HTTP cookie manager superseded by HTTP cookie manager
2026-01-27 17:19:08,068 WARN o.a.j.p.h.s.HTTPSamplerBase: Existing CookieManager HTTP cookie manager superseded by HTTP cookie manager
2026-01-27 17:19:08,118 WARN o.a.j.p.h.s.HTTPSamplerBase: Existing CookieManager HTTP cookie manager superseded by HTTP cookie manager
2026-01-27 17:19:08,134 WARN o.a.j.p.h.s.HTTPSamplerBase: Existing CookieManager HTTP cookie manager superseded by HTTP cookie manager
2026-01-27 17:19:08,173 WARN o.a.j.p.h.s.HTTPSamplerBase: Existing CookieManager HTTP cookie manager superseded by HTTP cookie manager
2026-01-27 17:19:08,179 WARN o.a.j.p.h.s.HTTPSamplerBase: Existing CookieManager HTTP cookie manager superseded by HTTP cookie manager
2026-01-27 17:19:08,197 WARN o.a.j.p.h.s.HTTPSamplerBase: Existing CookieManager HTTP cookie manager superseded by HTTP cookie manager
2026-01-27 17:19:08,219 WARN o.a.j.p.h.s.HTTPSamplerBase: Existing CookieManager HTTP cookie manager superseded by HTTP cookie manager
2026-01-27 17:19:08,243 WARN o.a.j.p.h.s.HTTPSamplerBase: Existing CookieManager HTTP cookie manager superseded by HTTP cookie manager
2026-01-27 17:19:08,261 WARN o.a.j.p.h.s.HTTPSamplerBase: Existing CookieManager HTTP cookie manager superseded by HTTP cookie manager
2026-01-27 17:19:08,294 WARN o.a.j.p.h.s.HTTPSamplerBase: Existing CookieManager HTTP cookie manager superseded by HTTP cookie manager
2026-01-27 17:19:08,319 WARN o.a.j.p.h.s.HTTPSamplerBase: Existing CookieManager HTTP cookie manager superseded by HTTP cookie manager
2026-01-27 17:19:08,354 WARN o.a.j.p.h.s.HTTPSamplerBase: Existing CookieManager HTTP cookie manager superseded by HTTP cookie manager
2026-01-27 17:19:08,372 WARN o.a.j.p.h.s.HTTPSamplerBase: Existing CookieManager HTTP cookie manager superseded by HTTP cookie manager
2026-01-27 17:19:08,374 WARN o.a.j.p.h.s.HTTPSamplerBase: Existing CookieManager HTTP cookie manager superseded by HTTP cookie manager
2026-01-27 17:19:08,391 WARN o.a.j.p.h.s.HTTPSamplerBase: Existing CookieManager HTTP cookie manager superseded by HTTP cookie manager
2026-01-27 17:19:08,392 WARN o.a.j.p.h.s.HTTPSamplerBase: Existing CookieManager HTTP cookie manager superseded by HTTP cookie manager
2026-01-27 17:19:08,400 WARN o.a.j.p.h.s.HTTPSamplerBase: Existing CookieManager HTTP cookie manager superseded by HTTP cookie manager
2026-01-27 17:19:08,402 WARN o.a.j.p.h.s.HTTPSamplerBase: Existing CookieManager HTTP cookie manager superseded by HTTP cookie manager
2026-01-27 17:19:08,408 WARN o.a.j.p.h.s.HTTPSamplerBase: Existing CookieManager HTTP cookie manager superseded by HTTP cookie manager
2026-01-27 17:19:08,463 WARN o.a.j.p.h.s.HTTPSamplerBase: Existing CookieManager HTTP cookie manager superseded by HTTP cookie manager
2026-01-27 17:19:08,504 WARN o.a.j.p.h.s.HTTPSamplerBase: Existing CookieManager HTTP cookie manager superseded by HTTP cookie manager
2026-01-27 17:19:08,504 WARN o.a.j.p.h.s.HTTPSamplerBase: Existing CookieManager HTTP cookie manager superseded by HTTP cookie manager
2026-01-27 17:19:08,548 WARN o.a.j.p.h.s.HTTPSamplerBase: Existing CookieManager HTTP cookie manager superseded by HTTP cookie manager
2026-01-27 17:19:08,569 WARN o.a.j.p.h.s.HTTPSamplerBase: Existing CookieManager HTTP cookie manager superseded by HTTP cookie manager
2026-01-27 17:19:08,578 WARN o.a.j.p.h.s.HTTPSamplerBase: Existing CookieManager HTTP cookie manager superseded by HTTP cookie manager
2026-01-27 17:19:08,589 WARN o.a.j.p.h.s.HTTPSamplerBase: Existing CookieManager HTTP cookie manager superseded by HTTP cookie manager
2026-01-27 17:19:08,608 WARN o.a.j.p.h.s.HTTPSamplerBase: Existing CookieManager HTTP cookie manager superseded by HTTP cookie manager
2026-01-27 17:19:08,610 WARN o.a.j.p.h.s.HTTPSamplerBase: Existing CookieManager HTTP cookie manager superseded by HTTP cookie manager
2026-01-27 17:19:08,624 WARN o.a.j.p.h.s.HTTPSamplerBase: Existing CookieManager HTTP cookie manager superseded by HTTP cookie manager
2026-01-27 17:19:08,654 WARN o.a.j.p.h.s.HTTPSamplerBase: Existing CookieManager HTTP cookie manager superseded by HTTP cookie manager
2026-01-27 17:19:08,661 WARN o.a.j.p.h.s.HTTPSamplerBase: Existing CookieManager HTTP cookie manager superseded by HTTP cookie manager
2026-01-27 17:19:08,665 WARN o.a.j.p.h.s.HTTPSamplerBase: Existing CookieManager HTTP cookie manager superseded by HTTP cookie manager
2026-01-27 17:19:08,686 WARN o.a.j.p.h.s.HTTPSamplerBase: Existing CookieManager HTTP cookie manager superseded by HTTP cookie manager
2026-01-27 17:19:08,721 WARN o.a.j.p.h.s.HTTPSamplerBase: Existing CookieManager HTTP cookie manager superseded by HTTP cookie manager
2026-01-27 17:19:08,783 WARN o.a.j.p.h.s.HTTPSamplerBase: Existing CookieManager HTTP cookie manager superseded by HTTP cookie manager
2026-01-27 17:19:08,792 WARN o.a.j.p.h.s.HTTPSamplerBase: Existing CookieManager HTTP cookie manager superseded by HTTP cookie manager
2026-01-27 17:19:08,799 WARN o.a.j.p.h.s.HTTPSamplerBase: Existing CookieManager HTTP cookie manager superseded by HTTP cookie manager
2026-01-27 17:19:08,812 WARN o.a.j.p.h.s.HTTPSamplerBase: Existing CookieManager HTTP cookie manager superseded by HTTP cookie manager
2026-01-27 17:19:08,817 WARN o.a.j.p.h.s.HTTPSamplerBase: Existing CookieManager HTTP cookie manager superseded by HTTP cookie manager
2026-01-27 17:19:08,826 WARN o.a.j.p.h.s.HTTPSamplerBase: Existing CookieManager HTTP cookie manager superseded by HTTP cookie manager
2026-01-27 17:19:08,850 WARN o.a.j.p.h.s.HTTPSamplerBase: Existing CookieManager HTTP cookie manager superseded by HTTP cookie manager
2026-01-27 17:19:08,850 WARN o.a.j.p.h.s.HTTPSamplerBase: Existing CookieManager HTTP cookie manager superseded by HTTP cookie manager
2026-01-27 17:19:08,853 WARN o.a.j.p.h.s.HTTPSamplerBase: Existing CookieManager HTTP cookie manager superseded by HTTP cookie manager
2026-01-27 17:19:08,865 WARN o.a.j.p.h.s.HTTPSamplerBase: Existing CookieManager HTTP cookie manager superseded by HTTP cookie manager
2026-01-27 17:19:08,914 WARN o.a.j.p.h.s.HTTPSamplerBase: Existing CookieManager HTTP cookie manager superseded by HTTP cookie manager
2026-01-27 17:19:08,919 WARN o.a.j.p.h.s.HTTPSamplerBase: Existing CookieManager HTTP cookie manager superseded by HTTP cookie manager
2026-01-27 17:19:08,927 WARN o.a.j.p.h.s.HTTPSamplerBase: Existing CookieManager HTTP cookie manager superseded by HTTP cookie manager
2026-01-27 17:19:08,928 WARN o.a.j.p.h.s.HTTPSamplerBase: Existing CookieManager HTTP cookie manager superseded by HTTP cookie manager
2026-01-27 17:19:08,939 WARN o.a.j.p.h.s.HTTPSamplerBase: Existing CookieManager HTTP cookie manager superseded by HTTP cookie manager
2026-01-27 17:19:08,967 WARN o.a.j.p.h.s.HTTPSamplerBase: Existing CookieManager HTTP cookie manager superseded by HTTP cookie manager
2026-01-27 17:19:08,989 WARN o.a.j.p.h.s.HTTPSamplerBase: Existing CookieManager HTTP cookie manager superseded by HTTP cookie manager
2026-01-27 17:19:09,019 WARN o.a.j.p.h.s.HTTPSamplerBase: Existing CookieManager HTTP cookie manager superseded by HTTP cookie manager
2026-01-27 17:19:09,059 WARN o.a.j.p.h.s.HTTPSamplerBase: Existing CookieManager HTTP cookie manager superseded by HTTP cookie manager
2026-01-27 17:19:09,060 WARN o.a.j.p.h.s.HTTPSamplerBase: Existing CookieManager HTTP cookie manager superseded by HTTP cookie manager
2026-01-27 17:19:09,073 WARN o.a.j.p.h.s.HTTPSamplerBase: Existing CookieManager HTTP cookie manager superseded by HTTP cookie manager
2026-01-27 17:19:09,093 WARN o.a.j.p.h.s.HTTPSamplerBase: Existing CookieManager HTTP cookie manager superseded by HTTP cookie manager
2026-01-27 17:19:09,096 WARN o.a.j.p.h.s.HTTPSamplerBase: Existing CookieManager HTTP cookie manager superseded by HTTP cookie manager
2026-01-27 17:19:09,122 WARN o.a.j.p.h.s.HTTPSamplerBase: Existing CookieManager HTTP cookie manager superseded by HTTP cookie manager
2026-01-27 17:19:09,143 WARN o.a.j.p.h.s.HTTPSamplerBase: Existing CookieManager HTTP cookie manager superseded by HTTP cookie manager
2026-01-27 17:19:09,183 WARN o.a.j.p.h.s.HTTPSamplerBase: Existing CookieManager HTTP cookie manager superseded by HTTP cookie manager
2026-01-27 17:19:09,191 WARN o.a.j.p.h.s.HTTPSamplerBase: Existing CookieManager HTTP cookie manager superseded by HTTP cookie manager
2026-01-27 17:19:09,294 WARN o.a.j.p.h.s.HTTPSamplerBase: Existing CookieManager HTTP cookie manager superseded by HTTP cookie manager
2026-01-27 17:19:09,297 WARN o.a.j.p.h.s.HTTPSamplerBase: Existing CookieManager HTTP cookie manager superseded by HTTP cookie manager
2026-01-27 17:19:09,305 WARN o.a.j.p.h.s.HTTPSamplerBase: Existing CookieManager HTTP cookie manager superseded by HTTP cookie manager
2026-01-27 17:19:09,306 WARN o.a.j.p.h.s.HTTPSamplerBase: Existing CookieManager HTTP cookie manager superseded by HTTP cookie manager
2026-01-27 17:19:09,318 WARN o.a.j.p.h.s.HTTPSamplerBase: Existing CookieManager HTTP cookie manager superseded by HTTP cookie manager
2026-01-27 17:19:09,329 WARN o.a.j.p.h.s.HTTPSamplerBase: Existing CookieManager HTTP cookie manager superseded by HTTP cookie manager
2026-01-27 17:19:09,343 WARN o.a.j.p.h.s.HTTPSamplerBase: Existing CookieManager HTTP cookie manager superseded by HTTP cookie manager
2026-01-27 17:19:09,352 WARN o.a.j.p.h.s.HTTPSamplerBase: Existing CookieManager HTTP cookie manager superseded by HTTP cookie manager
2026-01-27 17:19:09,355 WARN o.a.j.p.h.s.HTTPSamplerBase: Existing CookieManager HTTP cookie manager superseded by HTTP cookie manager
2026-01-27 17:19:09,375 WARN o.a.j.p.h.s.HTTPSamplerBase: Existing CookieManager HTTP cookie manager superseded by HTTP cookie manager
2026-01-27 17:19:09,382 WARN o.a.j.p.h.s.HTTPSamplerBase: Existing CookieManager HTTP cookie manager superseded by HTTP cookie manager
2026-01-27 17:19:09,382 WARN o.a.j.p.h.s.HTTPSamplerBase: Existing CookieManager HTTP cookie manager superseded by HTTP cookie manager
2026-01-27 17:19:09,417 WARN o.a.j.p.h.s.HTTPSamplerBase: Existing CookieManager HTTP cookie manager superseded by HTTP cookie manager
2026-01-27 17:19:09,423 WARN o.a.j.p.h.s.HTTPSamplerBase: Existing CookieManager HTTP cookie manager superseded by HTTP cookie manager
2026-01-27 17:19:09,455 WARN o.a.j.p.h.s.HTTPSamplerBase: Existing CookieManager HTTP cookie manager superseded by HTTP cookie manager
2026-01-27 17:19:09,490 WARN o.a.j.p.h.s.HTTPSamplerBase: Existing CookieManager HTTP cookie manager superseded by HTTP cookie manager
2026-01-27 17:19:09,497 WARN o.a.j.p.h.s.HTTPSamplerBase: Existing CookieManager HTTP cookie manager superseded by HTTP cookie manager
2026-01-27 17:19:09,500 WARN o.a.j.p.h.s.HTTPSamplerBase: Existing CookieManager HTTP cookie manager superseded by HTTP cookie manager
2026-01-27 17:19:09,544 WARN o.a.j.p.h.s.HTTPSamplerBase: Existing CookieManager HTTP cookie manager superseded by HTTP cookie manager
2026-01-27 17:19:09,546 WARN o.a.j.p.h.s.HTTPSamplerBase: Existing CookieManager HTTP cookie manager superseded by HTTP cookie manager
2026-01-27 17:19:09,559 WARN o.a.j.p.h.s.HTTPSamplerBase: Existing CookieManager HTTP cookie manager superseded by HTTP cookie manager
2026-01-27 17:19:09,561 WARN o.a.j.p.h.s.HTTPSamplerBase: Existing CookieManager HTTP cookie manager superseded by HTTP cookie manager
2026-01-27 17:19:09,575 WARN o.a.j.p.h.s.HTTPSamplerBase: Existing CookieManager HTTP cookie manager superseded by HTTP cookie manager
2026-01-27 17:19:09,593 WARN o.a.j.p.h.s.HTTPSamplerBase: Existing CookieManager HTTP cookie manager superseded by HTTP cookie manager
2026-01-27 17:19:09,603 WARN o.a.j.p.h.s.HTTPSamplerBase: Existing CookieManager HTTP cookie manager superseded by HTTP cookie manager
2026-01-27 17:19:09,631 WARN o.a.j.p.h.s.HTTPSamplerBase: Existing CookieManager HTTP cookie manager superseded by HTTP cookie manager
2026-01-27 17:19:09,634 WARN o.a.j.p.h.s.HTTPSamplerBase: Existing CookieManager HTTP cookie manager superseded by HTTP cookie manager
2026-01-27 17:19:09,656 WARN o.a.j.p.h.s.HTTPSamplerBase: Existing CookieManager HTTP cookie manager superseded by HTTP cookie manager
2026-01-27 17:19:09,675 WARN o.a.j.p.h.s.HTTPSamplerBase: Existing CookieManager HTTP cookie manager superseded by HTTP cookie manager
2026-01-27 17:19:09,722 WARN o.a.j.p.h.s.HTTPSamplerBase: Existing CookieManager HTTP cookie manager superseded by HTTP cookie manager
2026-01-27 17:19:09,729 WARN o.a.j.p.h.s.HTTPSamplerBase: Existing CookieManager HTTP cookie manager superseded by HTTP cookie manager
2026-01-27 17:19:09,747 WARN o.a.j.p.h.s.HTTPSamplerBase: Existing CookieManager HTTP cookie manager superseded by HTTP cookie manager
2026-01-27 17:19:09,747 WARN o.a.j.p.h.s.HTTPSamplerBase: Existing CookieManager HTTP cookie manager superseded by HTTP cookie manager
2026-01-27 17:19:09,751 WARN o.a.j.p.h.s.HTTPSamplerBase: Existing CookieManager HTTP cookie manager superseded by HTTP cookie manager
2026-01-27 17:19:09,760 WARN o.a.j.p.h.s.HTTPSamplerBase: Existing CookieManager HTTP cookie manager superseded by HTTP cookie manager
2026-01-27 17:19:09,785 WARN o.a.j.p.h.s.HTTPSamplerBase: Existing CookieManager HTTP cookie manager superseded by HTTP cookie manager
2026-01-27 17:19:09,786 WARN o.a.j.p.h.s.HTTPSamplerBase: Existing CookieManager HTTP cookie manager superseded by HTTP cookie manager
2026-01-27 17:19:09,803 WARN o.a.j.p.h.s.HTTPSamplerBase: Existing CookieManager HTTP cookie manager superseded by HTTP cookie manager
2026-01-27 17:19:09,804 WARN o.a.j.p.h.s.HTTPSamplerBase: Existing CookieManager HTTP cookie manager superseded by HTTP cookie manager
2026-01-27 17:19:09,832 WARN o.a.j.p.h.s.HTTPSamplerBase: Existing CookieManager HTTP cookie manager superseded by HTTP cookie manager
2026-01-27 17:19:09,832 WARN o.a.j.p.h.s.HTTPSamplerBase: Existing CookieManager HTTP cookie manager superseded by HTTP cookie manager
2026-01-27 17:19:09,845 WARN o.a.j.p.h.s.HTTPSamplerBase: Existing CookieManager HTTP cookie manager superseded by HTTP cookie manager
2026-01-27 17:19:09,856 WARN o.a.j.p.h.s.HTTPSamplerBase: Existing CookieManager HTTP cookie manager superseded by HTTP cookie manager
2026-01-27 17:19:09,875 WARN o.a.j.p.h.s.HTTPSamplerBase: Existing CookieManager HTTP cookie manager superseded by HTTP cookie manager
2026-01-27 17:19:09,913 WARN o.a.j.p.h.s.HTTPSamplerBase: Existing CookieManager HTTP cookie manager superseded by HTTP cookie manager
2026-01-27 17:19:09,942 WARN o.a.j.p.h.s.HTTPSamplerBase: Existing CookieManager HTTP cookie manager superseded by HTTP cookie manager
2026-01-27 17:19:09,981 WARN o.a.j.p.h.s.HTTPSamplerBase: Existing CookieManager HTTP cookie manager superseded by HTTP cookie manager
2026-01-27 17:19:09,987 WARN o.a.j.p.h.s.HTTPSamplerBase: Existing CookieManager HTTP cookie manager superseded by HTTP cookie manager
2026-01-27 17:19:10,005 WARN o.a.j.p.h.s.HTTPSamplerBase: Existing CookieManager HTTP cookie manager superseded by HTTP cookie manager
2026-01-27 17:19:10,015 WARN o.a.j.p.h.s.HTTPSamplerBase: Existing CookieManager HTTP cookie manager superseded by HTTP cookie manager
2026-01-27 17:19:10,049 WARN o.a.j.p.h.s.HTTPSamplerBase: Existing CookieManager HTTP cookie manager superseded by HTTP cookie manager
2026-01-27 17:19:10,050 WARN o.a.j.p.h.s.HTTPSamplerBase: Existing CookieManager HTTP cookie manager superseded by HTTP cookie manager
2026-01-27 17:19:10,062 WARN o.a.j.p.h.s.HTTPSamplerBase: Existing CookieManager HTTP cookie manager superseded by HTTP cookie manager
2026-01-27 17:19:10,073 WARN o.a.j.p.h.s.HTTPSamplerBase: Existing CookieManager HTTP cookie manager superseded by HTTP cookie manager
2026-01-27 17:19:10,075 WARN o.a.j.p.h.s.HTTPSamplerBase: Existing CookieManager HTTP cookie manager superseded by HTTP cookie manager
2026-01-27 17:19:10,075 WARN o.a.j.p.h.s.HTTPSamplerBase: Existing CookieManager HTTP cookie manager superseded by HTTP cookie manager
2026-01-27 17:19:10,098 WARN o.a.j.p.h.s.HTTPSamplerBase: Existing CookieManager HTTP cookie manager superseded by HTTP cookie manager
2026-01-27 17:19:10,134 WARN o.a.j.p.h.s.HTTPSamplerBase: Existing CookieManager HTTP cookie manager superseded by HTTP cookie manager
2026-01-27 17:19:10,156 WARN o.a.j.p.h.s.HTTPSamplerBase: Existing CookieManager HTTP cookie manager superseded by HTTP cookie manager
2026-01-27 17:19:10,186 WARN o.a.j.p.h.s.HTTPSamplerBase: Existing CookieManager HTTP cookie manager superseded by HTTP cookie manager
2026-01-27 17:19:10,200 WARN o.a.j.p.h.s.HTTPSamplerBase: Existing CookieManager HTTP cookie manager superseded by HTTP cookie manager
2026-01-27 17:19:10,245 WARN o.a.j.p.h.s.HTTPSamplerBase: Existing CookieManager HTTP cookie manager superseded by HTTP cookie manager
2026-01-27 17:19:10,249 WARN o.a.j.p.h.s.HTTPSamplerBase: Existing CookieManager HTTP cookie manager superseded by HTTP cookie manager
2026-01-27 17:19:10,252 WARN o.a.j.p.h.s.HTTPSamplerBase: Existing CookieManager HTTP cookie manager superseded by HTTP cookie manager
2026-01-27 17:19:10,313 WARN o.a.j.p.h.s.HTTPSamplerBase: Existing CookieManager HTTP cookie manager superseded by HTTP cookie manager
2026-01-27 17:19:10,319 WARN o.a.j.p.h.s.HTTPSamplerBase: Existing CookieManager HTTP cookie manager superseded by HTTP cookie manager
2026-01-27 17:19:10,332 WARN o.a.j.p.h.s.HTTPSamplerBase: Existing CookieManager HTTP cookie manager superseded by HTTP cookie manager
2026-01-27 17:19:10,355 WARN o.a.j.p.h.s.HTTPSamplerBase: Existing CookieManager HTTP cookie manager superseded by HTTP cookie manager
2026-01-27 17:19:10,360 WARN o.a.j.p.h.s.HTTPSamplerBase: Existing CookieManager HTTP cookie manager superseded by HTTP cookie manager
2026-01-27 17:19:10,401 WARN o.a.j.p.h.s.HTTPSamplerBase: Existing CookieManager HTTP cookie manager superseded by HTTP cookie manager
2026-01-27 17:19:10,401 WARN o.a.j.p.h.s.HTTPSamplerBase: Existing CookieManager HTTP cookie manager superseded by HTTP cookie manager
2026-01-27 17:19:10,402 WARN o.a.j.p.h.s.HTTPSamplerBase: Existing CookieManager HTTP cookie manager superseded by HTTP cookie manager
2026-01-27 17:19:10,412 WARN o.a.j.p.h.s.HTTPSamplerBase: Existing CookieManager HTTP cookie manager superseded by HTTP cookie manager
2026-01-27 17:19:10,423 WARN o.a.j.p.h.s.HTTPSamplerBase: Existing CookieManager HTTP cookie manager superseded by HTTP cookie manager
2026-01-27 17:19:10,424 WARN o.a.j.p.h.s.HTTPSamplerBase: Existing CookieManager HTTP cookie manager superseded by HTTP cookie manager
2026-01-27 17:19:10,426 WARN o.a.j.p.h.s.HTTPSamplerBase: Existing CookieManager HTTP cookie manager superseded by HTTP cookie manager
2026-01-27 17:19:10,447 WARN o.a.j.p.h.s.HTTPSamplerBase: Existing CookieManager HTTP cookie manager superseded by HTTP cookie manager
2026-01-27 17:19:10,455 WARN o.a.j.p.h.s.HTTPSamplerBase: Existing CookieManager HTTP cookie manager superseded by HTTP cookie manager
2026-01-27 17:19:10,463 WARN o.a.j.p.h.s.HTTPSamplerBase: Existing CookieManager HTTP cookie manager superseded by HTTP cookie manager
2026-01-27 17:19:10,463 WARN o.a.j.p.h.s.HTTPSamplerBase: Existing CookieManager HTTP cookie manager superseded by HTTP cookie manager
2026-01-27 17:19:10,472 WARN o.a.j.p.h.s.HTTPSamplerBase: Existing CookieManager HTTP cookie manager superseded by HTTP cookie manager
2026-01-27 17:19:10,508 WARN o.a.j.p.h.s.HTTPSamplerBase: Existing CookieManager HTTP cookie manager superseded by HTTP cookie manager
2026-01-27 17:19:10,509 WARN o.a.j.p.h.s.HTTPSamplerBase: Existing CookieManager HTTP cookie manager superseded by HTTP cookie manager
2026-01-27 17:19:10,511 WARN o.a.j.p.h.s.HTTPSamplerBase: Existing CookieManager HTTP cookie manager superseded by HTTP cookie manager
2026-01-27 17:19:10,516 WARN o.a.j.p.h.s.HTTPSamplerBase: Existing CookieManager HTTP cookie manager superseded by HTTP cookie manager
2026-01-27 17:19:10,530 WARN o.a.j.p.h.s.HTTPSamplerBase: Existing CookieManager HTTP cookie manager superseded by HTTP cookie manager
2026-01-27 17:19:10,553 WARN o.a.j.p.h.s.HTTPSamplerBase: Existing CookieManager HTTP cookie manager superseded by HTTP cookie manager
2026-01-27 17:19:10,555 WARN o.a.j.p.h.s.HTTPSamplerBase: Existing CookieManager HTTP cookie manager superseded by HTTP cookie manager
2026-01-27 17:19:10,562 WARN o.a.j.p.h.s.HTTPSamplerBase: Existing CookieManager HTTP cookie manager superseded by HTTP cookie manager
2026-01-27 17:19:10,621 WARN o.a.j.p.h.s.HTTPSamplerBase: Existing CookieManager HTTP cookie manager superseded by HTTP cookie manager
2026-01-27 17:19:10,637 WARN o.a.j.p.h.s.HTTPSamplerBase: Existing CookieManager HTTP cookie manager superseded by HTTP cookie manager
2026-01-27 17:19:10,656 WARN o.a.j.p.h.s.HTTPSamplerBase: Existing CookieManager HTTP cookie manager superseded by HTTP cookie manager
2026-01-27 17:19:10,671 WARN o.a.j.p.h.s.HTTPSamplerBase: Existing CookieManager HTTP cookie manager superseded by HTTP cookie manager
2026-01-27 17:19:10,675 WARN o.a.j.p.h.s.HTTPSamplerBase: Existing CookieManager HTTP cookie manager superseded by HTTP cookie manager
2026-01-27 17:19:10,678 WARN o.a.j.p.h.s.HTTPSamplerBase: Existing CookieManager HTTP cookie manager superseded by HTTP cookie manager
2026-01-27 17:19:10,717 WARN o.a.j.p.h.s.HTTPSamplerBase: Existing CookieManager HTTP cookie manager superseded by HTTP cookie manager
2026-01-27 17:19:10,728 WARN o.a.j.p.h.s.HTTPSamplerBase: Existing CookieManager HTTP cookie manager superseded by HTTP cookie manager
2026-01-27 17:19:10,737 WARN o.a.j.p.h.s.HTTPSamplerBase: Existing CookieManager HTTP cookie manager superseded by HTTP cookie manager
2026-01-27 17:19:10,752 WARN o.a.j.p.h.s.HTTPSamplerBase: Existing CookieManager HTTP cookie manager superseded by HTTP cookie manager
2026-01-27 17:19:10,768 WARN o.a.j.p.h.s.HTTPSamplerBase: Existing CookieManager HTTP cookie manager superseded by HTTP cookie manager
2026-01-27 17:19:10,793 WARN o.a.j.p.h.s.HTTPSamplerBase: Existing CookieManager HTTP cookie manager superseded by HTTP cookie manager
2026-01-27 17:19:10,797 WARN o.a.j.p.h.s.HTTPSamplerBase: Existing CookieManager HTTP cookie manager superseded by HTTP cookie manager
2026-01-27 17:19:10,816 WARN o.a.j.p.h.s.HTTPSamplerBase: Existing CookieManager HTTP cookie manager superseded by HTTP cookie manager
2026-01-27 17:19:10,816 WARN o.a.j.p.h.s.HTTPSamplerBase: Existing CookieManager HTTP cookie manager superseded by HTTP cookie manager
2026-01-27 17:19:10,820 WARN o.a.j.p.h.s.HTTPSamplerBase: Existing CookieManager HTTP cookie manager superseded by HTTP cookie manager
2026-01-27 17:19:10,826 WARN o.a.j.p.h.s.HTTPSamplerBase: Existing CookieManager HTTP cookie manager superseded by HTTP cookie manager
2026-01-27 17:19:10,863 WARN o.a.j.p.h.s.HTTPSamplerBase: Existing CookieManager HTTP cookie manager superseded by HTTP cookie manager
2026-01-27 17:19:10,889 WARN o.a.j.p.h.s.HTTPSamplerBase: Existing CookieManager HTTP cookie manager superseded by HTTP cookie manager
2026-01-27 17:19:10,891 WARN o.a.j.p.h.s.HTTPSamplerBase: Existing CookieManager HTTP cookie manager superseded by HTTP cookie manager
2026-01-27 17:19:10,913 WARN o.a.j.p.h.s.HTTPSamplerBase: Existing CookieManager HTTP cookie manager superseded by HTTP cookie manager
2026-01-27 17:19:10,926 WARN o.a.j.p.h.s.HTTPSamplerBase: Existing CookieManager HTTP cookie manager superseded by HTTP cookie manager
2026-01-27 17:19:10,957 WARN o.a.j.p.h.s.HTTPSamplerBase: Existing CookieManager HTTP cookie manager superseded by HTTP cookie manager
2026-01-27 17:19:10,965 WARN o.a.j.p.h.s.HTTPSamplerBase: Existing CookieManager HTTP cookie manager superseded by HTTP cookie manager
2026-01-27 17:19:10,994 WARN o.a.j.p.h.s.HTTPSamplerBase: Existing CookieManager HTTP cookie manager superseded by HTTP cookie manager
2026-01-27 17:19:11,005 WARN o.a.j.p.h.s.HTTPSamplerBase: Existing CookieManager HTTP cookie manager superseded by HTTP cookie manager
2026-01-27 17:19:11,035 WARN o.a.j.p.h.s.HTTPSamplerBase: Existing CookieManager HTTP cookie manager superseded by HTTP cookie manager
2026-01-27 17:19:11,045 WARN o.a.j.p.h.s.HTTPSamplerBase: Existing CookieManager HTTP cookie manager superseded by HTTP cookie manager
2026-01-27 17:19:11,057 WARN o.a.j.p.h.s.HTTPSamplerBase: Existing CookieManager HTTP cookie manager superseded by HTTP cookie manager
2026-01-27 17:19:11,067 WARN o.a.j.p.h.s.HTTPSamplerBase: Existing CookieManager HTTP cookie manager superseded by HTTP cookie manager
2026-01-27 17:19:11,115 WARN o.a.j.p.h.s.HTTPSamplerBase: Existing CookieManager HTTP cookie manager superseded by HTTP cookie manager
2026-01-27 17:19:11,120 WARN o.a.j.p.h.s.HTTPSamplerBase: Existing CookieManager HTTP cookie manager superseded by HTTP cookie manager
2026-01-27 17:19:11,121 WARN o.a.j.p.h.s.HTTPSamplerBase: Existing CookieManager HTTP cookie manager superseded by HTTP cookie manager
2026-01-27 17:19:11,134 WARN o.a.j.p.h.s.HTTPSamplerBase: Existing CookieManager HTTP cookie manager superseded by HTTP cookie manager
2026-01-27 17:19:11,175 WARN o.a.j.p.h.s.HTTPSamplerBase: Existing CookieManager HTTP cookie manager superseded by HTTP cookie manager
2026-01-27 17:19:11,182 WARN o.a.j.p.h.s.HTTPSamplerBase: Existing CookieManager HTTP cookie manager superseded by HTTP cookie manager
2026-01-27 17:19:11,183 WARN o.a.j.p.h.s.HTTPSamplerBase: Existing CookieManager HTTP cookie manager superseded by HTTP cookie manager
2026-01-27 17:19:11,196 WARN o.a.j.p.h.s.HTTPSamplerBase: Existing CookieManager HTTP cookie manager superseded by HTTP cookie manager
2026-01-27 17:19:11,203 WARN o.a.j.p.h.s.HTTPSamplerBase: Existing CookieManager HTTP cookie manager superseded by HTTP cookie manager
2026-01-27 17:19:11,235 WARN o.a.j.p.h.s.HTTPSamplerBase: Existing CookieManager HTTP cookie manager superseded by HTTP cookie manager
2026-01-27 17:19:11,248 WARN o.a.j.p.h.s.HTTPSamplerBase: Existing CookieManager HTTP cookie manager superseded by HTTP cookie manager
2026-01-27 17:19:11,292 WARN o.a.j.p.h.s.HTTPSamplerBase: Existing CookieManager HTTP cookie manager superseded by HTTP cookie manager
2026-01-27 17:19:11,304 WARN o.a.j.p.h.s.HTTPSamplerBase: Existing CookieManager HTTP cookie manager superseded by HTTP cookie manager
2026-01-27 17:19:11,334 WARN o.a.j.p.h.s.HTTPSamplerBase: Existing CookieManager HTTP cookie manager superseded by HTTP cookie manager
2026-01-27 17:19:11,353 WARN o.a.j.p.h.s.HTTPSamplerBase: Existing CookieManager HTTP cookie manager superseded by HTTP cookie manager
2026-01-27 17:19:11,359 WARN o.a.j.p.h.s.HTTPSamplerBase: Existing CookieManager HTTP cookie manager superseded by HTTP cookie manager
2026-01-27 17:19:11,387 WARN o.a.j.p.h.s.HTTPSamplerBase: Existing CookieManager HTTP cookie manager superseded by HTTP cookie manager
2026-01-27 17:19:11,431 WARN o.a.j.p.h.s.HTTPSamplerBase: Existing CookieManager HTTP cookie manager superseded by HTTP cookie manager
2026-01-27 17:19:11,499 WARN o.a.j.p.h.s.HTTPSamplerBase: Existing CookieManager HTTP cookie manager superseded by HTTP cookie manager
2026-01-27 17:19:11,513 WARN o.a.j.p.h.s.HTTPSamplerBase: Existing CookieManager HTTP cookie manager superseded by HTTP cookie manager
2026-01-27 17:19:11,546 WARN o.a.j.p.h.s.HTTPSamplerBase: Existing CookieManager HTTP cookie manager superseded by HTTP cookie manager
2026-01-27 17:19:11,557 WARN o.a.j.p.h.s.HTTPSamplerBase: Existing CookieManager HTTP cookie manager superseded by HTTP cookie manager
2026-01-27 17:19:11,567 WARN o.a.j.p.h.s.HTTPSamplerBase: Existing CookieManager HTTP cookie manager superseded by HTTP cookie manager
2026-01-27 17:19:11,577 WARN o.a.j.p.h.s.HTTPSamplerBase: Existing CookieManager HTTP cookie manager superseded by HTTP cookie manager
2026-01-27 17:19:11,634 WARN o.a.j.p.h.s.HTTPSamplerBase: Existing CookieManager HTTP cookie manager superseded by HTTP cookie manager
2026-01-27 17:19:11,648 WARN o.a.j.p.h.s.HTTPSamplerBase: Existing CookieManager HTTP cookie manager superseded by HTTP cookie manager
2026-01-27 17:19:11,674 WARN o.a.j.p.h.s.HTTPSamplerBase: Existing CookieManager HTTP cookie manager superseded by HTTP cookie manager
2026-01-27 17:19:11,687 WARN o.a.j.p.h.s.HTTPSamplerBase: Existing CookieManager HTTP cookie manager superseded by HTTP cookie manager
2026-01-27 17:19:11,721 WARN o.a.j.p.h.s.HTTPSamplerBase: Existing CookieManager HTTP cookie manager superseded by HTTP cookie manager
2026-01-27 17:19:11,739 WARN o.a.j.p.h.s.HTTPSamplerBase: Existing CookieManager HTTP cookie manager superseded by HTTP cookie manager
2026-01-27 17:19:11,750 WARN o.a.j.p.h.s.HTTPSamplerBase: Existing CookieManager HTTP cookie manager superseded by HTTP cookie manager
2026-01-27 17:19:11,753 WARN o.a.j.p.h.s.HTTPSamplerBase: Existing CookieManager HTTP cookie manager superseded by HTTP cookie manager
2026-01-27 17:19:11,754 WARN o.a.j.p.h.s.HTTPSamplerBase: Existing CookieManager HTTP cookie manager superseded by HTTP cookie manager
2026-01-27 17:19:11,808 WARN o.a.j.p.h.s.HTTPSamplerBase: Existing CookieManager HTTP cookie manager superseded by HTTP cookie manager
2026-01-27 17:19:11,808 WARN o.a.j.p.h.s.HTTPSamplerBase: Existing CookieManager HTTP cookie manager superseded by HTTP cookie manager
2026-01-27 17:19:11,872 WARN o.a.j.p.h.s.HTTPSamplerBase: Existing CookieManager HTTP cookie manager superseded by HTTP cookie manager
2026-01-27 17:19:11,872 WARN o.a.j.p.h.s.HTTPSamplerBase: Existing CookieManager HTTP cookie manager superseded by HTTP cookie manager
2026-01-27 17:19:11,872 WARN o.a.j.p.h.s.HTTPSamplerBase: Existing CookieManager HTTP cookie manager superseded by HTTP cookie manager
2026-01-27 17:19:11,890 WARN o.a.j.p.h.s.HTTPSamplerBase: Existing CookieManager HTTP cookie manager superseded by HTTP cookie manager
2026-01-27 17:19:11,894 WARN o.a.j.p.h.s.HTTPSamplerBase: Existing CookieManager HTTP cookie manager superseded by HTTP cookie manager
2026-01-27 17:19:11,927 WARN o.a.j.p.h.s.HTTPSamplerBase: Existing CookieManager HTTP cookie manager superseded by HTTP cookie manager
2026-01-27 17:19:11,927 WARN o.a.j.p.h.s.HTTPSamplerBase: Existing CookieManager HTTP cookie manager superseded by HTTP cookie manager
2026-01-27 17:19:11,957 WARN o.a.j.p.h.s.HTTPSamplerBase: Existing CookieManager HTTP cookie manager superseded by HTTP cookie manager
2026-01-27 17:19:11,994 WARN o.a.j.p.h.s.HTTPSamplerBase: Existing CookieManager HTTP cookie manager superseded by HTTP cookie manager
2026-01-27 17:19:11,995 WARN o.a.j.p.h.s.HTTPSamplerBase: Existing CookieManager HTTP cookie manager superseded by HTTP cookie manager
2026-01-27 17:19:12,002 WARN o.a.j.p.h.s.HTTPSamplerBase: Existing CookieManager HTTP cookie manager superseded by HTTP cookie manager
2026-01-27 17:19:12,012 WARN o.a.j.p.h.s.HTTPSamplerBase: Existing CookieManager HTTP cookie manager superseded by HTTP cookie manager
2026-01-27 17:19:12,060 WARN o.a.j.p.h.s.HTTPSamplerBase: Existing CookieManager HTTP cookie manager superseded by HTTP cookie manager
2026-01-27 17:19:12,074 WARN o.a.j.p.h.s.HTTPSamplerBase: Existing CookieManager HTTP cookie manager superseded by HTTP cookie manager
2026-01-27 17:19:12,131 WARN o.a.j.p.h.s.HTTPSamplerBase: Existing CookieManager HTTP cookie manager superseded by HTTP cookie manager
2026-01-27 17:19:12,135 WARN o.a.j.p.h.s.HTTPSamplerBase: Existing CookieManager HTTP cookie manager superseded by HTTP cookie manager
2026-01-27 17:19:12,136 WARN o.a.j.p.h.s.HTTPSamplerBase: Existing CookieManager HTTP cookie manager superseded by HTTP cookie manager
2026-01-27 17:19:12,198 WARN o.a.j.p.h.s.HTTPSamplerBase: Existing CookieManager HTTP cookie manager superseded by HTTP cookie manager
2026-01-27 17:19:12,217 WARN o.a.j.p.h.s.HTTPSamplerBase: Existing CookieManager HTTP cookie manager superseded by HTTP cookie manager
2026-01-27 17:19:12,279 WARN o.a.j.p.h.s.HTTPSamplerBase: Existing CookieManager HTTP cookie manager superseded by HTTP cookie manager
2026-01-27 17:19:12,328 WARN o.a.j.p.h.s.HTTPSamplerBase: Existing CookieManager HTTP cookie manager superseded by HTTP cookie manager
2026-01-27 17:19:12,372 WARN o.a.j.p.h.s.HTTPSamplerBase: Existing CookieManager HTTP cookie manager superseded by HTTP cookie manager
2026-01-27 17:19:12,387 WARN o.a.j.p.h.s.HTTPSamplerBase: Existing CookieManager HTTP cookie manager superseded by HTTP cookie manager
2026-01-27 17:19:12,441 WARN o.a.j.p.h.s.HTTPSamplerBase: Existing CookieManager HTTP cookie manager superseded by HTTP cookie manager
2026-01-27 17:19:12,484 WARN o.a.j.p.h.s.HTTPSamplerBase: Existing CookieManager HTTP cookie manager superseded by HTTP cookie manager
2026-01-27 17:19:12,497 WARN o.a.j.p.h.s.HTTPSamplerBase: Existing CookieManager HTTP cookie manager superseded by HTTP cookie manager
2026-01-27 17:19:12,516 WARN o.a.j.p.h.s.HTTPSamplerBase: Existing CookieManager HTTP cookie manager superseded by HTTP cookie manager
2026-01-27 17:19:12,527 WARN o.a.j.p.h.s.HTTPSamplerBase: Existing CookieManager HTTP cookie manager superseded by HTTP cookie manager
2026-01-27 17:19:12,561 WARN o.a.j.p.h.s.HTTPSamplerBase: Existing CookieManager HTTP cookie manager superseded by HTTP cookie manager
2026-01-27 17:19:12,584 WARN o.a.j.p.h.s.HTTPSamplerBase: Existing CookieManager HTTP cookie manager superseded by HTTP cookie manager
2026-01-27 17:19:12,601 WARN o.a.j.p.h.s.HTTPSamplerBase: Existing CookieManager HTTP cookie manager superseded by HTTP cookie manager
2026-01-27 17:19:12,630 WARN o.a.j.p.h.s.HTTPSamplerBase: Existing CookieManager HTTP cookie manager superseded by HTTP cookie manager
2026-01-27 17:19:12,642 WARN o.a.j.p.h.s.HTTPSamplerBase: Existing CookieManager HTTP cookie manager superseded by HTTP cookie manager
2026-01-27 17:19:12,778 WARN o.a.j.p.h.s.HTTPSamplerBase: Existing CookieManager HTTP cookie manager superseded by HTTP cookie manager
2026-01-27 17:19:12,817 WARN o.a.j.p.h.s.HTTPSamplerBase: Existing CookieManager HTTP cookie manager superseded by HTTP cookie manager
2026-01-27 17:19:12,843 WARN o.a.j.p.h.s.HTTPSamplerBase: Existing CookieManager HTTP cookie manager superseded by HTTP cookie manager
2026-01-27 17:19:12,853 WARN o.a.j.p.h.s.HTTPSamplerBase: Existing CookieManager HTTP cookie manager superseded by HTTP cookie manager
2026-01-27 17:19:12,858 WARN o.a.j.p.h.s.HTTPSamplerBase: Existing CookieManager HTTP cookie manager superseded by HTTP cookie manager
2026-01-27 17:19:12,884 WARN o.a.j.p.h.s.HTTPSamplerBase: Existing CookieManager HTTP cookie manager superseded by HTTP cookie manager
2026-01-27 17:19:12,915 WARN o.a.j.p.h.s.HTTPSamplerBase: Existing CookieManager HTTP cookie manager superseded by HTTP cookie manager
2026-01-27 17:19:12,954 WARN o.a.j.p.h.s.HTTPSamplerBase: Existing CookieManager HTTP cookie manager superseded by HTTP cookie manager
2026-01-27 17:19:12,959 WARN o.a.j.p.h.s.HTTPSamplerBase: Existing CookieManager HTTP cookie manager superseded by HTTP cookie manager
2026-01-27 17:19:12,978 WARN o.a.j.p.h.s.HTTPSamplerBase: Existing CookieManager HTTP cookie manager superseded by HTTP cookie manager
2026-01-27 17:19:13,052 WARN o.a.j.p.h.s.HTTPSamplerBase: Existing CookieManager HTTP cookie manager superseded by HTTP cookie manager
2026-01-27 17:19:13,063 WARN o.a.j.p.h.s.HTTPSamplerBase: Existing CookieManager HTTP cookie manager superseded by HTTP cookie manager
2026-01-27 17:19:13,068 WARN o.a.j.p.h.s.HTTPSamplerBase: Existing CookieManager HTTP cookie manager superseded by HTTP cookie manager
2026-01-27 17:19:13,080 WARN o.a.j.p.h.s.HTTPSamplerBase: Existing CookieManager HTTP cookie manager superseded by HTTP cookie manager
2026-01-27 17:19:13,095 WARN o.a.j.p.h.s.HTTPSamplerBase: Existing CookieManager HTTP cookie manager superseded by HTTP cookie manager
2026-01-27 17:19:13,099 WARN o.a.j.p.h.s.HTTPSamplerBase: Existing CookieManager HTTP cookie manager superseded by HTTP cookie manager
2026-01-27 17:19:13,136 WARN o.a.j.p.h.s.HTTPSamplerBase: Existing CookieManager HTTP cookie manager superseded by HTTP cookie manager
2026-01-27 17:19:13,146 WARN o.a.j.p.h.s.HTTPSamplerBase: Existing CookieManager HTTP cookie manager superseded by HTTP cookie manager
2026-01-27 17:19:13,174 WARN o.a.j.p.h.s.HTTPSamplerBase: Existing CookieManager HTTP cookie manager superseded by HTTP cookie manager
2026-01-27 17:19:13,203 WARN o.a.j.p.h.s.HTTPSamplerBase: Existing CookieManager HTTP cookie manager superseded by HTTP cookie manager
2026-01-27 17:19:13,209 WARN o.a.j.p.h.s.HTTPSamplerBase: Existing CookieManager HTTP cookie manager superseded by HTTP cookie manager
2026-01-27 17:19:13,237 WARN o.a.j.p.h.s.HTTPSamplerBase: Existing CookieManager HTTP cookie manager superseded by HTTP cookie manager
2026-01-27 17:19:13,247 WARN o.a.j.p.h.s.HTTPSamplerBase: Existing CookieManager HTTP cookie manager superseded by HTTP cookie manager
2026-01-27 17:19:13,250 WARN o.a.j.p.h.s.HTTPSamplerBase: Existing CookieManager HTTP cookie manager superseded by HTTP cookie manager
2026-01-27 17:19:13,339 WARN o.a.j.p.h.s.HTTPSamplerBase: Existing CookieManager HTTP cookie manager superseded by HTTP cookie manager
2026-01-27 17:19:13,343 WARN o.a.j.p.h.s.HTTPSamplerBase: Existing CookieManager HTTP cookie manager superseded by HTTP cookie manager
2026-01-27 17:19:13,351 WARN o.a.j.p.h.s.HTTPSamplerBase: Existing CookieManager HTTP cookie manager superseded by HTTP cookie manager
2026-01-27 17:19:13,387 WARN o.a.j.p.h.s.HTTPSamplerBase: Existing CookieManager HTTP cookie manager superseded by HTTP cookie manager
2026-01-27 17:19:13,398 WARN o.a.j.p.h.s.HTTPSamplerBase: Existing CookieManager HTTP cookie manager superseded by HTTP cookie manager
2026-01-27 17:19:13,411 WARN o.a.j.p.h.s.HTTPSamplerBase: Existing CookieManager HTTP cookie manager superseded by HTTP cookie manager
2026-01-27 17:19:13,415 WARN o.a.j.p.h.s.HTTPSamplerBase: Existing CookieManager HTTP cookie manager superseded by HTTP cookie manager
2026-01-27 17:19:13,421 WARN o.a.j.p.h.s.HTTPSamplerBase: Existing CookieManager HTTP cookie manager superseded by HTTP cookie manager
2026-01-27 17:19:13,437 WARN o.a.j.p.h.s.HTTPSamplerBase: Existing CookieManager HTTP cookie manager superseded by HTTP cookie manager
2026-01-27 17:19:13,446 WARN o.a.j.p.h.s.HTTPSamplerBase: Existing CookieManager HTTP cookie manager superseded by HTTP cookie manager
2026-01-27 17:19:13,455 WARN o.a.j.p.h.s.HTTPSamplerBase: Existing CookieManager HTTP cookie manager superseded by HTTP cookie manager
2026-01-27 17:19:13,470 WARN o.a.j.p.h.s.HTTPSamplerBase: Existing CookieManager HTTP cookie manager superseded by HTTP cookie manager
2026-01-27 17:19:13,485 WARN o.a.j.p.h.s.HTTPSamplerBase: Existing CookieManager HTTP cookie manager superseded by HTTP cookie manager
2026-01-27 17:19:13,490 WARN o.a.j.p.h.s.HTTPSamplerBase: Existing CookieManager HTTP cookie manager superseded by HTTP cookie manager
2026-01-27 17:19:13,492 WARN o.a.j.p.h.s.HTTPSamplerBase: Existing CookieManager HTTP cookie manager superseded by HTTP cookie manager
2026-01-27 17:19:13,525 WARN o.a.j.p.h.s.HTTPSamplerBase: Existing CookieManager HTTP cookie manager superseded by HTTP cookie manager
2026-01-27 17:19:13,543 WARN o.a.j.p.h.s.HTTPSamplerBase: Existing CookieManager HTTP cookie manager superseded by HTTP cookie manager
2026-01-27 17:19:13,551 WARN o.a.j.p.h.s.HTTPSamplerBase: Existing CookieManager HTTP cookie manager superseded by HTTP cookie manager
2026-01-27 17:19:13,556 WARN o.a.j.p.h.s.HTTPSamplerBase: Existing CookieManager HTTP cookie manager superseded by HTTP cookie manager
2026-01-27 17:19:13,630 WARN o.a.j.p.h.s.HTTPSamplerBase: Existing CookieManager HTTP cookie manager superseded by HTTP cookie manager
2026-01-27 17:19:13,641 WARN o.a.j.p.h.s.HTTPSamplerBase: Existing CookieManager HTTP cookie manager superseded by HTTP cookie manager
2026-01-27 17:19:13,648 WARN o.a.j.p.h.s.HTTPSamplerBase: Existing CookieManager HTTP cookie manager superseded by HTTP cookie manager
2026-01-27 17:19:13,672 WARN o.a.j.p.h.s.HTTPSamplerBase: Existing CookieManager HTTP cookie manager superseded by HTTP cookie manager
2026-01-27 17:19:13,672 WARN o.a.j.p.h.s.HTTPSamplerBase: Existing CookieManager HTTP cookie manager superseded by HTTP cookie manager
2026-01-27 17:19:13,683 WARN o.a.j.p.h.s.HTTPSamplerBase: Existing CookieManager HTTP cookie manager superseded by HTTP cookie manager
2026-01-27 17:19:13,688 WARN o.a.j.p.h.s.HTTPSamplerBase: Existing CookieManager HTTP cookie manager superseded by HTTP cookie manager
2026-01-27 17:19:13,691 WARN o.a.j.p.h.s.HTTPSamplerBase: Existing CookieManager HTTP cookie manager superseded by HTTP cookie manager
2026-01-27 17:19:13,758 WARN o.a.j.p.h.s.HTTPSamplerBase: Existing CookieManager HTTP cookie manager superseded by HTTP cookie manager
2026-01-27 17:19:13,792 WARN o.a.j.p.h.s.HTTPSamplerBase: Existing CookieManager HTTP cookie manager superseded by HTTP cookie manager
2026-01-27 17:19:13,831 WARN o.a.j.p.h.s.HTTPSamplerBase: Existing CookieManager HTTP cookie manager superseded by HTTP cookie manager
2026-01-27 17:19:13,841 WARN o.a.j.p.h.s.HTTPSamplerBase: Existing CookieManager HTTP cookie manager superseded by HTTP cookie manager
2026-01-27 17:19:13,847 WARN o.a.j.p.h.s.HTTPSamplerBase: Existing CookieManager HTTP cookie manager superseded by HTTP cookie manager
2026-01-27 17:19:13,868 WARN o.a.j.p.h.s.HTTPSamplerBase: Existing CookieManager HTTP cookie manager superseded by HTTP cookie manager
2026-01-27 17:19:13,881 WARN o.a.j.p.h.s.HTTPSamplerBase: Existing CookieManager HTTP cookie manager superseded by HTTP cookie manager
2026-01-27 17:19:13,881 WARN o.a.j.p.h.s.HTTPSamplerBase: Existing CookieManager HTTP cookie manager superseded by HTTP cookie manager
2026-01-27 17:19:13,882 WARN o.a.j.p.h.s.HTTPSamplerBase: Existing CookieManager HTTP cookie manager superseded by HTTP cookie manager
2026-01-27 17:19:13,899 WARN o.a.j.p.h.s.HTTPSamplerBase: Existing CookieManager HTTP cookie manager superseded by HTTP cookie manager
2026-01-27 17:19:13,920 WARN o.a.j.p.h.s.HTTPSamplerBase: Existing CookieManager HTTP cookie manager superseded by HTTP cookie manager
2026-01-27 17:19:13,919 WARN o.a.j.p.h.s.HTTPSamplerBase: Existing CookieManager HTTP cookie manager superseded by HTTP cookie manager
2026-01-27 17:19:13,971 WARN o.a.j.p.h.s.HTTPSamplerBase: Existing CookieManager HTTP cookie manager superseded by HTTP cookie manager
2026-01-27 17:19:13,989 WARN o.a.j.p.h.s.HTTPSamplerBase: Existing CookieManager HTTP cookie manager superseded by HTTP cookie manager
2026-01-27 17:19:14,024 WARN o.a.j.p.h.s.HTTPSamplerBase: Existing CookieManager HTTP cookie manager superseded by HTTP cookie manager
2026-01-27 17:19:14,024 WARN o.a.j.p.h.s.HTTPSamplerBase: Existing CookieManager HTTP cookie manager superseded by HTTP cookie manager
2026-01-27 17:19:14,024 WARN o.a.j.p.h.s.HTTPSamplerBase: Existing CookieManager HTTP cookie manager superseded by HTTP cookie manager
2026-01-27 17:19:14,024 WARN o.a.j.p.h.s.HTTPSamplerBase: Existing CookieManager HTTP cookie manager superseded by HTTP cookie manager
2026-01-27 17:19:14,047 WARN o.a.j.p.h.s.HTTPSamplerBase: Existing CookieManager HTTP cookie manager superseded by HTTP cookie manager
2026-01-27 17:19:14,049 WARN o.a.j.p.h.s.HTTPSamplerBase: Existing CookieManager HTTP cookie manager superseded by HTTP cookie manager
2026-01-27 17:19:14,055 WARN o.a.j.p.h.s.HTTPSamplerBase: Existing CookieManager HTTP cookie manager superseded by HTTP cookie manager
2026-01-27 17:19:14,059 WARN o.a.j.p.h.s.HTTPSamplerBase: Existing CookieManager HTTP cookie manager superseded by HTTP cookie manager
2026-01-27 17:19:14,079 WARN o.a.j.p.h.s.HTTPSamplerBase: Existing CookieManager HTTP cookie manager superseded by HTTP cookie manager
2026-01-27 17:19:14,084 WARN o.a.j.p.h.s.HTTPSamplerBase: Existing CookieManager HTTP cookie manager superseded by HTTP cookie manager
2026-01-27 17:19:14,120 WARN o.a.j.p.h.s.HTTPSamplerBase: Existing CookieManager HTTP cookie manager superseded by HTTP cookie manager
2026-01-27 17:19:14,207 WARN o.a.j.p.h.s.HTTPSamplerBase: Existing CookieManager HTTP cookie manager superseded by HTTP cookie manager
2026-01-27 17:19:14,213 WARN o.a.j.p.h.s.HTTPSamplerBase: Existing CookieManager HTTP cookie manager superseded by HTTP cookie manager
2026-01-27 17:19:14,219 WARN o.a.j.p.h.s.HTTPSamplerBase: Existing CookieManager HTTP cookie manager superseded by HTTP cookie manager
2026-01-27 17:19:14,255 WARN o.a.j.p.h.s.HTTPSamplerBase: Existing CookieManager HTTP cookie manager superseded by HTTP cookie manager
2026-01-27 17:19:14,292 WARN o.a.j.p.h.s.HTTPSamplerBase: Existing CookieManager HTTP cookie manager superseded by HTTP cookie manager
2026-01-27 17:19:14,301 WARN o.a.j.p.h.s.HTTPSamplerBase: Existing CookieManager HTTP cookie manager superseded by HTTP cookie manager
2026-01-27 17:19:14,313 WARN o.a.j.p.h.s.HTTPSamplerBase: Existing CookieManager HTTP cookie manager superseded by HTTP cookie manager
2026-01-27 17:19:14,329 WARN o.a.j.p.h.s.HTTPSamplerBase: Existing CookieManager HTTP cookie manager superseded by HTTP cookie manager
2026-01-27 17:19:14,373 WARN o.a.j.p.h.s.HTTPSamplerBase: Existing CookieManager HTTP cookie manager superseded by HTTP cookie manager
2026-01-27 17:19:14,408 WARN o.a.j.p.h.s.HTTPSamplerBase: Existing CookieManager HTTP cookie manager superseded by HTTP cookie manager
2026-01-27 17:19:14,409 WARN o.a.j.p.h.s.HTTPSamplerBase: Existing CookieManager HTTP cookie manager superseded by HTTP cookie manager
2026-01-27 17:19:14,451 WARN o.a.j.p.h.s.HTTPSamplerBase: Existing CookieManager HTTP cookie manager superseded by HTTP cookie manager
2026-01-27 17:19:14,533 WARN o.a.j.p.h.s.HTTPSamplerBase: Existing CookieManager HTTP cookie manager superseded by HTTP cookie manager
2026-01-27 17:19:14,548 WARN o.a.j.p.h.s.HTTPSamplerBase: Existing CookieManager HTTP cookie manager superseded by HTTP cookie manager
2026-01-27 17:19:14,583 WARN o.a.j.p.h.s.HTTPSamplerBase: Existing CookieManager HTTP cookie manager superseded by HTTP cookie manager
2026-01-27 17:19:14,587 WARN o.a.j.p.h.s.HTTPSamplerBase: Existing CookieManager HTTP cookie manager superseded by HTTP cookie manager
2026-01-27 17:19:14,616 WARN o.a.j.p.h.s.HTTPSamplerBase: Existing CookieManager HTTP cookie manager superseded by HTTP cookie manager
2026-01-27 17:19:14,631 WARN o.a.j.p.h.s.HTTPSamplerBase: Existing CookieManager HTTP cookie manager superseded by HTTP cookie manager
2026-01-27 17:19:14,659 WARN o.a.j.p.h.s.HTTPSamplerBase: Existing CookieManager HTTP cookie manager superseded by HTTP cookie manager
2026-01-27 17:19:14,706 WARN o.a.j.p.h.s.HTTPSamplerBase: Existing CookieManager HTTP cookie manager superseded by HTTP cookie manager
2026-01-27 17:19:14,706 WARN o.a.j.p.h.s.HTTPSamplerBase: Existing CookieManager HTTP cookie manager superseded by HTTP cookie manager
2026-01-27 17:19:14,724 WARN o.a.j.p.h.s.HTTPSamplerBase: Existing CookieManager HTTP cookie manager superseded by HTTP cookie manager
2026-01-27 17:19:14,752 WARN o.a.j.p.h.s.HTTPSamplerBase: Existing CookieManager HTTP cookie manager superseded by HTTP cookie manager
2026-01-27 17:19:14,785 WARN o.a.j.p.h.s.HTTPSamplerBase: Existing CookieManager HTTP cookie manager superseded by HTTP cookie manager
2026-01-27 17:19:14,792 WARN o.a.j.p.h.s.HTTPSamplerBase: Existing CookieManager HTTP cookie manager superseded by HTTP cookie manager
2026-01-27 17:19:14,796 WARN o.a.j.p.h.s.HTTPSamplerBase: Existing CookieManager HTTP cookie manager superseded by HTTP cookie manager
2026-01-27 17:19:14,803 WARN o.a.j.p.h.s.HTTPSamplerBase: Existing CookieManager HTTP cookie manager superseded by HTTP cookie manager
2026-01-27 17:19:14,804 WARN o.a.j.p.h.s.HTTPSamplerBase: Existing CookieManager HTTP cookie manager superseded by HTTP cookie manager
2026-01-27 17:19:14,883 WARN o.a.j.p.h.s.HTTPSamplerBase: Existing CookieManager HTTP cookie manager superseded by HTTP cookie manager
2026-01-27 17:19:14,884 WARN o.a.j.p.h.s.HTTPSamplerBase: Existing CookieManager HTTP cookie manager superseded by HTTP cookie manager
2026-01-27 17:19:14,904 WARN o.a.j.p.h.s.HTTPSamplerBase: Existing CookieManager HTTP cookie manager superseded by HTTP cookie manager
2026-01-27 17:19:14,951 WARN o.a.j.p.h.s.HTTPSamplerBase: Existing CookieManager HTTP cookie manager superseded by HTTP cookie manager
2026-01-27 17:19:14,953 WARN o.a.j.p.h.s.HTTPSamplerBase: Existing CookieManager HTTP cookie manager superseded by HTTP cookie manager
2026-01-27 17:19:15,000 WARN o.a.j.p.h.s.HTTPSamplerBase: Existing CookieManager HTTP cookie manager superseded by HTTP cookie manager
2026-01-27 17:19:15,017 WARN o.a.j.p.h.s.HTTPSamplerBase: Existing CookieManager HTTP cookie manager superseded by HTTP cookie manager
2026-01-27 17:19:15,094 WARN o.a.j.p.h.s.HTTPSamplerBase: Existing CookieManager HTTP cookie manager superseded by HTTP cookie manager
2026-01-27 17:19:15,109 WARN o.a.j.p.h.s.HTTPSamplerBase: Existing CookieManager HTTP cookie manager superseded by HTTP cookie manager
2026-01-27 17:19:15,113 WARN o.a.j.p.h.s.HTTPSamplerBase: Existing CookieManager HTTP cookie manager superseded by HTTP cookie manager
2026-01-27 17:19:15,129 WARN o.a.j.p.h.s.HTTPSamplerBase: Existing CookieManager HTTP cookie manager superseded by HTTP cookie manager
2026-01-27 17:19:15,140 WARN o.a.j.p.h.s.HTTPSamplerBase: Existing CookieManager HTTP cookie manager superseded by HTTP cookie manager
2026-01-27 17:19:15,186 WARN o.a.j.p.h.s.HTTPSamplerBase: Existing CookieManager HTTP cookie manager superseded by HTTP cookie manager
2026-01-27 17:19:15,191 WARN o.a.j.p.h.s.HTTPSamplerBase: Existing CookieManager HTTP cookie manager superseded by HTTP cookie manager
2026-01-27 17:19:15,205 WARN o.a.j.p.h.s.HTTPSamplerBase: Existing CookieManager HTTP cookie manager superseded by HTTP cookie manager
2026-01-27 17:19:15,247 WARN o.a.j.p.h.s.HTTPSamplerBase: Existing CookieManager HTTP cookie manager superseded by HTTP cookie manager
2026-01-27 17:19:15,252 WARN o.a.j.p.h.s.HTTPSamplerBase: Existing CookieManager HTTP cookie manager superseded by HTTP cookie manager
2026-01-27 17:19:15,316 WARN o.a.j.p.h.s.HTTPSamplerBase: Existing CookieManager HTTP cookie manager superseded by HTTP cookie manager
2026-01-27 17:19:15,319 WARN o.a.j.p.h.s.HTTPSamplerBase: Existing CookieManager HTTP cookie manager superseded by HTTP cookie manager
2026-01-27 17:19:15,321 WARN o.a.j.p.h.s.HTTPSamplerBase: Existing CookieManager HTTP cookie manager superseded by HTTP cookie manager
2026-01-27 17:19:15,340 WARN o.a.j.p.h.s.HTTPSamplerBase: Existing CookieManager HTTP cookie manager superseded by HTTP cookie manager
2026-01-27 17:19:15,362 WARN o.a.j.p.h.s.HTTPSamplerBase: Existing CookieManager HTTP cookie manager superseded by HTTP cookie manager
2026-01-27 17:19:15,367 WARN o.a.j.p.h.s.HTTPSamplerBase: Existing CookieManager HTTP cookie manager superseded by HTTP cookie manager
2026-01-27 17:19:15,398 WARN o.a.j.p.h.s.HTTPSamplerBase: Existing CookieManager HTTP cookie manager superseded by HTTP cookie manager
2026-01-27 17:19:15,404 WARN o.a.j.p.h.s.HTTPSamplerBase: Existing CookieManager HTTP cookie manager superseded by HTTP cookie manager
2026-01-27 17:19:15,410 WARN o.a.j.p.h.s.HTTPSamplerBase: Existing CookieManager HTTP cookie manager superseded by HTTP cookie manager
2026-01-27 17:19:15,414 WARN o.a.j.p.h.s.HTTPSamplerBase: Existing CookieManager HTTP cookie manager superseded by HTTP cookie manager
2026-01-27 17:19:15,489 WARN o.a.j.p.h.s.HTTPSamplerBase: Existing CookieManager HTTP cookie manager superseded by HTTP cookie manager
2026-01-27 17:19:15,518 WARN o.a.j.p.h.s.HTTPSamplerBase: Existing CookieManager HTTP cookie manager superseded by HTTP cookie manager
2026-01-27 17:19:15,548 WARN o.a.j.p.h.s.HTTPSamplerBase: Existing CookieManager HTTP cookie manager superseded by HTTP cookie manager
2026-01-27 17:19:15,555 WARN o.a.j.p.h.s.HTTPSamplerBase: Existing CookieManager HTTP cookie manager superseded by HTTP cookie manager
2026-01-27 17:19:15,562 WARN o.a.j.p.h.s.HTTPSamplerBase: Existing CookieManager HTTP cookie manager superseded by HTTP cookie manager
2026-01-27 17:19:15,562 WARN o.a.j.p.h.s.HTTPSamplerBase: Existing CookieManager HTTP cookie manager superseded by HTTP cookie manager
2026-01-27 17:19:15,589 WARN o.a.j.p.h.s.HTTPSamplerBase: Existing CookieManager HTTP cookie manager superseded by HTTP cookie manager
2026-01-27 17:19:15,591 WARN o.a.j.p.h.s.HTTPSamplerBase: Existing CookieManager HTTP cookie manager superseded by HTTP cookie manager
2026-01-27 17:19:15,610 WARN o.a.j.p.h.s.HTTPSamplerBase: Existing CookieManager HTTP cookie manager superseded by HTTP cookie manager
2026-01-27 17:19:15,624 WARN o.a.j.p.h.s.HTTPSamplerBase: Existing CookieManager HTTP cookie manager superseded by HTTP cookie manager
2026-01-27 17:19:15,640 WARN o.a.j.p.h.s.HTTPSamplerBase: Existing CookieManager HTTP cookie manager superseded by HTTP cookie manager
2026-01-27 17:19:15,644 WARN o.a.j.p.h.s.HTTPSamplerBase: Existing CookieManager HTTP cookie manager superseded by HTTP cookie manager
2026-01-27 17:19:15,664 WARN o.a.j.p.h.s.HTTPSamplerBase: Existing CookieManager HTTP cookie manager superseded by HTTP cookie manager
2026-01-27 17:19:15,701 WARN o.a.j.p.h.s.HTTPSamplerBase: Existing CookieManager HTTP cookie manager superseded by HTTP cookie manager
2026-01-27 17:19:15,707 WARN o.a.j.p.h.s.HTTPSamplerBase: Existing CookieManager HTTP cookie manager superseded by HTTP cookie manager
2026-01-27 17:19:15,732 WARN o.a.j.p.h.s.HTTPSamplerBase: Existing CookieManager HTTP cookie manager superseded by HTTP cookie manager
2026-01-27 17:19:15,736 WARN o.a.j.p.h.s.HTTPSamplerBase: Existing CookieManager HTTP cookie manager superseded by HTTP cookie manager
2026-01-27 17:19:15,756 WARN o.a.j.p.h.s.HTTPSamplerBase: Existing CookieManager HTTP cookie manager superseded by HTTP cookie manager
2026-01-27 17:19:15,766 WARN o.a.j.p.h.s.HTTPSamplerBase: Existing CookieManager HTTP cookie manager superseded by HTTP cookie manager
2026-01-27 17:19:15,815 WARN o.a.j.p.h.s.HTTPSamplerBase: Existing CookieManager HTTP cookie manager superseded by HTTP cookie manager
2026-01-27 17:19:15,873 WARN o.a.j.p.h.s.HTTPSamplerBase: Existing CookieManager HTTP cookie manager superseded by HTTP cookie manager
2026-01-27 17:19:15,873 WARN o.a.j.p.h.s.HTTPSamplerBase: Existing CookieManager HTTP cookie manager superseded by HTTP cookie manager
2026-01-27 17:19:15,880 WARN o.a.j.p.h.s.HTTPSamplerBase: Existing CookieManager HTTP cookie manager superseded by HTTP cookie manager
2026-01-27 17:19:15,887 WARN o.a.j.p.h.s.HTTPSamplerBase: Existing CookieManager HTTP cookie manager superseded by HTTP cookie manager
2026-01-27 17:19:15,905 WARN o.a.j.p.h.s.HTTPSamplerBase: Existing CookieManager HTTP cookie manager superseded by HTTP cookie manager
2026-01-27 17:19:15,906 WARN o.a.j.p.h.s.HTTPSamplerBase: Existing CookieManager HTTP cookie manager superseded by HTTP cookie manager
2026-01-27 17:19:15,930 WARN o.a.j.p.h.s.HTTPSamplerBase: Existing CookieManager HTTP cookie manager superseded by HTTP cookie manager
2026-01-27 17:19:15,942 WARN o.a.j.p.h.s.HTTPSamplerBase: Existing CookieManager HTTP cookie manager superseded by HTTP cookie manager
2026-01-27 17:19:15,966 WARN o.a.j.p.h.s.HTTPSamplerBase: Existing CookieManager HTTP cookie manager superseded by HTTP cookie manager
2026-01-27 17:19:15,980 WARN o.a.j.p.h.s.HTTPSamplerBase: Existing CookieManager HTTP cookie manager superseded by HTTP cookie manager
2026-01-27 17:19:15,988 WARN o.a.j.p.h.s.HTTPSamplerBase: Existing CookieManager HTTP cookie manager superseded by HTTP cookie manager
2026-01-27 17:19:15,990 WARN o.a.j.p.h.s.HTTPSamplerBase: Existing CookieManager HTTP cookie manager superseded by HTTP cookie manager
2026-01-27 17:19:16,000 WARN o.a.j.p.h.s.HTTPSamplerBase: Existing CookieManager HTTP cookie manager superseded by HTTP cookie manager
2026-01-27 17:19:16,001 WARN o.a.j.p.h.s.HTTPSamplerBase: Existing CookieManager HTTP cookie manager superseded by HTTP cookie manager
2026-01-27 17:19:16,045 WARN o.a.j.p.h.s.HTTPSamplerBase: Existing CookieManager HTTP cookie manager superseded by HTTP cookie manager
2026-01-27 17:19:16,070 WARN o.a.j.p.h.s.HTTPSamplerBase: Existing CookieManager HTTP cookie manager superseded by HTTP cookie manager
2026-01-27 17:19:16,118 WARN o.a.j.p.h.s.HTTPSamplerBase: Existing CookieManager HTTP cookie manager superseded by HTTP cookie manager
2026-01-27 17:19:16,140 WARN o.a.j.p.h.s.HTTPSamplerBase: Existing CookieManager HTTP cookie manager superseded by HTTP cookie manager
2026-01-27 17:19:16,159 WARN o.a.j.p.h.s.HTTPSamplerBase: Existing CookieManager HTTP cookie manager superseded by HTTP cookie manager
2026-01-27 17:19:16,182 WARN o.a.j.p.h.s.HTTPSamplerBase: Existing CookieManager HTTP cookie manager superseded by HTTP cookie manager
2026-01-27 17:19:16,203 WARN o.a.j.p.h.s.HTTPSamplerBase: Existing CookieManager HTTP cookie manager superseded by HTTP cookie manager
2026-01-27 17:19:16,206 WARN o.a.j.p.h.s.HTTPSamplerBase: Existing CookieManager HTTP cookie manager superseded by HTTP cookie manager
2026-01-27 17:19:16,230 WARN o.a.j.p.h.s.HTTPSamplerBase: Existing CookieManager HTTP cookie manager superseded by HTTP cookie manager
2026-01-27 17:19:16,254 WARN o.a.j.p.h.s.HTTPSamplerBase: Existing CookieManager HTTP cookie manager superseded by HTTP cookie manager
2026-01-27 17:19:16,262 WARN o.a.j.p.h.s.HTTPSamplerBase: Existing CookieManager HTTP cookie manager superseded by HTTP cookie manager
2026-01-27 17:19:16,271 WARN o.a.j.p.h.s.HTTPSamplerBase: Existing CookieManager HTTP cookie manager superseded by HTTP cookie manager
2026-01-27 17:19:16,272 WARN o.a.j.p.h.s.HTTPSamplerBase: Existing CookieManager HTTP cookie manager superseded by HTTP cookie manager
2026-01-27 17:19:16,291 WARN o.a.j.p.h.s.HTTPSamplerBase: Existing CookieManager HTTP cookie manager superseded by HTTP cookie manager
2026-01-27 17:19:16,308 WARN o.a.j.p.h.s.HTTPSamplerBase: Existing CookieManager HTTP cookie manager superseded by HTTP cookie manager
2026-01-27 17:19:16,329 WARN o.a.j.p.h.s.HTTPSamplerBase: Existing CookieManager HTTP cookie manager superseded by HTTP cookie manager
2026-01-27 17:19:16,367 WARN o.a.j.p.h.s.HTTPSamplerBase: Existing CookieManager HTTP cookie manager superseded by HTTP cookie manager
2026-01-27 17:19:16,367 WARN o.a.j.p.h.s.HTTPSamplerBase: Existing CookieManager HTTP cookie manager superseded by HTTP cookie manager
2026-01-27 17:19:16,369 WARN o.a.j.p.h.s.HTTPSamplerBase: Existing CookieManager HTTP cookie manager superseded by HTTP cookie manager
2026-01-27 17:19:16,378 WARN o.a.j.p.h.s.HTTPSamplerBase: Existing CookieManager HTTP cookie manager superseded by HTTP cookie manager
2026-01-27 17:19:16,393 WARN o.a.j.p.h.s.HTTPSamplerBase: Existing CookieManager HTTP cookie manager superseded by HTTP cookie manager
2026-01-27 17:19:16,393 WARN o.a.j.p.h.s.HTTPSamplerBase: Existing CookieManager HTTP cookie manager superseded by HTTP cookie manager
2026-01-27 17:19:16,396 WARN o.a.j.p.h.s.HTTPSamplerBase: Existing CookieManager HTTP cookie manager superseded by HTTP cookie manager
2026-01-27 17:19:16,400 WARN o.a.j.p.h.s.HTTPSamplerBase: Existing CookieManager HTTP cookie manager superseded by HTTP cookie manager
2026-01-27 17:19:16,419 WARN o.a.j.p.h.s.HTTPSamplerBase: Existing CookieManager HTTP cookie manager superseded by HTTP cookie manager
2026-01-27 17:19:16,454 WARN o.a.j.p.h.s.HTTPSamplerBase: Existing CookieManager HTTP cookie manager superseded by HTTP cookie manager
2026-01-27 17:19:16,491 WARN o.a.j.p.h.s.HTTPSamplerBase: Existing CookieManager HTTP cookie manager superseded by HTTP cookie manager
2026-01-27 17:19:16,500 WARN o.a.j.p.h.s.HTTPSamplerBase: Existing CookieManager HTTP cookie manager superseded by HTTP cookie manager
2026-01-27 17:19:16,527 WARN o.a.j.p.h.s.HTTPSamplerBase: Existing CookieManager HTTP cookie manager superseded by HTTP cookie manager
2026-01-27 17:19:16,530 WARN o.a.j.p.h.s.HTTPSamplerBase: Existing CookieManager HTTP cookie manager superseded by HTTP cookie manager
2026-01-27 17:19:16,542 WARN o.a.j.p.h.s.HTTPSamplerBase: Existing CookieManager HTTP cookie manager superseded by HTTP cookie manager
2026-01-27 17:19:16,555 WARN o.a.j.p.h.s.HTTPSamplerBase: Existing CookieManager HTTP cookie manager superseded by HTTP cookie manager
2026-01-27 17:19:16,562 WARN o.a.j.p.h.s.HTTPSamplerBase: Existing CookieManager HTTP cookie manager superseded by HTTP cookie manager
2026-01-27 17:19:16,571 WARN o.a.j.p.h.s.HTTPSamplerBase: Existing CookieManager HTTP cookie manager superseded by HTTP cookie manager
2026-01-27 17:19:16,579 WARN o.a.j.p.h.s.HTTPSamplerBase: Existing CookieManager HTTP cookie manager superseded by HTTP cookie manager
2026-01-27 17:19:16,630 WARN o.a.j.p.h.s.HTTPSamplerBase: Existing CookieManager HTTP cookie manager superseded by HTTP cookie manager
2026-01-27 17:19:16,647 WARN o.a.j.p.h.s.HTTPSamplerBase: Existing CookieManager HTTP cookie manager superseded by HTTP cookie manager
2026-01-27 17:19:16,659 WARN o.a.j.p.h.s.HTTPSamplerBase: Existing CookieManager HTTP cookie manager superseded by HTTP cookie manager
2026-01-27 17:19:16,681 WARN o.a.j.p.h.s.HTTPSamplerBase: Existing CookieManager HTTP cookie manager superseded by HTTP cookie manager
2026-01-27 17:19:16,691 WARN o.a.j.p.h.s.HTTPSamplerBase: Existing CookieManager HTTP cookie manager superseded by HTTP cookie manager
2026-01-27 17:19:16,699 WARN o.a.j.p.h.s.HTTPSamplerBase: Existing CookieManager HTTP cookie manager superseded by HTTP cookie manager
2026-01-27 17:19:16,742 WARN o.a.j.p.h.s.HTTPSamplerBase: Existing CookieManager HTTP cookie manager superseded by HTTP cookie manager
2026-01-27 17:19:16,743 WARN o.a.j.p.h.s.HTTPSamplerBase: Existing CookieManager HTTP cookie manager superseded by HTTP cookie manager
2026-01-27 17:19:16,764 WARN o.a.j.p.h.s.HTTPSamplerBase: Existing CookieManager HTTP cookie manager superseded by HTTP cookie manager
2026-01-27 17:19:16,779 WARN o.a.j.p.h.s.HTTPSamplerBase: Existing CookieManager HTTP cookie manager superseded by HTTP cookie manager
2026-01-27 17:19:16,836 WARN o.a.j.p.h.s.HTTPSamplerBase: Existing CookieManager HTTP cookie manager superseded by HTTP cookie manager
2026-01-27 17:19:16,842 WARN o.a.j.p.h.s.HTTPSamplerBase: Existing CookieManager HTTP cookie manager superseded by HTTP cookie manager
2026-01-27 17:19:16,863 WARN o.a.j.p.h.s.HTTPSamplerBase: Existing CookieManager HTTP cookie manager superseded by HTTP cookie manager
2026-01-27 17:19:16,936 WARN o.a.j.p.h.s.HTTPSamplerBase: Existing CookieManager HTTP cookie manager superseded by HTTP cookie manager
2026-01-27 17:19:16,946 WARN o.a.j.p.h.s.HTTPSamplerBase: Existing CookieManager HTTP cookie manager superseded by HTTP cookie manager
2026-01-27 17:19:16,951 WARN o.a.j.p.h.s.HTTPSamplerBase: Existing CookieManager HTTP cookie manager superseded by HTTP cookie manager
2026-01-27 17:19:16,992 WARN o.a.j.p.h.s.HTTPSamplerBase: Existing CookieManager HTTP cookie manager superseded by HTTP cookie manager
2026-01-27 17:19:17,010 WARN o.a.j.p.h.s.HTTPSamplerBase: Existing CookieManager HTTP cookie manager superseded by HTTP cookie manager
2026-01-27 17:19:17,039 WARN o.a.j.p.h.s.HTTPSamplerBase: Existing CookieManager HTTP cookie manager superseded by HTTP cookie manager
2026-01-27 17:19:17,056 WARN o.a.j.p.h.s.HTTPSamplerBase: Existing CookieManager HTTP cookie manager superseded by HTTP cookie manager
2026-01-27 17:19:17,064 WARN o.a.j.p.h.s.HTTPSamplerBase: Existing CookieManager HTTP cookie manager superseded by HTTP cookie manager
2026-01-27 17:19:17,080 WARN o.a.j.p.h.s.HTTPSamplerBase: Existing CookieManager HTTP cookie manager superseded by HTTP cookie manager
2026-01-27 17:19:17,092 WARN o.a.j.p.h.s.HTTPSamplerBase: Existing CookieManager HTTP cookie manager superseded by HTTP cookie manager
2026-01-27 17:19:17,113 WARN o.a.j.p.h.s.HTTPSamplerBase: Existing CookieManager HTTP cookie manager superseded by HTTP cookie manager
2026-01-27 17:19:17,128 WARN o.a.j.p.h.s.HTTPSamplerBase: Existing CookieManager HTTP cookie manager superseded by HTTP cookie manager
2026-01-27 17:19:17,160 WARN o.a.j.p.h.s.HTTPSamplerBase: Existing CookieManager HTTP cookie manager superseded by HTTP cookie manager
2026-01-27 17:19:17,177 WARN o.a.j.p.h.s.HTTPSamplerBase: Existing CookieManager HTTP cookie manager superseded by HTTP cookie manager
2026-01-27 17:19:17,192 WARN o.a.j.p.h.s.HTTPSamplerBase: Existing CookieManager HTTP cookie manager superseded by HTTP cookie manager
2026-01-27 17:19:17,202 WARN o.a.j.p.h.s.HTTPSamplerBase: Existing CookieManager HTTP cookie manager superseded by HTTP cookie manager
2026-01-27 17:19:17,241 WARN o.a.j.p.h.s.HTTPSamplerBase: Existing CookieManager HTTP cookie manager superseded by HTTP cookie manager
2026-01-27 17:19:17,299 WARN o.a.j.p.h.s.HTTPSamplerBase: Existing CookieManager HTTP cookie manager superseded by HTTP cookie manager
2026-01-27 17:19:17,329 WARN o.a.j.p.h.s.HTTPSamplerBase: Existing CookieManager HTTP cookie manager superseded by HTTP cookie manager
2026-01-27 17:19:17,388 WARN o.a.j.p.h.s.HTTPSamplerBase: Existing CookieManager HTTP cookie manager superseded by HTTP cookie manager
2026-01-27 17:19:17,423 WARN o.a.j.p.h.s.HTTPSamplerBase: Existing CookieManager HTTP cookie manager superseded by HTTP cookie manager
2026-01-27 17:19:17,432 WARN o.a.j.p.h.s.HTTPSamplerBase: Existing CookieManager HTTP cookie manager superseded by HTTP cookie manager
2026-01-27 17:19:17,450 WARN o.a.j.p.h.s.HTTPSamplerBase: Existing CookieManager HTTP cookie manager superseded by HTTP cookie manager
2026-01-27 17:19:17,530 WARN o.a.j.p.h.s.HTTPSamplerBase: Existing CookieManager HTTP cookie manager superseded by HTTP cookie manager
2026-01-27 17:19:17,566 WARN o.a.j.p.h.s.HTTPSamplerBase: Existing CookieManager HTTP cookie manager superseded by HTTP cookie manager
2026-01-27 17:19:17,594 WARN o.a.j.p.h.s.HTTPSamplerBase: Existing CookieManager HTTP cookie manager superseded by HTTP cookie manager
2026-01-27 17:19:17,608 WARN o.a.j.p.h.s.HTTPSamplerBase: Existing CookieManager HTTP cookie manager superseded by HTTP cookie manager
2026-01-27 17:19:17,618 WARN o.a.j.p.h.s.HTTPSamplerBase: Existing CookieManager HTTP cookie manager superseded by HTTP cookie manager
2026-01-27 17:19:17,619 WARN o.a.j.p.h.s.HTTPSamplerBase: Existing CookieManager HTTP cookie manager superseded by HTTP cookie manager
2026-01-27 17:19:17,631 WARN o.a.j.p.h.s.HTTPSamplerBase: Existing CookieManager HTTP cookie manager superseded by HTTP cookie manager
2026-01-27 17:19:17,635 WARN o.a.j.p.h.s.HTTPSamplerBase: Existing CookieManager HTTP cookie manager superseded by HTTP cookie manager
2026-01-27 17:19:17,643 WARN o.a.j.p.h.s.HTTPSamplerBase: Existing CookieManager HTTP cookie manager superseded by HTTP cookie manager
2026-01-27 17:19:17,672 WARN o.a.j.p.h.s.HTTPSamplerBase: Existing CookieManager HTTP cookie manager superseded by HTTP cookie manager
2026-01-27 17:19:17,730 WARN o.a.j.p.h.s.HTTPSamplerBase: Existing CookieManager HTTP cookie manager superseded by HTTP cookie manager
2026-01-27 17:19:17,771 WARN o.a.j.p.h.s.HTTPSamplerBase: Existing CookieManager HTTP cookie manager superseded by HTTP cookie manager
2026-01-27 17:19:17,775 WARN o.a.j.p.h.s.HTTPSamplerBase: Existing CookieManager HTTP cookie manager superseded by HTTP cookie manager
2026-01-27 17:19:17,778 WARN o.a.j.p.h.s.HTTPSamplerBase: Existing CookieManager HTTP cookie manager superseded by HTTP cookie manager
2026-01-27 17:19:17,783 WARN o.a.j.p.h.s.HTTPSamplerBase: Existing CookieManager HTTP cookie manager superseded by HTTP cookie manager
2026-01-27 17:19:17,799 WARN o.a.j.p.h.s.HTTPSamplerBase: Existing CookieManager HTTP cookie manager superseded by HTTP cookie manager
2026-01-27 17:19:17,827 WARN o.a.j.p.h.s.HTTPSamplerBase: Existing CookieManager HTTP cookie manager superseded by HTTP cookie manager
2026-01-27 17:19:17,859 WARN o.a.j.p.h.s.HTTPSamplerBase: Existing CookieManager HTTP cookie manager superseded by HTTP cookie manager
2026-01-27 17:19:17,885 WARN o.a.j.p.h.s.HTTPSamplerBase: Existing CookieManager HTTP cookie manager superseded by HTTP cookie manager
2026-01-27 17:19:17,897 WARN o.a.j.p.h.s.HTTPSamplerBase: Existing CookieManager HTTP cookie manager superseded by HTTP cookie manager
2026-01-27 17:19:17,913 WARN o.a.j.p.h.s.HTTPSamplerBase: Existing CookieManager HTTP cookie manager superseded by HTTP cookie manager
2026-01-27 17:19:17,933 WARN o.a.j.p.h.s.HTTPSamplerBase: Existing CookieManager HTTP cookie manager superseded by HTTP cookie manager
2026-01-27 17:19:17,945 WARN o.a.j.p.h.s.HTTPSamplerBase: Existing CookieManager HTTP cookie manager superseded by HTTP cookie manager
2026-01-27 17:19:17,949 WARN o.a.j.p.h.s.HTTPSamplerBase: Existing CookieManager HTTP cookie manager superseded by HTTP cookie manager
2026-01-27 17:19:17,968 WARN o.a.j.p.h.s.HTTPSamplerBase: Existing CookieManager HTTP cookie manager superseded by HTTP cookie manager
2026-01-27 17:19:18,011 WARN o.a.j.p.h.s.HTTPSamplerBase: Existing CookieManager HTTP cookie manager superseded by HTTP cookie manager
2026-01-27 17:19:18,062 WARN o.a.j.p.h.s.HTTPSamplerBase: Existing CookieManager HTTP cookie manager superseded by HTTP cookie manager
2026-01-27 17:19:18,095 WARN o.a.j.p.h.s.HTTPSamplerBase: Existing CookieManager HTTP cookie manager superseded by HTTP cookie manager
2026-01-27 17:19:18,109 WARN o.a.j.p.h.s.HTTPSamplerBase: Existing CookieManager HTTP cookie manager superseded by HTTP cookie manager
2026-01-27 17:19:18,146 WARN o.a.j.p.h.s.HTTPSamplerBase: Existing CookieManager HTTP cookie manager superseded by HTTP cookie manager
2026-01-27 17:19:18,170 WARN o.a.j.p.h.s.HTTPSamplerBase: Existing CookieManager HTTP cookie manager superseded by HTTP cookie manager
2026-01-27 17:19:18,177 WARN o.a.j.p.h.s.HTTPSamplerBase: Existing CookieManager HTTP cookie manager superseded by HTTP cookie manager
2026-01-27 17:19:18,187 WARN o.a.j.p.h.s.HTTPSamplerBase: Existing CookieManager HTTP cookie manager superseded by HTTP cookie manager
2026-01-27 17:19:18,262 WARN o.a.j.p.h.s.HTTPSamplerBase: Existing CookieManager HTTP cookie manager superseded by HTTP cookie manager
2026-01-27 17:19:18,262 WARN o.a.j.p.h.s.HTTPSamplerBase: Existing CookieManager HTTP cookie manager superseded by HTTP cookie manager
2026-01-27 17:19:18,262 WARN o.a.j.p.h.s.HTTPSamplerBase: Existing CookieManager HTTP cookie manager superseded by HTTP cookie manager
2026-01-27 17:19:18,298 WARN o.a.j.p.h.s.HTTPSamplerBase: Existing CookieManager HTTP cookie manager superseded by HTTP cookie manager
2026-01-27 17:19:18,309 WARN o.a.j.p.h.s.HTTPSamplerBase: Existing CookieManager HTTP cookie manager superseded by HTTP cookie manager
2026-01-27 17:19:18,336 WARN o.a.j.p.h.s.HTTPSamplerBase: Existing CookieManager HTTP cookie manager superseded by HTTP cookie manager
2026-01-27 17:19:18,371 WARN o.a.j.p.h.s.HTTPSamplerBase: Existing CookieManager HTTP cookie manager superseded by HTTP cookie manager
2026-01-27 17:19:18,474 WARN o.a.j.p.h.s.HTTPSamplerBase: Existing CookieManager HTTP cookie manager superseded by HTTP cookie manager
2026-01-27 17:19:18,494 WARN o.a.j.p.h.s.HTTPSamplerBase: Existing CookieManager HTTP cookie manager superseded by HTTP cookie manager
2026-01-27 17:19:18,504 WARN o.a.j.p.h.s.HTTPSamplerBase: Existing CookieManager HTTP cookie manager superseded by HTTP cookie manager
2026-01-27 17:19:18,517 WARN o.a.j.p.h.s.HTTPSamplerBase: Existing CookieManager HTTP cookie manager superseded by HTTP cookie manager
2026-01-27 17:19:18,522 WARN o.a.j.p.h.s.HTTPSamplerBase: Existing CookieManager HTTP cookie manager superseded by HTTP cookie manager
2026-01-27 17:19:18,549 WARN o.a.j.p.h.s.HTTPSamplerBase: Existing CookieManager HTTP cookie manager superseded by HTTP cookie manager
2026-01-27 17:19:18,557 WARN o.a.j.p.h.s.HTTPSamplerBase: Existing CookieManager HTTP cookie manager superseded by HTTP cookie manager
2026-01-27 17:19:18,590 WARN o.a.j.p.h.s.HTTPSamplerBase: Existing CookieManager HTTP cookie manager superseded by HTTP cookie manager
2026-01-27 17:19:18,601 WARN o.a.j.p.h.s.HTTPSamplerBase: Existing CookieManager HTTP cookie manager superseded by HTTP cookie manager
2026-01-27 17:19:18,609 WARN o.a.j.p.h.s.HTTPSamplerBase: Existing CookieManager HTTP cookie manager superseded by HTTP cookie manager
2026-01-27 17:19:18,616 WARN o.a.j.p.h.s.HTTPSamplerBase: Existing CookieManager HTTP cookie manager superseded by HTTP cookie manager
2026-01-27 17:19:18,635 WARN o.a.j.p.h.s.HTTPSamplerBase: Existing CookieManager HTTP cookie manager superseded by HTTP cookie manager
2026-01-27 17:19:18,654 WARN o.a.j.p.h.s.HTTPSamplerBase: Existing CookieManager HTTP cookie manager superseded by HTTP cookie manager
2026-01-27 17:19:18,668 WARN o.a.j.p.h.s.HTTPSamplerBase: Existing CookieManager HTTP cookie manager superseded by HTTP cookie manager
2026-01-27 17:19:18,687 WARN o.a.j.p.h.s.HTTPSamplerBase: Existing CookieManager HTTP cookie manager superseded by HTTP cookie manager
2026-01-27 17:19:18,707 WARN o.a.j.p.h.s.HTTPSamplerBase: Existing CookieManager HTTP cookie manager superseded by HTTP cookie manager
2026-01-27 17:19:18,713 WARN o.a.j.p.h.s.HTTPSamplerBase: Existing CookieManager HTTP cookie manager superseded by HTTP cookie manager
2026-01-27 17:19:18,713 WARN o.a.j.p.h.s.HTTPSamplerBase: Existing CookieManager HTTP cookie manager superseded by HTTP cookie manager
2026-01-27 17:19:18,719 WARN o.a.j.p.h.s.HTTPSamplerBase: Existing CookieManager HTTP cookie manager superseded by HTTP cookie manager
2026-01-27 17:19:18,745 WARN o.a.j.p.h.s.HTTPSamplerBase: Existing CookieManager HTTP cookie manager superseded by HTTP cookie manager
2026-01-27 17:19:18,759 WARN o.a.j.p.h.s.HTTPSamplerBase: Existing CookieManager HTTP cookie manager superseded by HTTP cookie manager
2026-01-27 17:19:18,763 WARN o.a.j.p.h.s.HTTPSamplerBase: Existing CookieManager HTTP cookie manager superseded by HTTP cookie manager
2026-01-27 17:19:18,769 WARN o.a.j.p.h.s.HTTPSamplerBase: Existing CookieManager HTTP cookie manager superseded by HTTP cookie manager
2026-01-27 17:19:18,771 WARN o.a.j.p.h.s.HTTPSamplerBase: Existing CookieManager HTTP cookie manager superseded by HTTP cookie manager
2026-01-27 17:19:18,783 WARN o.a.j.p.h.s.HTTPSamplerBase: Existing CookieManager HTTP cookie manager superseded by HTTP cookie manager
2026-01-27 17:19:18,802 WARN o.a.j.p.h.s.HTTPSamplerBase: Existing CookieManager HTTP cookie manager superseded by HTTP cookie manager
2026-01-27 17:19:18,839 WARN o.a.j.p.h.s.HTTPSamplerBase: Existing CookieManager HTTP cookie manager superseded by HTTP cookie manager
2026-01-27 17:19:18,883 WARN o.a.j.p.h.s.HTTPSamplerBase: Existing CookieManager HTTP cookie manager superseded by HTTP cookie manager
2026-01-27 17:19:18,916 WARN o.a.j.p.h.s.HTTPSamplerBase: Existing CookieManager HTTP cookie manager superseded by HTTP cookie manager
2026-01-27 17:19:18,919 WARN o.a.j.p.h.s.HTTPSamplerBase: Existing CookieManager HTTP cookie manager superseded by HTTP cookie manager
2026-01-27 17:19:18,928 WARN o.a.j.p.h.s.HTTPSamplerBase: Existing CookieManager HTTP cookie manager superseded by HTTP cookie manager
2026-01-27 17:19:18,931 WARN o.a.j.p.h.s.HTTPSamplerBase: Existing CookieManager HTTP cookie manager superseded by HTTP cookie manager
2026-01-27 17:19:18,955 WARN o.a.j.p.h.s.HTTPSamplerBase: Existing CookieManager HTTP cookie manager superseded by HTTP cookie manager
2026-01-27 17:19:19,005 WARN o.a.j.p.h.s.HTTPSamplerBase: Existing CookieManager HTTP cookie manager superseded by HTTP cookie manager
2026-01-27 17:19:19,012 WARN o.a.j.p.h.s.HTTPSamplerBase: Existing CookieManager HTTP cookie manager superseded by HTTP cookie manager
2026-01-27 17:19:19,024 WARN o.a.j.p.h.s.HTTPSamplerBase: Existing CookieManager HTTP cookie manager superseded by HTTP cookie manager
2026-01-27 17:19:19,042 WARN o.a.j.p.h.s.HTTPSamplerBase: Existing CookieManager HTTP cookie manager superseded by HTTP cookie manager
2026-01-27 17:19:19,202 WARN o.a.j.p.h.s.HTTPSamplerBase: Existing CookieManager HTTP cookie manager superseded by HTTP cookie manager
2026-01-27 17:19:19,206 WARN o.a.j.p.h.s.HTTPSamplerBase: Existing CookieManager HTTP cookie manager superseded by HTTP cookie manager
2026-01-27 17:19:19,208 WARN o.a.j.p.h.s.HTTPSamplerBase: Existing CookieManager HTTP cookie manager superseded by HTTP cookie manager
2026-01-27 17:19:19,208 WARN o.a.j.p.h.s.HTTPSamplerBase: Existing CookieManager HTTP cookie manager superseded by HTTP cookie manager
2026-01-27 17:19:19,209 WARN o.a.j.p.h.s.HTTPSamplerBase: Existing CookieManager HTTP cookie manager superseded by HTTP cookie manager
2026-01-27 17:19:19,209 WARN o.a.j.p.h.s.HTTPSamplerBase: Existing CookieManager HTTP cookie manager superseded by HTTP cookie manager
2026-01-27 17:19:19,219 WARN o.a.j.p.h.s.HTTPSamplerBase: Existing CookieManager HTTP cookie manager superseded by HTTP cookie manager
2026-01-27 17:19:19,223 WARN o.a.j.p.h.s.HTTPSamplerBase: Existing CookieManager HTTP cookie manager superseded by HTTP cookie manager
2026-01-27 17:19:19,237 WARN o.a.j.p.h.s.HTTPSamplerBase: Existing CookieManager HTTP cookie manager superseded by HTTP cookie manager
2026-01-27 17:19:19,316 WARN o.a.j.p.h.s.HTTPSamplerBase: Existing CookieManager HTTP cookie manager superseded by HTTP cookie manager
2026-01-27 17:19:19,324 WARN o.a.j.p.h.s.HTTPSamplerBase: Existing CookieManager HTTP cookie manager superseded by HTTP cookie manager
2026-01-27 17:19:19,324 WARN o.a.j.p.h.s.HTTPSamplerBase: Existing CookieManager HTTP cookie manager superseded by HTTP cookie manager
2026-01-27 17:19:19,371 WARN o.a.j.p.h.s.HTTPSamplerBase: Existing CookieManager HTTP cookie manager superseded by HTTP cookie manager
2026-01-27 17:19:19,371 WARN o.a.j.p.h.s.HTTPSamplerBase: Existing CookieManager HTTP cookie manager superseded by HTTP cookie manager
2026-01-27 17:19:19,371 WARN o.a.j.p.h.s.HTTPSamplerBase: Existing CookieManager HTTP cookie manager superseded by HTTP cookie manager
2026-01-27 17:19:19,397 WARN o.a.j.p.h.s.HTTPSamplerBase: Existing CookieManager HTTP cookie manager superseded by HTTP cookie manager
2026-01-27 17:19:19,398 WARN o.a.j.p.h.s.HTTPSamplerBase: Existing CookieManager HTTP cookie manager superseded by HTTP cookie manager
2026-01-27 17:19:19,400 WARN o.a.j.p.h.s.HTTPSamplerBase: Existing CookieManager HTTP cookie manager superseded by HTTP cookie manager
2026-01-27 17:19:19,430 WARN o.a.j.p.h.s.HTTPSamplerBase: Existing CookieManager HTTP cookie manager superseded by HTTP cookie manager
2026-01-27 17:19:19,455 WARN o.a.j.p.h.s.HTTPSamplerBase: Existing CookieManager HTTP cookie manager superseded by HTTP cookie manager
2026-01-27 17:19:19,524 WARN o.a.j.p.h.s.HTTPSamplerBase: Existing CookieManager HTTP cookie manager superseded by HTTP cookie manager
2026-01-27 17:19:19,534 WARN o.a.j.p.h.s.HTTPSamplerBase: Existing CookieManager HTTP cookie manager superseded by HTTP cookie manager
2026-01-27 17:19:19,586 WARN o.a.j.p.h.s.HTTPSamplerBase: Existing CookieManager HTTP cookie manager superseded by HTTP cookie manager
2026-01-27 17:19:19,595 WARN o.a.j.p.h.s.HTTPSamplerBase: Existing CookieManager HTTP cookie manager superseded by HTTP cookie manager
2026-01-27 17:19:19,614 WARN o.a.j.p.h.s.HTTPSamplerBase: Existing CookieManager HTTP cookie manager superseded by HTTP cookie manager
2026-01-27 17:19:19,629 WARN o.a.j.p.h.s.HTTPSamplerBase: Existing CookieManager HTTP cookie manager superseded by HTTP cookie manager
2026-01-27 17:19:19,642 WARN o.a.j.p.h.s.HTTPSamplerBase: Existing CookieManager HTTP cookie manager superseded by HTTP cookie manager
2026-01-27 17:19:19,651 WARN o.a.j.p.h.s.HTTPSamplerBase: Existing CookieManager HTTP cookie manager superseded by HTTP cookie manager
2026-01-27 17:19:19,689 WARN o.a.j.p.h.s.HTTPSamplerBase: Existing CookieManager HTTP cookie manager superseded by HTTP cookie manager
2026-01-27 17:19:19,696 WARN o.a.j.p.h.s.HTTPSamplerBase: Existing CookieManager HTTP cookie manager superseded by HTTP cookie manager
2026-01-27 17:19:19,710 WARN o.a.j.p.h.s.HTTPSamplerBase: Existing CookieManager HTTP cookie manager superseded by HTTP cookie manager
2026-01-27 17:19:19,710 WARN o.a.j.p.h.s.HTTPSamplerBase: Existing CookieManager HTTP cookie manager superseded by HTTP cookie manager
2026-01-27 17:19:19,715 WARN o.a.j.p.h.s.HTTPSamplerBase: Existing CookieManager HTTP cookie manager superseded by HTTP cookie manager
2026-01-27 17:19:19,724 WARN o.a.j.p.h.s.HTTPSamplerBase: Existing CookieManager HTTP cookie manager superseded by HTTP cookie manager
2026-01-27 17:19:19,745 WARN o.a.j.p.h.s.HTTPSamplerBase: Existing CookieManager HTTP cookie manager superseded by HTTP cookie manager
2026-01-27 17:19:19,784 WARN o.a.j.p.h.s.HTTPSamplerBase: Existing CookieManager HTTP cookie manager superseded by HTTP cookie manager
2026-01-27 17:19:19,787 WARN o.a.j.p.h.s.HTTPSamplerBase: Existing CookieManager HTTP cookie manager superseded by HTTP cookie manager
2026-01-27 17:19:19,810 WARN o.a.j.p.h.s.HTTPSamplerBase: Existing CookieManager HTTP cookie manager superseded by HTTP cookie manager
2026-01-27 17:19:19,829 WARN o.a.j.p.h.s.HTTPSamplerBase: Existing CookieManager HTTP cookie manager superseded by HTTP cookie manager
2026-01-27 17:19:19,836 WARN o.a.j.p.h.s.HTTPSamplerBase: Existing CookieManager HTTP cookie manager superseded by HTTP cookie manager
2026-01-27 17:19:19,850 WARN o.a.j.p.h.s.HTTPSamplerBase: Existing CookieManager HTTP cookie manager superseded by HTTP cookie manager
2026-01-27 17:19:19,860 WARN o.a.j.p.h.s.HTTPSamplerBase: Existing CookieManager HTTP cookie manager superseded by HTTP cookie manager
2026-01-27 17:19:19,870 WARN o.a.j.p.h.s.HTTPSamplerBase: Existing CookieManager HTTP cookie manager superseded by HTTP cookie manager
2026-01-27 17:19:19,874 WARN o.a.j.p.h.s.HTTPSamplerBase: Existing CookieManager HTTP cookie manager superseded by HTTP cookie manager
2026-01-27 17:19:19,880 WARN o.a.j.p.h.s.HTTPSamplerBase: Existing CookieManager HTTP cookie manager superseded by HTTP cookie manager
2026-01-27 17:19:19,885 WARN o.a.j.p.h.s.HTTPSamplerBase: Existing CookieManager HTTP cookie manager superseded by HTTP cookie manager
2026-01-27 17:19:19,903 WARN o.a.j.p.h.s.HTTPSamplerBase: Existing CookieManager HTTP cookie manager superseded by HTTP cookie manager
2026-01-27 17:19:19,918 WARN o.a.j.p.h.s.HTTPSamplerBase: Existing CookieManager HTTP cookie manager superseded by HTTP cookie manager
2026-01-27 17:19:19,975 WARN o.a.j.p.h.s.HTTPSamplerBase: Existing CookieManager HTTP cookie manager superseded by HTTP cookie manager
2026-01-27 17:19:19,975 WARN o.a.j.p.h.s.HTTPSamplerBase: Existing CookieManager HTTP cookie manager superseded by HTTP cookie manager
2026-01-27 17:19:19,988 WARN o.a.j.p.h.s.HTTPSamplerBase: Existing CookieManager HTTP cookie manager superseded by HTTP cookie manager
2026-01-27 17:19:19,994 WARN o.a.j.p.h.s.HTTPSamplerBase: Existing CookieManager HTTP cookie manager superseded by HTTP cookie manager
2026-01-27 17:19:19,996 WARN o.a.j.p.h.s.HTTPSamplerBase: Existing CookieManager HTTP cookie manager superseded by HTTP cookie manager
2026-01-27 17:19:20,030 WARN o.a.j.p.h.s.HTTPSamplerBase: Existing CookieManager HTTP cookie manager superseded by HTTP cookie manager
2026-01-27 17:19:20,057 WARN o.a.j.p.h.s.HTTPSamplerBase: Existing CookieManager HTTP cookie manager superseded by HTTP cookie manager
2026-01-27 17:19:20,062 WARN o.a.j.p.h.s.HTTPSamplerBase: Existing CookieManager HTTP cookie manager superseded by HTTP cookie manager
2026-01-27 17:19:20,074 WARN o.a.j.p.h.s.HTTPSamplerBase: Existing CookieManager HTTP cookie manager superseded by HTTP cookie manager
2026-01-27 17:19:20,090 WARN o.a.j.p.h.s.HTTPSamplerBase: Existing CookieManager HTTP cookie manager superseded by HTTP cookie manager
2026-01-27 17:19:20,120 WARN o.a.j.p.h.s.HTTPSamplerBase: Existing CookieManager HTTP cookie manager superseded by HTTP cookie manager
2026-01-27 17:19:20,143 WARN o.a.j.p.h.s.HTTPSamplerBase: Existing CookieManager HTTP cookie manager superseded by HTTP cookie manager
2026-01-27 17:19:20,144 WARN o.a.j.p.h.s.HTTPSamplerBase: Existing CookieManager HTTP cookie manager superseded by HTTP cookie manager
2026-01-27 17:19:20,162 WARN o.a.j.p.h.s.HTTPSamplerBase: Existing CookieManager HTTP cookie manager superseded by HTTP cookie manager
2026-01-27 17:19:20,202 WARN o.a.j.p.h.s.HTTPSamplerBase: Existing CookieManager HTTP cookie manager superseded by HTTP cookie manager
2026-01-27 17:19:20,211 WARN o.a.j.p.h.s.HTTPSamplerBase: Existing CookieManager HTTP cookie manager superseded by HTTP cookie manager
2026-01-27 17:19:20,252 WARN o.a.j.p.h.s.HTTPSamplerBase: Existing CookieManager HTTP cookie manager superseded by HTTP cookie manager
2026-01-27 17:19:20,263 WARN o.a.j.p.h.s.HTTPSamplerBase: Existing CookieManager HTTP cookie manager superseded by HTTP cookie manager
2026-01-27 17:19:20,312 WARN o.a.j.p.h.s.HTTPSamplerBase: Existing CookieManager HTTP cookie manager superseded by HTTP cookie manager
2026-01-27 17:19:20,341 WARN o.a.j.p.h.s.HTTPSamplerBase: Existing CookieManager HTTP cookie manager superseded by HTTP cookie manager
2026-01-27 17:19:20,351 WARN o.a.j.p.h.s.HTTPSamplerBase: Existing CookieManager HTTP cookie manager superseded by HTTP cookie manager
2026-01-27 17:19:20,413 WARN o.a.j.p.h.s.HTTPSamplerBase: Existing CookieManager HTTP cookie manager superseded by HTTP cookie manager
2026-01-27 17:19:20,451 WARN o.a.j.p.h.s.HTTPSamplerBase: Existing CookieManager HTTP cookie manager superseded by HTTP cookie manager
2026-01-27 17:19:20,507 WARN o.a.j.p.h.s.HTTPSamplerBase: Existing CookieManager HTTP cookie manager superseded by HTTP cookie manager
2026-01-27 17:19:20,549 WARN o.a.j.p.h.s.HTTPSamplerBase: Existing CookieManager HTTP cookie manager superseded by HTTP cookie manager
2026-01-27 17:19:20,564 WARN o.a.j.p.h.s.HTTPSamplerBase: Existing CookieManager HTTP cookie manager superseded by HTTP cookie manager
2026-01-27 17:19:20,575 WARN o.a.j.p.h.s.HTTPSamplerBase: Existing CookieManager HTTP cookie manager superseded by HTTP cookie manager
2026-01-27 17:19:20,704 WARN o.a.j.p.h.s.HTTPSamplerBase: Existing CookieManager HTTP cookie manager superseded by HTTP cookie manager
2026-01-27 17:19:20,721 WARN o.a.j.p.h.s.HTTPSamplerBase: Existing CookieManager HTTP cookie manager superseded by HTTP cookie manager
2026-01-27 17:19:20,727 WARN o.a.j.p.h.s.HTTPSamplerBase: Existing CookieManager HTTP cookie manager superseded by HTTP cookie manager
2026-01-27 17:19:20,751 WARN o.a.j.p.h.s.HTTPSamplerBase: Existing CookieManager HTTP cookie manager superseded by HTTP cookie manager
2026-01-27 17:19:20,816 WARN o.a.j.p.h.s.HTTPSamplerBase: Existing CookieManager HTTP cookie manager superseded by HTTP cookie manager
2026-01-27 17:19:20,847 WARN o.a.j.p.h.s.HTTPSamplerBase: Existing CookieManager HTTP cookie manager superseded by HTTP cookie manager
2026-01-27 17:19:20,847 WARN o.a.j.p.h.s.HTTPSamplerBase: Existing CookieManager HTTP cookie manager superseded by HTTP cookie manager
2026-01-27 17:19:20,875 WARN o.a.j.p.h.s.HTTPSamplerBase: Existing CookieManager HTTP cookie manager superseded by HTTP cookie manager
2026-01-27 17:19:20,901 WARN o.a.j.p.h.s.HTTPSamplerBase: Existing CookieManager HTTP cookie manager superseded by HTTP cookie manager
2026-01-27 17:19:20,930 WARN o.a.j.p.h.s.HTTPSamplerBase: Existing CookieManager HTTP cookie manager superseded by HTTP cookie manager
2026-01-27 17:19:20,950 WARN o.a.j.p.h.s.HTTPSamplerBase: Existing CookieManager HTTP cookie manager superseded by HTTP cookie manager
2026-01-27 17:19:20,951 WARN o.a.j.p.h.s.HTTPSamplerBase: Existing CookieManager HTTP cookie manager superseded by HTTP cookie manager
2026-01-27 17:19:20,963 WARN o.a.j.p.h.s.HTTPSamplerBase: Existing CookieManager HTTP cookie manager superseded by HTTP cookie manager
2026-01-27 17:19:20,993 WARN o.a.j.p.h.s.HTTPSamplerBase: Existing CookieManager HTTP cookie manager superseded by HTTP cookie manager
2026-01-27 17:19:21,001 WARN o.a.j.p.h.s.HTTPSamplerBase: Existing CookieManager HTTP cookie manager superseded by HTTP cookie manager
2026-01-27 17:19:21,014 WARN o.a.j.p.h.s.HTTPSamplerBase: Existing CookieManager HTTP cookie manager superseded by HTTP cookie manager
2026-01-27 17:19:21,116 WARN o.a.j.p.h.s.HTTPSamplerBase: Existing CookieManager HTTP cookie manager superseded by HTTP cookie manager
2026-01-27 17:19:21,128 WARN o.a.j.p.h.s.HTTPSamplerBase: Existing CookieManager HTTP cookie manager superseded by HTTP cookie manager
2026-01-27 17:19:21,138 WARN o.a.j.p.h.s.HTTPSamplerBase: Existing CookieManager HTTP cookie manager superseded by HTTP cookie manager
2026-01-27 17:19:21,162 WARN o.a.j.p.h.s.HTTPSamplerBase: Existing CookieManager HTTP cookie manager superseded by HTTP cookie manager
2026-01-27 17:19:21,176 WARN o.a.j.p.h.s.HTTPSamplerBase: Existing CookieManager HTTP cookie manager superseded by HTTP cookie manager
2026-01-27 17:19:21,185 WARN o.a.j.p.h.s.HTTPSamplerBase: Existing CookieManager HTTP cookie manager superseded by HTTP cookie manager
2026-01-27 17:19:21,223 WARN o.a.j.p.h.s.HTTPSamplerBase: Existing CookieManager HTTP cookie manager superseded by HTTP cookie manager
2026-01-27 17:19:21,229 WARN o.a.j.p.h.s.HTTPSamplerBase: Existing CookieManager HTTP cookie manager superseded by HTTP cookie manager
2026-01-27 17:19:21,235 WARN o.a.j.p.h.s.HTTPSamplerBase: Existing CookieManager HTTP cookie manager superseded by HTTP cookie manager
2026-01-27 17:19:21,276 WARN o.a.j.p.h.s.HTTPSamplerBase: Existing CookieManager HTTP cookie manager superseded by HTTP cookie manager
2026-01-27 17:19:21,303 WARN o.a.j.p.h.s.HTTPSamplerBase: Existing CookieManager HTTP cookie manager superseded by HTTP cookie manager
2026-01-27 17:19:21,316 WARN o.a.j.p.h.s.HTTPSamplerBase: Existing CookieManager HTTP cookie manager superseded by HTTP cookie manager
2026-01-27 17:19:21,356 WARN o.a.j.p.h.s.HTTPSamplerBase: Existing CookieManager HTTP cookie manager superseded by HTTP cookie manager
2026-01-27 17:19:21,382 WARN o.a.j.p.h.s.HTTPSamplerBase: Existing CookieManager HTTP cookie manager superseded by HTTP cookie manager
2026-01-27 17:19:21,385 WARN o.a.j.p.h.s.HTTPSamplerBase: Existing CookieManager HTTP cookie manager superseded by HTTP cookie manager
2026-01-27 17:19:21,397 WARN o.a.j.p.h.s.HTTPSamplerBase: Existing CookieManager HTTP cookie manager superseded by HTTP cookie manager
2026-01-27 17:19:21,445 WARN o.a.j.p.h.s.HTTPSamplerBase: Existing CookieManager HTTP cookie manager superseded by HTTP cookie manager
2026-01-27 17:19:21,446 WARN o.a.j.p.h.s.HTTPSamplerBase: Existing CookieManager HTTP cookie manager superseded by HTTP cookie manager
2026-01-27 17:19:21,463 WARN o.a.j.p.h.s.HTTPSamplerBase: Existing CookieManager HTTP cookie manager superseded by HTTP cookie manager
2026-01-27 17:19:21,471 WARN o.a.j.p.h.s.HTTPSamplerBase: Existing CookieManager HTTP cookie manager superseded by HTTP cookie manager
2026-01-27 17:19:21,489 WARN o.a.j.p.h.s.HTTPSamplerBase: Existing CookieManager HTTP cookie manager superseded by HTTP cookie manager
2026-01-27 17:19:21,499 WARN o.a.j.p.h.s.HTTPSamplerBase: Existing CookieManager HTTP cookie manager superseded by HTTP cookie manager
2026-01-27 17:19:21,521 WARN o.a.j.p.h.s.HTTPSamplerBase: Existing CookieManager HTTP cookie manager superseded by HTTP cookie manager
2026-01-27 17:19:21,524 WARN o.a.j.p.h.s.HTTPSamplerBase: Existing CookieManager HTTP cookie manager superseded by HTTP cookie manager
2026-01-27 17:19:21,532 WARN o.a.j.p.h.s.HTTPSamplerBase: Existing CookieManager HTTP cookie manager superseded by HTTP cookie manager
2026-01-27 17:19:21,532 WARN o.a.j.p.h.s.HTTPSamplerBase: Existing CookieManager HTTP cookie manager superseded by HTTP cookie manager
2026-01-27 17:19:21,610 WARN o.a.j.p.h.s.HTTPSamplerBase: Existing CookieManager HTTP cookie manager superseded by HTTP cookie manager
2026-01-27 17:19:21,620 WARN o.a.j.p.h.s.HTTPSamplerBase: Existing CookieManager HTTP cookie manager superseded by HTTP cookie manager
2026-01-27 17:19:21,674 WARN o.a.j.p.h.s.HTTPSamplerBase: Existing CookieManager HTTP cookie manager superseded by HTTP cookie manager
2026-01-27 17:19:21,679 WARN o.a.j.p.h.s.HTTPSamplerBase: Existing CookieManager HTTP cookie manager superseded by HTTP cookie manager
2026-01-27 17:19:21,679 WARN o.a.j.p.h.s.HTTPSamplerBase: Existing CookieManager HTTP cookie manager superseded by HTTP cookie manager
2026-01-27 17:19:21,694 WARN o.a.j.p.h.s.HTTPSamplerBase: Existing CookieManager HTTP cookie manager superseded by HTTP cookie manager
2026-01-27 17:19:21,700 WARN o.a.j.p.h.s.HTTPSamplerBase: Existing CookieManager HTTP cookie manager superseded by HTTP cookie manager
2026-01-27 17:19:21,713 WARN o.a.j.p.h.s.HTTPSamplerBase: Existing CookieManager HTTP cookie manager superseded by HTTP cookie manager
2026-01-27 17:19:21,721 WARN o.a.j.p.h.s.HTTPSamplerBase: Existing CookieManager HTTP cookie manager superseded by HTTP cookie manager
2026-01-27 17:19:21,722 WARN o.a.j.p.h.s.HTTPSamplerBase: Existing CookieManager HTTP cookie manager superseded by HTTP cookie manager
2026-01-27 17:19:21,745 WARN o.a.j.p.h.s.HTTPSamplerBase: Existing CookieManager HTTP cookie manager superseded by HTTP cookie manager
2026-01-27 17:19:21,746 WARN o.a.j.p.h.s.HTTPSamplerBase: Existing CookieManager HTTP cookie manager superseded by HTTP cookie manager
2026-01-27 17:19:21,774 WARN o.a.j.p.h.s.HTTPSamplerBase: Existing CookieManager HTTP cookie manager superseded by HTTP cookie manager
2026-01-27 17:19:21,779 WARN o.a.j.p.h.s.HTTPSamplerBase: Existing CookieManager HTTP cookie manager superseded by HTTP cookie manager
2026-01-27 17:19:21,785 WARN o.a.j.p.h.s.HTTPSamplerBase: Existing CookieManager HTTP cookie manager superseded by HTTP cookie manager
2026-01-27 17:19:21,797 WARN o.a.j.p.h.s.HTTPSamplerBase: Existing CookieManager HTTP cookie manager superseded by HTTP cookie manager
2026-01-27 17:19:21,808 WARN o.a.j.p.h.s.HTTPSamplerBase: Existing CookieManager HTTP cookie manager superseded by HTTP cookie manager
2026-01-27 17:19:21,863 WARN o.a.j.p.h.s.HTTPSamplerBase: Existing CookieManager HTTP cookie manager superseded by HTTP cookie manager
2026-01-27 17:19:21,865 WARN o.a.j.p.h.s.HTTPSamplerBase: Existing CookieManager HTTP cookie manager superseded by HTTP cookie manager
2026-01-27 17:19:21,914 WARN o.a.j.p.h.s.HTTPSamplerBase: Existing CookieManager HTTP cookie manager superseded by HTTP cookie manager
2026-01-27 17:19:21,925 WARN o.a.j.p.h.s.HTTPSamplerBase: Existing CookieManager HTTP cookie manager superseded by HTTP cookie manager
2026-01-27 17:19:21,944 WARN o.a.j.p.h.s.HTTPSamplerBase: Existing CookieManager HTTP cookie manager superseded by HTTP cookie manager
2026-01-27 17:19:21,974 WARN o.a.j.p.h.s.HTTPSamplerBase: Existing CookieManager HTTP cookie manager superseded by HTTP cookie manager
2026-01-27 17:19:21,984 WARN o.a.j.p.h.s.HTTPSamplerBase: Existing CookieManager HTTP cookie manager superseded by HTTP cookie manager
2026-01-27 17:19:21,986 WARN o.a.j.p.h.s.HTTPSamplerBase: Existing CookieManager HTTP cookie manager superseded by HTTP cookie manager
2026-01-27 17:19:22,007 WARN o.a.j.p.h.s.HTTPSamplerBase: Existing CookieManager HTTP cookie manager superseded by HTTP cookie manager
2026-01-27 17:19:22,041 WARN o.a.j.p.h.s.HTTPSamplerBase: Existing CookieManager HTTP cookie manager superseded by HTTP cookie manager
2026-01-27 17:19:22,087 WARN o.a.j.p.h.s.HTTPSamplerBase: Existing CookieManager HTTP cookie manager superseded by HTTP cookie manager
2026-01-27 17:19:22,090 WARN o.a.j.p.h.s.HTTPSamplerBase: Existing CookieManager HTTP cookie manager superseded by HTTP cookie manager
2026-01-27 17:19:22,112 WARN o.a.j.p.h.s.HTTPSamplerBase: Existing CookieManager HTTP cookie manager superseded by HTTP cookie manager
2026-01-27 17:19:22,142 WARN o.a.j.p.h.s.HTTPSamplerBase: Existing CookieManager HTTP cookie manager superseded by HTTP cookie manager
2026-01-27 17:19:22,155 WARN o.a.j.p.h.s.HTTPSamplerBase: Existing CookieManager HTTP cookie manager superseded by HTTP cookie manager
2026-01-27 17:19:22,174 WARN o.a.j.p.h.s.HTTPSamplerBase: Existing CookieManager HTTP cookie manager superseded by HTTP cookie manager
2026-01-27 17:19:22,193 WARN o.a.j.p.h.s.HTTPSamplerBase: Existing CookieManager HTTP cookie manager superseded by HTTP cookie manager
2026-01-27 17:19:22,207 WARN o.a.j.p.h.s.HTTPSamplerBase: Existing CookieManager HTTP cookie manager superseded by HTTP cookie manager
2026-01-27 17:19:22,244 WARN o.a.j.p.h.s.HTTPSamplerBase: Existing CookieManager HTTP cookie manager superseded by HTTP cookie manager
2026-01-27 17:19:22,246 WARN o.a.j.p.h.s.HTTPSamplerBase: Existing CookieManager HTTP cookie manager superseded by HTTP cookie manager
2026-01-27 17:19:22,279 WARN o.a.j.p.h.s.HTTPSamplerBase: Existing CookieManager HTTP cookie manager superseded by HTTP cookie manager
2026-01-27 17:19:22,291 WARN o.a.j.p.h.s.HTTPSamplerBase: Existing CookieManager HTTP cookie manager superseded by HTTP cookie manager
2026-01-27 17:19:22,315 WARN o.a.j.p.h.s.HTTPSamplerBase: Existing CookieManager HTTP cookie manager superseded by HTTP cookie manager
2026-01-27 17:19:22,327 WARN o.a.j.p.h.s.HTTPSamplerBase: Existing CookieManager HTTP cookie manager superseded by HTTP cookie manager
2026-01-27 17:19:22,360 WARN o.a.j.p.h.s.HTTPSamplerBase: Existing CookieManager HTTP cookie manager superseded by HTTP cookie manager
2026-01-27 17:19:22,361 WARN o.a.j.p.h.s.HTTPSamplerBase: Existing CookieManager HTTP cookie manager superseded by HTTP cookie manager
2026-01-27 17:19:22,367 WARN o.a.j.p.h.s.HTTPSamplerBase: Existing CookieManager HTTP cookie manager superseded by HTTP cookie manager
2026-01-27 17:19:22,376 WARN o.a.j.p.h.s.HTTPSamplerBase: Existing CookieManager HTTP cookie manager superseded by HTTP cookie manager
2026-01-27 17:19:22,403 WARN o.a.j.p.h.s.HTTPSamplerBase: Existing CookieManager HTTP cookie manager superseded by HTTP cookie manager
2026-01-27 17:19:22,463 WARN o.a.j.p.h.s.HTTPSamplerBase: Existing CookieManager HTTP cookie manager superseded by HTTP cookie manager
2026-01-27 17:19:22,507 WARN o.a.j.p.h.s.HTTPSamplerBase: Existing CookieManager HTTP cookie manager superseded by HTTP cookie manager
2026-01-27 17:19:22,544 WARN o.a.j.p.h.s.HTTPSamplerBase: Existing CookieManager HTTP cookie manager superseded by HTTP cookie manager
2026-01-27 17:19:22,552 WARN o.a.j.p.h.s.HTTPSamplerBase: Existing CookieManager HTTP cookie manager superseded by HTTP cookie manager
2026-01-27 17:19:22,557 WARN o.a.j.p.h.s.HTTPSamplerBase: Existing CookieManager HTTP cookie manager superseded by HTTP cookie manager
2026-01-27 17:19:22,560 WARN o.a.j.p.h.s.HTTPSamplerBase: Existing CookieManager HTTP cookie manager superseded by HTTP cookie manager
2026-01-27 17:19:22,567 WARN o.a.j.p.h.s.HTTPSamplerBase: Existing CookieManager HTTP cookie manager superseded by HTTP cookie manager
2026-01-27 17:19:22,589 WARN o.a.j.p.h.s.HTTPSamplerBase: Existing CookieManager HTTP cookie manager superseded by HTTP cookie manager
2026-01-27 17:19:22,597 WARN o.a.j.p.h.s.HTTPSamplerBase: Existing CookieManager HTTP cookie manager superseded by HTTP cookie manager
2026-01-27 17:19:22,614 WARN o.a.j.p.h.s.HTTPSamplerBase: Existing CookieManager HTTP cookie manager superseded by HTTP cookie manager
2026-01-27 17:19:22,636 WARN o.a.j.p.h.s.HTTPSamplerBase: Existing CookieManager HTTP cookie manager superseded by HTTP cookie manager
2026-01-27 17:19:22,647 WARN o.a.j.p.h.s.HTTPSamplerBase: Existing CookieManager HTTP cookie manager superseded by HTTP cookie manager
2026-01-27 17:19:22,674 WARN o.a.j.p.h.s.HTTPSamplerBase: Existing CookieManager HTTP cookie manager superseded by HTTP cookie manager
2026-01-27 17:19:22,703 WARN o.a.j.p.h.s.HTTPSamplerBase: Existing CookieManager HTTP cookie manager superseded by HTTP cookie manager
2026-01-27 17:19:22,706 WARN o.a.j.p.h.s.HTTPSamplerBase: Existing CookieManager HTTP cookie manager superseded by HTTP cookie manager
2026-01-27 17:19:22,728 WARN o.a.j.p.h.s.HTTPSamplerBase: Existing CookieManager HTTP cookie manager superseded by HTTP cookie manager
2026-01-27 17:19:22,729 WARN o.a.j.p.h.s.HTTPSamplerBase: Existing CookieManager HTTP cookie manager superseded by HTTP cookie manager
2026-01-27 17:19:22,738 WARN o.a.j.p.h.s.HTTPSamplerBase: Existing CookieManager HTTP cookie manager superseded by HTTP cookie manager
2026-01-27 17:19:22,738 WARN o.a.j.p.h.s.HTTPSamplerBase: Existing CookieManager HTTP cookie manager superseded by HTTP cookie manager
2026-01-27 17:19:22,768 WARN o.a.j.p.h.s.HTTPSamplerBase: Existing CookieManager HTTP cookie manager superseded by HTTP cookie manager
2026-01-27 17:19:22,768 WARN o.a.j.p.h.s.HTTPSamplerBase: Existing CookieManager HTTP cookie manager superseded by HTTP cookie manager
2026-01-27 17:19:22,770 WARN o.a.j.p.h.s.HTTPSamplerBase: Existing CookieManager HTTP cookie manager superseded by HTTP cookie manager
2026-01-27 17:19:22,776 WARN o.a.j.p.h.s.HTTPSamplerBase: Existing CookieManager HTTP cookie manager superseded by HTTP cookie manager
2026-01-27 17:19:22,807 WARN o.a.j.p.h.s.HTTPSamplerBase: Existing CookieManager HTTP cookie manager superseded by HTTP cookie manager
2026-01-27 17:19:22,856 WARN o.a.j.p.h.s.HTTPSamplerBase: Existing CookieManager HTTP cookie manager superseded by HTTP cookie manager
2026-01-27 17:19:22,880 WARN o.a.j.p.h.s.HTTPSamplerBase: Existing CookieManager HTTP cookie manager superseded by HTTP cookie manager
2026-01-27 17:19:22,931 WARN o.a.j.p.h.s.HTTPSamplerBase: Existing CookieManager HTTP cookie manager superseded by HTTP cookie manager
2026-01-27 17:19:22,940 WARN o.a.j.p.h.s.HTTPSamplerBase: Existing CookieManager HTTP cookie manager superseded by HTTP cookie manager
2026-01-27 17:19:22,952 WARN o.a.j.p.h.s.HTTPSamplerBase: Existing CookieManager HTTP cookie manager superseded by HTTP cookie manager
2026-01-27 17:19:23,035 WARN o.a.j.p.h.s.HTTPSamplerBase: Existing CookieManager HTTP cookie manager superseded by HTTP cookie manager
2026-01-27 17:19:23,040 WARN o.a.j.p.h.s.HTTPSamplerBase: Existing CookieManager HTTP cookie manager superseded by HTTP cookie manager
2026-01-27 17:19:23,068 WARN o.a.j.p.h.s.HTTPSamplerBase: Existing CookieManager HTTP cookie manager superseded by HTTP cookie manager
2026-01-27 17:19:23,111 WARN o.a.j.p.h.s.HTTPSamplerBase: Existing CookieManager HTTP cookie manager superseded by HTTP cookie manager
2026-01-27 17:19:23,142 WARN o.a.j.p.h.s.HTTPSamplerBase: Existing CookieManager HTTP cookie manager superseded by HTTP cookie manager
2026-01-27 17:19:23,194 WARN o.a.j.p.h.s.HTTPSamplerBase: Existing CookieManager HTTP cookie manager superseded by HTTP cookie manager
2026-01-27 17:19:23,196 WARN o.a.j.p.h.s.HTTPSamplerBase: Existing CookieManager HTTP cookie manager superseded by HTTP cookie manager
2026-01-27 17:19:23,200 WARN o.a.j.p.h.s.HTTPSamplerBase: Existing CookieManager HTTP cookie manager superseded by HTTP cookie manager
2026-01-27 17:19:23,200 WARN o.a.j.p.h.s.HTTPSamplerBase: Existing CookieManager HTTP cookie manager superseded by HTTP cookie manager
2026-01-27 17:19:23,202 WARN o.a.j.p.h.s.HTTPSamplerBase: Existing CookieManager HTTP cookie manager superseded by HTTP cookie manager
2026-01-27 17:19:23,212 WARN o.a.j.p.h.s.HTTPSamplerBase: Existing CookieManager HTTP cookie manager superseded by HTTP cookie manager
2026-01-27 17:19:23,218 WARN o.a.j.p.h.s.HTTPSamplerBase: Existing CookieManager HTTP cookie manager superseded by HTTP cookie manager
2026-01-27 17:19:23,224 WARN o.a.j.p.h.s.HTTPSamplerBase: Existing CookieManager HTTP cookie manager superseded by HTTP cookie manager
2026-01-27 17:19:23,268 WARN o.a.j.p.h.s.HTTPSamplerBase: Existing CookieManager HTTP cookie manager superseded by HTTP cookie manager
2026-01-27 17:19:23,275 WARN o.a.j.p.h.s.HTTPSamplerBase: Existing CookieManager HTTP cookie manager superseded by HTTP cookie manager
2026-01-27 17:19:23,287 WARN o.a.j.p.h.s.HTTPSamplerBase: Existing CookieManager HTTP cookie manager superseded by HTTP cookie manager
2026-01-27 17:19:23,331 WARN o.a.j.p.h.s.HTTPSamplerBase: Existing CookieManager HTTP cookie manager superseded by HTTP cookie manager
2026-01-27 17:19:23,358 WARN o.a.j.p.h.s.HTTPSamplerBase: Existing CookieManager HTTP cookie manager superseded by HTTP cookie manager
2026-01-27 17:19:23,361 WARN o.a.j.p.h.s.HTTPSamplerBase: Existing CookieManager HTTP cookie manager superseded by HTTP cookie manager
2026-01-27 17:19:23,377 WARN o.a.j.p.h.s.HTTPSamplerBase: Existing CookieManager HTTP cookie manager superseded by HTTP cookie manager
2026-01-27 17:19:23,414 WARN o.a.j.p.h.s.HTTPSamplerBase: Existing CookieManager HTTP cookie manager superseded by HTTP cookie manager
2026-01-27 17:19:23,423 WARN o.a.j.p.h.s.HTTPSamplerBase: Existing CookieManager HTTP cookie manager superseded by HTTP cookie manager
2026-01-27 17:19:23,475 WARN o.a.j.p.h.s.HTTPSamplerBase: Existing CookieManager HTTP cookie manager superseded by HTTP cookie manager
2026-01-27 17:19:23,491 WARN o.a.j.p.h.s.HTTPSamplerBase: Existing CookieManager HTTP cookie manager superseded by HTTP cookie manager
2026-01-27 17:19:23,492 WARN o.a.j.p.h.s.HTTPSamplerBase: Existing CookieManager HTTP cookie manager superseded by HTTP cookie manager
2026-01-27 17:19:23,495 WARN o.a.j.p.h.s.HTTPSamplerBase: Existing CookieManager HTTP cookie manager superseded by HTTP cookie manager
2026-01-27 17:19:23,521 WARN o.a.j.p.h.s.HTTPSamplerBase: Existing CookieManager HTTP cookie manager superseded by HTTP cookie manager
2026-01-27 17:19:23,540 WARN o.a.j.p.h.s.HTTPSamplerBase: Existing CookieManager HTTP cookie manager superseded by HTTP cookie manager
2026-01-27 17:19:23,551 WARN o.a.j.p.h.s.HTTPSamplerBase: Existing CookieManager HTTP cookie manager superseded by HTTP cookie manager
2026-01-27 17:19:23,574 WARN o.a.j.p.h.s.HTTPSamplerBase: Existing CookieManager HTTP cookie manager superseded by HTTP cookie manager
2026-01-27 17:19:23,621 WARN o.a.j.p.h.s.HTTPSamplerBase: Existing CookieManager HTTP cookie manager superseded by HTTP cookie manager
2026-01-27 17:19:23,634 WARN o.a.j.p.h.s.HTTPSamplerBase: Existing CookieManager HTTP cookie manager superseded by HTTP cookie manager
2026-01-27 17:19:23,634 WARN o.a.j.p.h.s.HTTPSamplerBase: Existing CookieManager HTTP cookie manager superseded by HTTP cookie manager
2026-01-27 17:19:23,636 WARN o.a.j.p.h.s.HTTPSamplerBase: Existing CookieManager HTTP cookie manager superseded by HTTP cookie manager
2026-01-27 17:19:23,660 WARN o.a.j.p.h.s.HTTPSamplerBase: Existing CookieManager HTTP cookie manager superseded by HTTP cookie manager
2026-01-27 17:19:23,663 WARN o.a.j.p.h.s.HTTPSamplerBase: Existing CookieManager HTTP cookie manager superseded by HTTP cookie manager
2026-01-27 17:19:23,673 WARN o.a.j.p.h.s.HTTPSamplerBase: Existing CookieManager HTTP cookie manager superseded by HTTP cookie manager
2026-01-27 17:19:23,684 WARN o.a.j.p.h.s.HTTPSamplerBase: Existing CookieManager HTTP cookie manager superseded by HTTP cookie manager
2026-01-27 17:19:23,739 WARN o.a.j.p.h.s.HTTPSamplerBase: Existing CookieManager HTTP cookie manager superseded by HTTP cookie manager
2026-01-27 17:19:23,785 WARN o.a.j.p.h.s.HTTPSamplerBase: Existing CookieManager HTTP cookie manager superseded by HTTP cookie manager
2026-01-27 17:19:23,787 WARN o.a.j.p.h.s.HTTPSamplerBase: Existing CookieManager HTTP cookie manager superseded by HTTP cookie manager
2026-01-27 17:19:23,819 WARN o.a.j.p.h.s.HTTPSamplerBase: Existing CookieManager HTTP cookie manager superseded by HTTP cookie manager
2026-01-27 17:19:23,850 WARN o.a.j.p.h.s.HTTPSamplerBase: Existing CookieManager HTTP cookie manager superseded by HTTP cookie manager
2026-01-27 17:19:23,863 WARN o.a.j.p.h.s.HTTPSamplerBase: Existing CookieManager HTTP cookie manager superseded by HTTP cookie manager
2026-01-27 17:19:23,906 WARN o.a.j.p.h.s.HTTPSamplerBase: Existing CookieManager HTTP cookie manager superseded by HTTP cookie manager
2026-01-27 17:19:23,919 WARN o.a.j.p.h.s.HTTPSamplerBase: Existing CookieManager HTTP cookie manager superseded by HTTP cookie manager
2026-01-27 17:19:23,920 WARN o.a.j.p.h.s.HTTPSamplerBase: Existing CookieManager HTTP cookie manager superseded by HTTP cookie manager
2026-01-27 17:19:23,921 WARN o.a.j.p.h.s.HTTPSamplerBase: Existing CookieManager HTTP cookie manager superseded by HTTP cookie manager
2026-01-27 17:19:23,951 WARN o.a.j.p.h.s.HTTPSamplerBase: Existing CookieManager HTTP cookie manager superseded by HTTP cookie manager
2026-01-27 17:19:23,975 WARN o.a.j.p.h.s.HTTPSamplerBase: Existing CookieManager HTTP cookie manager superseded by HTTP cookie manager
2026-01-27 17:19:24,024 WARN o.a.j.p.h.s.HTTPSamplerBase: Existing CookieManager HTTP cookie manager superseded by HTTP cookie manager
2026-01-27 17:19:24,034 WARN o.a.j.p.h.s.HTTPSamplerBase: Existing CookieManager HTTP cookie manager superseded by HTTP cookie manager
2026-01-27 17:19:24,035 WARN o.a.j.p.h.s.HTTPSamplerBase: Existing CookieManager HTTP cookie manager superseded by HTTP cookie manager
2026-01-27 17:19:24,054 WARN o.a.j.p.h.s.HTTPSamplerBase: Existing CookieManager HTTP cookie manager superseded by HTTP cookie manager
2026-01-27 17:19:24,117 WARN o.a.j.p.h.s.HTTPSamplerBase: Existing CookieManager HTTP cookie manager superseded by HTTP cookie manager
2026-01-27 17:19:24,125 WARN o.a.j.p.h.s.HTTPSamplerBase: Existing CookieManager HTTP cookie manager superseded by HTTP cookie manager
2026-01-27 17:19:24,154 WARN o.a.j.p.h.s.HTTPSamplerBase: Existing CookieManager HTTP cookie manager superseded by HTTP cookie manager
2026-01-27 17:19:24,199 WARN o.a.j.p.h.s.HTTPSamplerBase: Existing CookieManager HTTP cookie manager superseded by HTTP cookie manager
2026-01-27 17:19:24,200 WARN o.a.j.p.h.s.HTTPSamplerBase: Existing CookieManager HTTP cookie manager superseded by HTTP cookie manager
2026-01-27 17:19:24,238 WARN o.a.j.p.h.s.HTTPSamplerBase: Existing CookieManager HTTP cookie manager superseded by HTTP cookie manager
2026-01-27 17:19:24,278 WARN o.a.j.p.h.s.HTTPSamplerBase: Existing CookieManager HTTP cookie manager superseded by HTTP cookie manager
2026-01-27 17:19:24,287 WARN o.a.j.p.h.s.HTTPSamplerBase: Existing CookieManager HTTP cookie manager superseded by HTTP cookie manager
2026-01-27 17:19:24,334 WARN o.a.j.p.h.s.HTTPSamplerBase: Existing CookieManager HTTP cookie manager superseded by HTTP cookie manager
2026-01-27 17:19:24,357 WARN o.a.j.p.h.s.HTTPSamplerBase: Existing CookieManager HTTP cookie manager superseded by HTTP cookie manager
2026-01-27 17:19:24,369 WARN o.a.j.p.h.s.HTTPSamplerBase: Existing CookieManager HTTP cookie manager superseded by HTTP cookie manager
2026-01-27 17:19:24,398 WARN o.a.j.p.h.s.HTTPSamplerBase: Existing CookieManager HTTP cookie manager superseded by HTTP cookie manager
2026-01-27 17:19:24,400 WARN o.a.j.p.h.s.HTTPSamplerBase: Existing CookieManager HTTP cookie manager superseded by HTTP cookie manager
2026-01-27 17:19:24,435 WARN o.a.j.p.h.s.HTTPSamplerBase: Existing CookieManager HTTP cookie manager superseded by HTTP cookie manager
2026-01-27 17:19:24,447 WARN o.a.j.p.h.s.HTTPSamplerBase: Existing CookieManager HTTP cookie manager superseded by HTTP cookie manager
2026-01-27 17:19:24,447 WARN o.a.j.p.h.s.HTTPSamplerBase: Existing CookieManager HTTP cookie manager superseded by HTTP cookie manager
2026-01-27 17:19:24,475 WARN o.a.j.p.h.s.HTTPSamplerBase: Existing CookieManager HTTP cookie manager superseded by HTTP cookie manager
2026-01-27 17:19:24,512 WARN o.a.j.p.h.s.HTTPSamplerBase: Existing CookieManager HTTP cookie manager superseded by HTTP cookie manager
2026-01-27 17:19:24,555 WARN o.a.j.p.h.s.HTTPSamplerBase: Existing CookieManager HTTP cookie manager superseded by HTTP cookie manager
2026-01-27 17:19:24,582 WARN o.a.j.p.h.s.HTTPSamplerBase: Existing CookieManager HTTP cookie manager superseded by HTTP cookie manager
2026-01-27 17:19:24,583 WARN o.a.j.p.h.s.HTTPSamplerBase: Existing CookieManager HTTP cookie manager superseded by HTTP cookie manager
2026-01-27 17:19:24,598 WARN o.a.j.p.h.s.HTTPSamplerBase: Existing CookieManager HTTP cookie manager superseded by HTTP cookie manager
2026-01-27 17:19:24,654 WARN o.a.j.p.h.s.HTTPSamplerBase: Existing CookieManager HTTP cookie manager superseded by HTTP cookie manager
2026-01-27 17:19:24,700 WARN o.a.j.p.h.s.HTTPSamplerBase: Existing CookieManager HTTP cookie manager superseded by HTTP cookie manager
2026-01-27 17:19:24,701 WARN o.a.j.p.h.s.HTTPSamplerBase: Existing CookieManager HTTP cookie manager superseded by HTTP cookie manager
2026-01-27 17:19:24,743 WARN o.a.j.p.h.s.HTTPSamplerBase: Existing CookieManager HTTP cookie manager superseded by HTTP cookie manager
2026-01-27 17:19:24,794 WARN o.a.j.p.h.s.HTTPSamplerBase: Existing CookieManager HTTP cookie manager superseded by HTTP cookie manager
2026-01-27 17:19:24,834 WARN o.a.j.p.h.s.HTTPSamplerBase: Existing CookieManager HTTP cookie manager superseded by HTTP cookie manager
2026-01-27 17:19:24,840 WARN o.a.j.p.h.s.HTTPSamplerBase: Existing CookieManager HTTP cookie manager superseded by HTTP cookie manager
2026-01-27 17:19:24,841 WARN o.a.j.p.h.s.HTTPSamplerBase: Existing CookieManager HTTP cookie manager superseded by HTTP cookie manager
2026-01-27 17:19:24,877 WARN o.a.j.p.h.s.HTTPSamplerBase: Existing CookieManager HTTP cookie manager superseded by HTTP cookie manager
2026-01-27 17:19:24,917 WARN o.a.j.p.h.s.HTTPSamplerBase: Existing CookieManager HTTP cookie manager superseded by HTTP cookie manager
2026-01-27 17:19:24,937 WARN o.a.j.p.h.s.HTTPSamplerBase: Existing CookieManager HTTP cookie manager superseded by HTTP cookie manager
2026-01-27 17:19:24,974 WARN o.a.j.p.h.s.HTTPSamplerBase: Existing CookieManager HTTP cookie manager superseded by HTTP cookie manager
2026-01-27 17:19:24,989 WARN o.a.j.p.h.s.HTTPSamplerBase: Existing CookieManager HTTP cookie manager superseded by HTTP cookie manager
2026-01-27 17:19:25,050 WARN o.a.j.p.h.s.HTTPSamplerBase: Existing CookieManager HTTP cookie manager superseded by HTTP cookie manager
2026-01-27 17:19:25,158 WARN o.a.j.p.h.s.HTTPSamplerBase: Existing CookieManager HTTP cookie manager superseded by HTTP cookie manager
2026-01-27 17:19:25,162 WARN o.a.j.p.h.s.HTTPSamplerBase: Existing CookieManager HTTP cookie manager superseded by HTTP cookie manager
2026-01-27 17:19:25,191 WARN o.a.j.p.h.s.HTTPSamplerBase: Existing CookieManager HTTP cookie manager superseded by HTTP cookie manager
2026-01-27 17:19:25,269 WARN o.a.j.p.h.s.HTTPSamplerBase: Existing CookieManager HTTP cookie manager superseded by HTTP cookie manager
2026-01-27 17:19:25,260 WARN o.a.j.p.h.s.HTTPSamplerBase: Existing CookieManager HTTP cookie manager superseded by HTTP cookie manager
2026-01-27 17:19:25,249 WARN o.a.j.p.h.s.HTTPSamplerBase: Existing CookieManager HTTP cookie manager superseded by HTTP cookie manager
2026-01-27 17:19:25,249 WARN o.a.j.p.h.s.HTTPSamplerBase: Existing CookieManager HTTP cookie manager superseded by HTTP cookie manager
2026-01-27 17:19:25,231 WARN o.a.j.p.h.s.HTTPSamplerBase: Existing CookieManager HTTP cookie manager superseded by HTTP cookie manager
2026-01-27 17:19:25,231 WARN o.a.j.p.h.s.HTTPSamplerBase: Existing CookieManager HTTP cookie manager superseded by HTTP cookie manager
2026-01-27 17:19:25,194 WARN o.a.j.p.h.s.HTTPSamplerBase: Existing CookieManager HTTP cookie manager superseded by HTTP cookie manager
2026-01-27 17:19:25,302 WARN o.a.j.p.h.s.HTTPSamplerBase: Existing CookieManager HTTP cookie manager superseded by HTTP cookie manager
2026-01-27 17:19:25,321 WARN o.a.j.p.h.s.HTTPSamplerBase: Existing CookieManager HTTP cookie manager superseded by HTTP cookie manager
2026-01-27 17:19:25,330 WARN o.a.j.p.h.s.HTTPSamplerBase: Existing CookieManager HTTP cookie manager superseded by HTTP cookie manager
2026-01-27 17:19:25,334 WARN o.a.j.p.h.s.HTTPSamplerBase: Existing CookieManager HTTP cookie manager superseded by HTTP cookie manager
2026-01-27 17:19:25,349 WARN o.a.j.p.h.s.HTTPSamplerBase: Existing CookieManager HTTP cookie manager superseded by HTTP cookie manager
2026-01-27 17:19:25,383 WARN o.a.j.p.h.s.HTTPSamplerBase: Existing CookieManager HTTP cookie manager superseded by HTTP cookie manager
2026-01-27 17:19:25,384 WARN o.a.j.p.h.s.HTTPSamplerBase: Existing CookieManager HTTP cookie manager superseded by HTTP cookie manager
2026-01-27 17:19:25,385 WARN o.a.j.p.h.s.HTTPSamplerBase: Existing CookieManager HTTP cookie manager superseded by HTTP cookie manager
2026-01-27 17:19:25,388 WARN o.a.j.p.h.s.HTTPSamplerBase: Existing CookieManager HTTP cookie manager superseded by HTTP cookie manager
2026-01-27 17:19:25,410 WARN o.a.j.p.h.s.HTTPSamplerBase: Existing CookieManager HTTP cookie manager superseded by HTTP cookie manager
2026-01-27 17:19:25,416 WARN o.a.j.p.h.s.HTTPSamplerBase: Existing CookieManager HTTP cookie manager superseded by HTTP cookie manager
2026-01-27 17:19:25,419 WARN o.a.j.p.h.s.HTTPSamplerBase: Existing CookieManager HTTP cookie manager superseded by HTTP cookie manager
2026-01-27 17:19:25,436 WARN o.a.j.p.h.s.HTTPSamplerBase: Existing CookieManager HTTP cookie manager superseded by HTTP cookie manager
2026-01-27 17:19:25,437 WARN o.a.j.p.h.s.HTTPSamplerBase: Existing CookieManager HTTP cookie manager superseded by HTTP cookie manager
2026-01-27 17:19:25,543 WARN o.a.j.p.h.s.HTTPSamplerBase: Existing CookieManager HTTP cookie manager superseded by HTTP cookie manager
2026-01-27 17:19:25,571 WARN o.a.j.p.h.s.HTTPSamplerBase: Existing CookieManager HTTP cookie manager superseded by HTTP cookie manager
2026-01-27 17:19:25,619 WARN o.a.j.p.h.s.HTTPSamplerBase: Existing CookieManager HTTP cookie manager superseded by HTTP cookie manager
2026-01-27 17:19:25,619 WARN o.a.j.p.h.s.HTTPSamplerBase: Existing CookieManager HTTP cookie manager superseded by HTTP cookie manager
2026-01-27 17:19:25,625 WARN o.a.j.p.h.s.HTTPSamplerBase: Existing CookieManager HTTP cookie manager superseded by HTTP cookie manager
2026-01-27 17:19:25,659 WARN o.a.j.p.h.s.HTTPSamplerBase: Existing CookieManager HTTP cookie manager superseded by HTTP cookie manager
2026-01-27 17:19:25,686 WARN o.a.j.p.h.s.HTTPSamplerBase: Existing CookieManager HTTP cookie manager superseded by HTTP cookie manager
2026-01-27 17:19:25,702 WARN o.a.j.p.h.s.HTTPSamplerBase: Existing CookieManager HTTP cookie manager superseded by HTTP cookie manager
2026-01-27 17:19:25,703 WARN o.a.j.p.h.s.HTTPSamplerBase: Existing CookieManager HTTP cookie manager superseded by HTTP cookie manager
2026-01-27 17:19:25,718 WARN o.a.j.p.h.s.HTTPSamplerBase: Existing CookieManager HTTP cookie manager superseded by HTTP cookie manager
2026-01-27 17:19:25,818 WARN o.a.j.p.h.s.HTTPSamplerBase: Existing CookieManager HTTP cookie manager superseded by HTTP cookie manager
2026-01-27 17:19:25,822 WARN o.a.j.p.h.s.HTTPSamplerBase: Existing CookieManager HTTP cookie manager superseded by HTTP cookie manager
2026-01-27 17:19:25,850 WARN o.a.j.p.h.s.HTTPSamplerBase: Existing CookieManager HTTP cookie manager superseded by HTTP cookie manager
2026-01-27 17:19:25,871 WARN o.a.j.p.h.s.HTTPSamplerBase: Existing CookieManager HTTP cookie manager superseded by HTTP cookie manager
2026-01-27 17:19:25,899 WARN o.a.j.p.h.s.HTTPSamplerBase: Existing CookieManager HTTP cookie manager superseded by HTTP cookie manager
2026-01-27 17:19:25,915 WARN o.a.j.p.h.s.HTTPSamplerBase: Existing CookieManager HTTP cookie manager superseded by HTTP cookie manager
2026-01-27 17:19:25,970 WARN o.a.j.p.h.s.HTTPSamplerBase: Existing CookieManager HTTP cookie manager superseded by HTTP cookie manager
2026-01-27 17:19:25,972 WARN o.a.j.p.h.s.HTTPSamplerBase: Existing CookieManager HTTP cookie manager superseded by HTTP cookie manager
2026-01-27 17:19:26,011 WARN o.a.j.p.h.s.HTTPSamplerBase: Existing CookieManager HTTP cookie manager superseded by HTTP cookie manager
2026-01-27 17:19:26,021 WARN o.a.j.p.h.s.HTTPSamplerBase: Existing CookieManager HTTP cookie manager superseded by HTTP cookie manager
2026-01-27 17:19:26,227 WARN o.a.j.p.h.s.HTTPSamplerBase: Existing CookieManager HTTP cookie manager superseded by HTTP cookie manager
2026-01-27 17:19:26,244 WARN o.a.j.p.h.s.HTTPSamplerBase: Existing CookieManager HTTP cookie manager superseded by HTTP cookie manager
2026-01-27 17:19:26,248 WARN o.a.j.p.h.s.HTTPSamplerBase: Existing CookieManager HTTP cookie manager superseded by HTTP cookie manager
2026-01-27 17:19:26,250 WARN o.a.j.p.h.s.HTTPSamplerBase: Existing CookieManager HTTP cookie manager superseded by HTTP cookie manager
2026-01-27 17:19:26,273 WARN o.a.j.p.h.s.HTTPSamplerBase: Existing CookieManager HTTP cookie manager superseded by HTTP cookie manager
2026-01-27 17:19:26,273 WARN o.a.j.p.h.s.HTTPSamplerBase: Existing CookieManager HTTP cookie manager superseded by HTTP cookie manager
2026-01-27 17:19:26,282 WARN o.a.j.p.h.s.HTTPSamplerBase: Existing CookieManager HTTP cookie manager superseded by HTTP cookie manager
2026-01-27 17:19:26,283 WARN o.a.j.p.h.s.HTTPSamplerBase: Existing CookieManager HTTP cookie manager superseded by HTTP cookie manager
2026-01-27 17:19:26,283 WARN o.a.j.p.h.s.HTTPSamplerBase: Existing CookieManager HTTP cookie manager superseded by HTTP cookie manager
2026-01-27 17:19:26,285 WARN o.a.j.p.h.s.HTTPSamplerBase: Existing CookieManager HTTP cookie manager superseded by HTTP cookie manager
2026-01-27 17:19:26,318 WARN o.a.j.p.h.s.HTTPSamplerBase: Existing CookieManager HTTP cookie manager superseded by HTTP cookie manager
2026-01-27 17:19:26,345 WARN o.a.j.p.h.s.HTTPSamplerBase: Existing CookieManager HTTP cookie manager superseded by HTTP cookie manager
2026-01-27 17:19:26,359 WARN o.a.j.p.h.s.HTTPSamplerBase: Existing CookieManager HTTP cookie manager superseded by HTTP cookie manager
2026-01-27 17:19:26,385 WARN o.a.j.p.h.s.HTTPSamplerBase: Existing CookieManager HTTP cookie manager superseded by HTTP cookie manager
2026-01-27 17:19:26,385 WARN o.a.j.p.h.s.HTTPSamplerBase: Existing CookieManager HTTP cookie manager superseded by HTTP cookie manager
2026-01-27 17:19:26,391 WARN o.a.j.p.h.s.HTTPSamplerBase: Existing CookieManager HTTP cookie manager superseded by HTTP cookie manager
2026-01-27 17:19:26,429 WARN o.a.j.p.h.s.HTTPSamplerBase: Existing CookieManager HTTP cookie manager superseded by HTTP cookie manager
2026-01-27 17:19:26,452 WARN o.a.j.p.h.s.HTTPSamplerBase: Existing CookieManager HTTP cookie manager superseded by HTTP cookie manager
2026-01-27 17:19:26,464 WARN o.a.j.p.h.s.HTTPSamplerBase: Existing CookieManager HTTP cookie manager superseded by HTTP cookie manager
2026-01-27 17:19:26,467 WARN o.a.j.p.h.s.HTTPSamplerBase: Existing CookieManager HTTP cookie manager superseded by HTTP cookie manager
2026-01-27 17:19:26,470 WARN o.a.j.p.h.s.HTTPSamplerBase: Existing CookieManager HTTP cookie manager superseded by HTTP cookie manager
2026-01-27 17:19:26,483 WARN o.a.j.p.h.s.HTTPSamplerBase: Existing CookieManager HTTP cookie manager superseded by HTTP cookie manager
2026-01-27 17:19:26,495 WARN o.a.j.p.h.s.HTTPSamplerBase: Existing CookieManager HTTP cookie manager superseded by HTTP cookie manager
2026-01-27 17:19:26,503 WARN o.a.j.p.h.s.HTTPSamplerBase: Existing CookieManager HTTP cookie manager superseded by HTTP cookie manager
2026-01-27 17:19:26,510 WARN o.a.j.p.h.s.HTTPSamplerBase: Existing CookieManager HTTP cookie manager superseded by HTTP cookie manager
2026-01-27 17:19:26,510 WARN o.a.j.p.h.s.HTTPSamplerBase: Existing CookieManager HTTP cookie manager superseded by HTTP cookie manager
2026-01-27 17:19:26,517 WARN o.a.j.p.h.s.HTTPSamplerBase: Existing CookieManager HTTP cookie manager superseded by HTTP cookie manager
2026-01-27 17:19:26,594 WARN o.a.j.p.h.s.HTTPSamplerBase: Existing CookieManager HTTP cookie manager superseded by HTTP cookie manager
2026-01-27 17:19:26,721 WARN o.a.j.p.h.s.HTTPSamplerBase: Existing CookieManager HTTP cookie manager superseded by HTTP cookie manager
2026-01-27 17:19:26,728 WARN o.a.j.p.h.s.HTTPSamplerBase: Existing CookieManager HTTP cookie manager superseded by HTTP cookie manager
2026-01-27 17:19:26,729 WARN o.a.j.p.h.s.HTTPSamplerBase: Existing CookieManager HTTP cookie manager superseded by HTTP cookie manager
2026-01-27 17:19:26,729 WARN o.a.j.p.h.s.HTTPSamplerBase: Existing CookieManager HTTP cookie manager superseded by HTTP cookie manager
2026-01-27 17:19:26,731 WARN o.a.j.p.h.s.HTTPSamplerBase: Existing CookieManager HTTP cookie manager superseded by HTTP cookie manager
2026-01-27 17:19:26,777 WARN o.a.j.p.h.s.HTTPSamplerBase: Existing CookieManager HTTP cookie manager superseded by HTTP cookie manager
2026-01-27 17:19:26,792 WARN o.a.j.p.h.s.HTTPSamplerBase: Existing CookieManager HTTP cookie manager superseded by HTTP cookie manager
2026-01-27 17:19:26,794 WARN o.a.j.p.h.s.HTTPSamplerBase: Existing CookieManager HTTP cookie manager superseded by HTTP cookie manager
2026-01-27 17:19:26,827 WARN o.a.j.p.h.s.HTTPSamplerBase: Existing CookieManager HTTP cookie manager superseded by HTTP cookie manager
2026-01-27 17:19:26,835 WARN o.a.j.p.h.s.HTTPSamplerBase: Existing CookieManager HTTP cookie manager superseded by HTTP cookie manager
2026-01-27 17:19:27,093 WARN o.a.j.p.h.s.HTTPSamplerBase: Existing CookieManager HTTP cookie manager superseded by HTTP cookie manager
2026-01-27 17:19:27,122 WARN o.a.j.p.h.s.HTTPSamplerBase: Existing CookieManager HTTP cookie manager superseded by HTTP cookie manager
2026-01-27 17:19:27,142 WARN o.a.j.p.h.s.HTTPSamplerBase: Existing CookieManager HTTP cookie manager superseded by HTTP cookie manager
2026-01-27 17:19:27,150 WARN o.a.j.p.h.s.HTTPSamplerBase: Existing CookieManager HTTP cookie manager superseded by HTTP cookie manager
2026-01-27 17:19:27,154 WARN o.a.j.p.h.s.HTTPSamplerBase: Existing CookieManager HTTP cookie manager superseded by HTTP cookie manager
2026-01-27 17:19:27,163 WARN o.a.j.p.h.s.HTTPSamplerBase: Existing CookieManager HTTP cookie manager superseded by HTTP cookie manager
2026-01-27 17:19:27,163 WARN o.a.j.p.h.s.HTTPSamplerBase: Existing CookieManager HTTP cookie manager superseded by HTTP cookie manager
2026-01-27 17:19:27,165 WARN o.a.j.p.h.s.HTTPSamplerBase: Existing CookieManager HTTP cookie manager superseded by HTTP cookie manager
2026-01-27 17:19:27,165 WARN o.a.j.p.h.s.HTTPSamplerBase: Existing CookieManager HTTP cookie manager superseded by HTTP cookie manager
2026-01-27 17:19:27,167 WARN o.a.j.p.h.s.HTTPSamplerBase: Existing CookieManager HTTP cookie manager superseded by HTTP cookie manager
2026-01-27 17:19:27,177 WARN o.a.j.p.h.s.HTTPSamplerBase: Existing CookieManager HTTP cookie manager superseded by HTTP cookie manager
2026-01-27 17:19:27,201 WARN o.a.j.p.h.s.HTTPSamplerBase: Existing CookieManager HTTP cookie manager superseded by HTTP cookie manager
2026-01-27 17:19:27,208 WARN o.a.j.p.h.s.HTTPSamplerBase: Existing CookieManager HTTP cookie manager superseded by HTTP cookie manager
2026-01-27 17:19:27,229 WARN o.a.j.p.h.s.HTTPSamplerBase: Existing CookieManager HTTP cookie manager superseded by HTTP cookie manager
2026-01-27 17:19:27,271 WARN o.a.j.p.h.s.HTTPSamplerBase: Existing CookieManager HTTP cookie manager superseded by HTTP cookie manager
2026-01-27 17:19:27,276 WARN o.a.j.p.h.s.HTTPSamplerBase: Existing CookieManager HTTP cookie manager superseded by HTTP cookie manager
2026-01-27 17:19:27,319 WARN o.a.j.p.h.s.HTTPSamplerBase: Existing CookieManager HTTP cookie manager superseded by HTTP cookie manager
2026-01-27 17:19:27,325 WARN o.a.j.p.h.s.HTTPSamplerBase: Existing CookieManager HTTP cookie manager superseded by HTTP cookie manager
2026-01-27 17:19:27,336 WARN o.a.j.p.h.s.HTTPSamplerBase: Existing CookieManager HTTP cookie manager superseded by HTTP cookie manager
2026-01-27 17:19:27,352 WARN o.a.j.p.h.s.HTTPSamplerBase: Existing CookieManager HTTP cookie manager superseded by HTTP cookie manager
2026-01-27 17:19:27,361 WARN o.a.j.p.h.s.HTTPSamplerBase: Existing CookieManager HTTP cookie manager superseded by HTTP cookie manager
2026-01-27 17:19:27,406 WARN o.a.j.p.h.s.HTTPSamplerBase: Existing CookieManager HTTP cookie manager superseded by HTTP cookie manager
2026-01-27 17:19:27,498 WARN o.a.j.p.h.s.HTTPSamplerBase: Existing CookieManager HTTP cookie manager superseded by HTTP cookie manager
2026-01-27 17:19:27,509 WARN o.a.j.p.h.s.HTTPSamplerBase: Existing CookieManager HTTP cookie manager superseded by HTTP cookie manager
2026-01-27 17:19:27,525 WARN o.a.j.p.h.s.HTTPSamplerBase: Existing CookieManager HTTP cookie manager superseded by HTTP cookie manager
2026-01-27 17:19:27,586 WARN o.a.j.p.h.s.HTTPSamplerBase: Existing CookieManager HTTP cookie manager superseded by HTTP cookie manager
2026-01-27 17:19:27,597 WARN o.a.j.p.h.s.HTTPSamplerBase: Existing CookieManager HTTP cookie manager superseded by HTTP cookie manager
2026-01-27 17:19:27,619 WARN o.a.j.p.h.s.HTTPSamplerBase: Existing CookieManager HTTP cookie manager superseded by HTTP cookie manager
2026-01-27 17:19:27,653 WARN o.a.j.p.h.s.HTTPSamplerBase: Existing CookieManager HTTP cookie manager superseded by HTTP cookie manager
2026-01-27 17:19:27,658 WARN o.a.j.p.h.s.HTTPSamplerBase: Existing CookieManager HTTP cookie manager superseded by HTTP cookie manager
2026-01-27 17:19:27,674 WARN o.a.j.p.h.s.HTTPSamplerBase: Existing CookieManager HTTP cookie manager superseded by HTTP cookie manager
2026-01-27 17:19:27,697 WARN o.a.j.p.h.s.HTTPSamplerBase: Existing CookieManager HTTP cookie manager superseded by HTTP cookie manager
2026-01-27 17:19:27,702 WARN o.a.j.p.h.s.HTTPSamplerBase: Existing CookieManager HTTP cookie manager superseded by HTTP cookie manager
2026-01-27 17:19:27,720 WARN o.a.j.p.h.s.HTTPSamplerBase: Existing CookieManager HTTP cookie manager superseded by HTTP cookie manager
2026-01-27 17:19:27,727 WARN o.a.j.p.h.s.HTTPSamplerBase: Existing CookieManager HTTP cookie manager superseded by HTTP cookie manager
2026-01-27 17:19:27,773 WARN o.a.j.p.h.s.HTTPSamplerBase: Existing CookieManager HTTP cookie manager superseded by HTTP cookie manager
2026-01-27 17:19:27,773 WARN o.a.j.p.h.s.HTTPSamplerBase: Existing CookieManager HTTP cookie manager superseded by HTTP cookie manager
2026-01-27 17:19:27,788 WARN o.a.j.p.h.s.HTTPSamplerBase: Existing CookieManager HTTP cookie manager superseded by HTTP cookie manager
2026-01-27 17:19:27,799 WARN o.a.j.p.h.s.HTTPSamplerBase: Existing CookieManager HTTP cookie manager superseded by HTTP cookie manager
2026-01-27 17:19:27,826 WARN o.a.j.p.h.s.HTTPSamplerBase: Existing CookieManager HTTP cookie manager superseded by HTTP cookie manager
2026-01-27 17:19:27,855 WARN o.a.j.p.h.s.HTTPSamplerBase: Existing CookieManager HTTP cookie manager superseded by HTTP cookie manager
2026-01-27 17:19:27,855 WARN o.a.j.p.h.s.HTTPSamplerBase: Existing CookieManager HTTP cookie manager superseded by HTTP cookie manager
2026-01-27 17:19:27,861 WARN o.a.j.p.h.s.HTTPSamplerBase: Existing CookieManager HTTP cookie manager superseded by HTTP cookie manager
2026-01-27 17:19:27,872 WARN o.a.j.p.h.s.HTTPSamplerBase: Existing CookieManager HTTP cookie manager superseded by HTTP cookie manager
2026-01-27 17:19:27,923 WARN o.a.j.p.h.s.HTTPSamplerBase: Existing CookieManager HTTP cookie manager superseded by HTTP cookie manager
2026-01-27 17:19:27,995 WARN o.a.j.p.h.s.HTTPSamplerBase: Existing CookieManager HTTP cookie manager superseded by HTTP cookie manager
2026-01-27 17:19:28,031 WARN o.a.j.p.h.s.HTTPSamplerBase: Existing CookieManager HTTP cookie manager superseded by HTTP cookie manager
2026-01-27 17:19:28,046 WARN o.a.j.p.h.s.HTTPSamplerBase: Existing CookieManager HTTP cookie manager superseded by HTTP cookie manager
2026-01-27 17:19:28,069 WARN o.a.j.p.h.s.HTTPSamplerBase: Existing CookieManager HTTP cookie manager superseded by HTTP cookie manager
2026-01-27 17:19:28,107 WARN o.a.j.p.h.s.HTTPSamplerBase: Existing CookieManager HTTP cookie manager superseded by HTTP cookie manager
2026-01-27 17:19:28,108 WARN o.a.j.p.h.s.HTTPSamplerBase: Existing CookieManager HTTP cookie manager superseded by HTTP cookie manager
2026-01-27 17:19:28,134 WARN o.a.j.p.h.s.HTTPSamplerBase: Existing CookieManager HTTP cookie manager superseded by HTTP cookie manager
2026-01-27 17:19:28,154 WARN o.a.j.p.h.s.HTTPSamplerBase: Existing CookieManager HTTP cookie manager superseded by HTTP cookie manager
2026-01-27 17:19:28,209 WARN o.a.j.p.h.s.HTTPSamplerBase: Existing CookieManager HTTP cookie manager superseded by HTTP cookie manager
2026-01-27 17:19:28,296 WARN o.a.j.p.h.s.HTTPSamplerBase: Existing CookieManager HTTP cookie manager superseded by HTTP cookie manager
2026-01-27 17:19:28,329 WARN o.a.j.p.h.s.HTTPSamplerBase: Existing CookieManager HTTP cookie manager superseded by HTTP cookie manager
2026-01-27 17:19:28,330 WARN o.a.j.p.h.s.HTTPSamplerBase: Existing CookieManager HTTP cookie manager superseded by HTTP cookie manager
2026-01-27 17:19:28,334 WARN o.a.j.p.h.s.HTTPSamplerBase: Existing CookieManager HTTP cookie manager superseded by HTTP cookie manager
2026-01-27 17:19:28,358 WARN o.a.j.p.h.s.HTTPSamplerBase: Existing CookieManager HTTP cookie manager superseded by HTTP cookie manager
2026-01-27 17:19:28,372 WARN o.a.j.p.h.s.HTTPSamplerBase: Existing CookieManager HTTP cookie manager superseded by HTTP cookie manager
2026-01-27 17:19:28,400 WARN o.a.j.p.h.s.HTTPSamplerBase: Existing CookieManager HTTP cookie manager superseded by HTTP cookie manager
2026-01-27 17:19:28,406 WARN o.a.j.p.h.s.HTTPSamplerBase: Existing CookieManager HTTP cookie manager superseded by HTTP cookie manager
2026-01-27 17:19:28,440 WARN o.a.j.p.h.s.HTTPSamplerBase: Existing CookieManager HTTP cookie manager superseded by HTTP cookie manager
2026-01-27 17:19:28,452 WARN o.a.j.p.h.s.HTTPSamplerBase: Existing CookieManager HTTP cookie manager superseded by HTTP cookie manager
2026-01-27 17:19:28,526 WARN o.a.j.p.h.s.HTTPSamplerBase: Existing CookieManager HTTP cookie manager superseded by HTTP cookie manager
2026-01-27 17:19:28,542 WARN o.a.j.p.h.s.HTTPSamplerBase: Existing CookieManager HTTP cookie manager superseded by HTTP cookie manager
2026-01-27 17:19:28,587 WARN o.a.j.p.h.s.HTTPSamplerBase: Existing CookieManager HTTP cookie manager superseded by HTTP cookie manager
2026-01-27 17:19:28,613 WARN o.a.j.p.h.s.HTTPSamplerBase: Existing CookieManager HTTP cookie manager superseded by HTTP cookie manager
2026-01-27 17:19:28,621 WARN o.a.j.p.h.s.HTTPSamplerBase: Existing CookieManager HTTP cookie manager superseded by HTTP cookie manager
2026-01-27 17:19:28,635 WARN o.a.j.p.h.s.HTTPSamplerBase: Existing CookieManager HTTP cookie manager superseded by HTTP cookie manager
2026-01-27 17:19:28,658 WARN o.a.j.p.h.s.HTTPSamplerBase: Existing CookieManager HTTP cookie manager superseded by HTTP cookie manager
2026-01-27 17:19:28,659 WARN o.a.j.p.h.s.HTTPSamplerBase: Existing CookieManager HTTP cookie manager superseded by HTTP cookie manager
2026-01-27 17:19:28,663 WARN o.a.j.p.h.s.HTTPSamplerBase: Existing CookieManager HTTP cookie manager superseded by HTTP cookie manager
2026-01-27 17:19:28,704 WARN o.a.j.p.h.s.HTTPSamplerBase: Existing CookieManager HTTP cookie manager superseded by HTTP cookie manager
2026-01-27 17:19:28,739 WARN o.a.j.p.h.s.HTTPSamplerBase: Existing CookieManager HTTP cookie manager superseded by HTTP cookie manager
2026-01-27 17:19:28,745 WARN o.a.j.p.h.s.HTTPSamplerBase: Existing CookieManager HTTP cookie manager superseded by HTTP cookie manager
2026-01-27 17:19:28,747 WARN o.a.j.p.h.s.HTTPSamplerBase: Existing CookieManager HTTP cookie manager superseded by HTTP cookie manager
2026-01-27 17:19:28,757 WARN o.a.j.p.h.s.HTTPSamplerBase: Existing CookieManager HTTP cookie manager superseded by HTTP cookie manager
2026-01-27 17:19:28,776 WARN o.a.j.p.h.s.HTTPSamplerBase: Existing CookieManager HTTP cookie manager superseded by HTTP cookie manager
2026-01-27 17:19:28,784 WARN o.a.j.p.h.s.HTTPSamplerBase: Existing CookieManager HTTP cookie manager superseded by HTTP cookie manager
2026-01-27 17:19:28,852 WARN o.a.j.p.h.s.HTTPSamplerBase: Existing CookieManager HTTP cookie manager superseded by HTTP cookie manager
2026-01-27 17:19:28,874 WARN o.a.j.p.h.s.HTTPSamplerBase: Existing CookieManager HTTP cookie manager superseded by HTTP cookie manager
2026-01-27 17:19:28,876 WARN o.a.j.p.h.s.HTTPSamplerBase: Existing CookieManager HTTP cookie manager superseded by HTTP cookie manager
2026-01-27 17:19:28,885 WARN o.a.j.p.h.s.HTTPSamplerBase: Existing CookieManager HTTP cookie manager superseded by HTTP cookie manager
2026-01-27 17:19:28,886 WARN o.a.j.p.h.s.HTTPSamplerBase: Existing CookieManager HTTP cookie manager superseded by HTTP cookie manager
2026-01-27 17:19:28,929 WARN o.a.j.p.h.s.HTTPSamplerBase: Existing CookieManager HTTP cookie manager superseded by HTTP cookie manager
2026-01-27 17:19:28,950 WARN o.a.j.p.h.s.HTTPSamplerBase: Existing CookieManager HTTP cookie manager superseded by HTTP cookie manager
2026-01-27 17:19:28,955 WARN o.a.j.p.h.s.HTTPSamplerBase: Existing CookieManager HTTP cookie manager superseded by HTTP cookie manager
2026-01-27 17:19:28,994 WARN o.a.j.p.h.s.HTTPSamplerBase: Existing CookieManager HTTP cookie manager superseded by HTTP cookie manager
2026-01-27 17:19:29,008 WARN o.a.j.p.h.s.HTTPSamplerBase: Existing CookieManager HTTP cookie manager superseded by HTTP cookie manager
2026-01-27 17:19:29,026 WARN o.a.j.p.h.s.HTTPSamplerBase: Existing CookieManager HTTP cookie manager superseded by HTTP cookie manager
2026-01-27 17:19:29,072 WARN o.a.j.p.h.s.HTTPSamplerBase: Existing CookieManager HTTP cookie manager superseded by HTTP cookie manager
2026-01-27 17:19:29,087 WARN o.a.j.p.h.s.HTTPSamplerBase: Existing CookieManager HTTP cookie manager superseded by HTTP cookie manager
2026-01-27 17:19:29,092 WARN o.a.j.p.h.s.HTTPSamplerBase: Existing CookieManager HTTP cookie manager superseded by HTTP cookie manager
2026-01-27 17:19:29,108 WARN o.a.j.p.h.s.HTTPSamplerBase: Existing CookieManager HTTP cookie manager superseded by HTTP cookie manager
2026-01-27 17:19:29,150 WARN o.a.j.p.h.s.HTTPSamplerBase: Existing CookieManager HTTP cookie manager superseded by HTTP cookie manager
2026-01-27 17:19:29,184 WARN o.a.j.p.h.s.HTTPSamplerBase: Existing CookieManager HTTP cookie manager superseded by HTTP cookie manager
2026-01-27 17:19:29,228 WARN o.a.j.p.h.s.HTTPSamplerBase: Existing CookieManager HTTP cookie manager superseded by HTTP cookie manager
2026-01-27 17:19:29,235 WARN o.a.j.p.h.s.HTTPSamplerBase: Existing CookieManager HTTP cookie manager superseded by HTTP cookie manager
2026-01-27 17:19:29,236 WARN o.a.j.p.h.s.HTTPSamplerBase: Existing CookieManager HTTP cookie manager superseded by HTTP cookie manager
2026-01-27 17:19:29,243 WARN o.a.j.p.h.s.HTTPSamplerBase: Existing CookieManager HTTP cookie manager superseded by HTTP cookie manager
2026-01-27 17:19:29,243 WARN o.a.j.p.h.s.HTTPSamplerBase: Existing CookieManager HTTP cookie manager superseded by HTTP cookie manager
2026-01-27 17:19:29,247 WARN o.a.j.p.h.s.HTTPSamplerBase: Existing CookieManager HTTP cookie manager superseded by HTTP cookie manager
2026-01-27 17:19:29,275 WARN o.a.j.p.h.s.HTTPSamplerBase: Existing CookieManager HTTP cookie manager superseded by HTTP cookie manager
2026-01-27 17:19:29,426 WARN o.a.j.p.h.s.HTTPSamplerBase: Existing CookieManager HTTP cookie manager superseded by HTTP cookie manager
2026-01-27 17:19:29,412 WARN o.a.j.p.h.s.HTTPSamplerBase: Existing CookieManager HTTP cookie manager superseded by HTTP cookie manager
2026-01-27 17:19:29,382 WARN o.a.j.p.h.s.HTTPSamplerBase: Existing CookieManager HTTP cookie manager superseded by HTTP cookie manager
2026-01-27 17:19:29,372 WARN o.a.j.p.h.s.HTTPSamplerBase: Existing CookieManager HTTP cookie manager superseded by HTTP cookie manager
2026-01-27 17:19:29,368 WARN o.a.j.p.h.s.HTTPSamplerBase: Existing CookieManager HTTP cookie manager superseded by HTTP cookie manager
2026-01-27 17:19:29,350 WARN o.a.j.p.h.s.HTTPSamplerBase: Existing CookieManager HTTP cookie manager superseded by HTTP cookie manager
2026-01-27 17:19:29,345 WARN o.a.j.p.h.s.HTTPSamplerBase: Existing CookieManager HTTP cookie manager superseded by HTTP cookie manager
2026-01-27 17:19:29,339 WARN o.a.j.p.h.s.HTTPSamplerBase: Existing CookieManager HTTP cookie manager superseded by HTTP cookie manager
2026-01-27 17:19:29,322 WARN o.a.j.p.h.s.HTTPSamplerBase: Existing CookieManager HTTP cookie manager superseded by HTTP cookie manager
2026-01-27 17:19:29,308 WARN o.a.j.p.h.s.HTTPSamplerBase: Existing CookieManager HTTP cookie manager superseded by HTTP cookie manager
2026-01-27 17:19:29,308 WARN o.a.j.p.h.s.HTTPSamplerBase: Existing CookieManager HTTP cookie manager superseded by HTTP cookie manager
2026-01-27 17:19:29,288 WARN o.a.j.p.h.s.HTTPSamplerBase: Existing CookieManager HTTP cookie manager superseded by HTTP cookie manager
2026-01-27 17:19:29,519 WARN o.a.j.p.h.s.HTTPSamplerBase: Existing CookieManager HTTP cookie manager superseded by HTTP cookie manager
2026-01-27 17:19:29,538 WARN o.a.j.p.h.s.HTTPSamplerBase: Existing CookieManager HTTP cookie manager superseded by HTTP cookie manager
2026-01-27 17:19:29,594 WARN o.a.j.p.h.s.HTTPSamplerBase: Existing CookieManager HTTP cookie manager superseded by HTTP cookie manager
2026-01-27 17:19:29,616 WARN o.a.j.p.h.s.HTTPSamplerBase: Existing CookieManager HTTP cookie manager superseded by HTTP cookie manager
2026-01-27 17:19:29,654 WARN o.a.j.p.h.s.HTTPSamplerBase: Existing CookieManager HTTP cookie manager superseded by HTTP cookie manager
2026-01-27 17:19:29,666 WARN o.a.j.p.h.s.HTTPSamplerBase: Existing CookieManager HTTP cookie manager superseded by HTTP cookie manager
2026-01-27 17:19:29,710 WARN o.a.j.p.h.s.HTTPSamplerBase: Existing CookieManager HTTP cookie manager superseded by HTTP cookie manager
2026-01-27 17:19:29,724 WARN o.a.j.p.h.s.HTTPSamplerBase: Existing CookieManager HTTP cookie manager superseded by HTTP cookie manager
2026-01-27 17:19:29,747 WARN o.a.j.p.h.s.HTTPSamplerBase: Existing CookieManager HTTP cookie manager superseded by HTTP cookie manager
2026-01-27 17:19:29,750 WARN o.a.j.p.h.s.HTTPSamplerBase: Existing CookieManager HTTP cookie manager superseded by HTTP cookie manager
2026-01-27 17:19:29,769 WARN o.a.j.p.h.s.HTTPSamplerBase: Existing CookieManager HTTP cookie manager superseded by HTTP cookie manager
2026-01-27 17:19:29,811 WARN o.a.j.p.h.s.HTTPSamplerBase: Existing CookieManager HTTP cookie manager superseded by HTTP cookie manager
2026-01-27 17:19:29,844 WARN o.a.j.p.h.s.HTTPSamplerBase: Existing CookieManager HTTP cookie manager superseded by HTTP cookie manager
2026-01-27 17:19:29,876 WARN o.a.j.p.h.s.HTTPSamplerBase: Existing CookieManager HTTP cookie manager superseded by HTTP cookie manager
2026-01-27 17:19:29,905 WARN o.a.j.p.h.s.HTTPSamplerBase: Existing CookieManager HTTP cookie manager superseded by HTTP cookie manager
2026-01-27 17:19:29,918 WARN o.a.j.p.h.s.HTTPSamplerBase: Existing CookieManager HTTP cookie manager superseded by HTTP cookie manager
2026-01-27 17:19:29,924 WARN o.a.j.p.h.s.HTTPSamplerBase: Existing CookieManager HTTP cookie manager superseded by HTTP cookie manager
2026-01-27 17:19:29,930 WARN o.a.j.p.h.s.HTTPSamplerBase: Existing CookieManager HTTP cookie manager superseded by HTTP cookie manager
2026-01-27 17:19:29,934 WARN o.a.j.p.h.s.HTTPSamplerBase: Existing CookieManager HTTP cookie manager superseded by HTTP cookie manager
2026-01-27 17:19:29,947 WARN o.a.j.p.h.s.HTTPSamplerBase: Existing CookieManager HTTP cookie manager superseded by HTTP cookie manager
2026-01-27 17:19:29,978 WARN o.a.j.p.h.s.HTTPSamplerBase: Existing CookieManager HTTP cookie manager superseded by HTTP cookie manager
2026-01-27 17:19:30,001 INFO o.a.j.r.Summariser: summary +  18934 in 00:00:30 =  631.2/s Avg:   480 Min:     7 Max:  4538 Err:     4 (0.02%) Active: 500 Started: 500 Finished: 0
2026-01-27 17:19:30,002 INFO o.a.j.r.Summariser: summary =  47023 in 00:01:19 =  592.5/s Avg:   473 Min:     3 Max:  5815 Err:    28 (0.06%)
2026-01-27 17:19:30,475 WARN o.a.j.p.h.s.HTTPSamplerBase: Existing CookieManager HTTP cookie manager superseded by HTTP cookie manager
2026-01-27 17:19:30,509 WARN o.a.j.p.h.s.HTTPSamplerBase: Existing CookieManager HTTP cookie manager superseded by HTTP cookie manager
2026-01-27 17:19:30,593 WARN o.a.j.p.h.s.HTTPSamplerBase: Existing CookieManager HTTP cookie manager superseded by HTTP cookie manager
2026-01-27 17:19:30,596 WARN o.a.j.p.h.s.HTTPSamplerBase: Existing CookieManager HTTP cookie manager superseded by HTTP cookie manager
2026-01-27 17:19:30,597 WARN o.a.j.p.h.s.HTTPSamplerBase: Existing CookieManager HTTP cookie manager superseded by HTTP cookie manager
2026-01-27 17:19:30,604 WARN o.a.j.p.h.s.HTTPSamplerBase: Existing CookieManager HTTP cookie manager superseded by HTTP cookie manager
2026-01-27 17:19:30,614 WARN o.a.j.p.h.s.HTTPSamplerBase: Existing CookieManager HTTP cookie manager superseded by HTTP cookie manager
2026-01-27 17:19:30,632 WARN o.a.j.p.h.s.HTTPSamplerBase: Existing CookieManager HTTP cookie manager superseded by HTTP cookie manager
2026-01-27 17:19:30,875 WARN o.a.j.p.h.s.HTTPSamplerBase: Existing CookieManager HTTP cookie manager superseded by HTTP cookie manager
2026-01-27 17:19:30,875 WARN o.a.j.p.h.s.HTTPSamplerBase: Existing CookieManager HTTP cookie manager superseded by HTTP cookie manager
2026-01-27 17:19:31,146 WARN o.a.j.p.h.s.HTTPSamplerBase: Existing CookieManager HTTP cookie manager superseded by HTTP cookie manager
2026-01-27 17:19:31,151 WARN o.a.j.p.h.s.HTTPSamplerBase: Existing CookieManager HTTP cookie manager superseded by HTTP cookie manager
2026-01-27 17:19:31,154 WARN o.a.j.p.h.s.HTTPSamplerBase: Existing CookieManager HTTP cookie manager superseded by HTTP cookie manager
2026-01-27 17:19:31,155 WARN o.a.j.p.h.s.HTTPSamplerBase: Existing CookieManager HTTP cookie manager superseded by HTTP cookie manager
2026-01-27 17:19:31,155 WARN o.a.j.p.h.s.HTTPSamplerBase: Existing CookieManager HTTP cookie manager superseded by HTTP cookie manager
2026-01-27 17:19:31,157 WARN o.a.j.p.h.s.HTTPSamplerBase: Existing CookieManager HTTP cookie manager superseded by HTTP cookie manager
2026-01-27 17:19:31,157 WARN o.a.j.p.h.s.HTTPSamplerBase: Existing CookieManager HTTP cookie manager superseded by HTTP cookie manager
2026-01-27 17:19:31,158 WARN o.a.j.p.h.s.HTTPSamplerBase: Existing CookieManager HTTP cookie manager superseded by HTTP cookie manager
2026-01-27 17:19:31,158 WARN o.a.j.p.h.s.HTTPSamplerBase: Existing CookieManager HTTP cookie manager superseded by HTTP cookie manager
2026-01-27 17:19:31,158 WARN o.a.j.p.h.s.HTTPSamplerBase: Existing CookieManager HTTP cookie manager superseded by HTTP cookie manager
2026-01-27 17:19:31,167 WARN o.a.j.p.h.s.HTTPSamplerBase: Existing CookieManager HTTP cookie manager superseded by HTTP cookie manager
2026-01-27 17:19:31,171 WARN o.a.j.p.h.s.HTTPSamplerBase: Existing CookieManager HTTP cookie manager superseded by HTTP cookie manager
2026-01-27 17:19:31,171 WARN o.a.j.p.h.s.HTTPSamplerBase: Existing CookieManager HTTP cookie manager superseded by HTTP cookie manager
2026-01-27 17:19:31,174 WARN o.a.j.p.h.s.HTTPSamplerBase: Existing CookieManager HTTP cookie manager superseded by HTTP cookie manager
2026-01-27 17:19:31,178 WARN o.a.j.p.h.s.HTTPSamplerBase: Existing CookieManager HTTP cookie manager superseded by HTTP cookie manager
2026-01-27 17:19:31,178 WARN o.a.j.p.h.s.HTTPSamplerBase: Existing CookieManager HTTP cookie manager superseded by HTTP cookie manager
2026-01-27 17:19:31,180 WARN o.a.j.p.h.s.HTTPSamplerBase: Existing CookieManager HTTP cookie manager superseded by HTTP cookie manager
2026-01-27 17:19:31,198 WARN o.a.j.p.h.s.HTTPSamplerBase: Existing CookieManager HTTP cookie manager superseded by HTTP cookie manager
2026-01-27 17:19:31,226 WARN o.a.j.p.h.s.HTTPSamplerBase: Existing CookieManager HTTP cookie manager superseded by HTTP cookie manager
2026-01-27 17:19:31,226 WARN o.a.j.p.h.s.HTTPSamplerBase: Existing CookieManager HTTP cookie manager superseded by HTTP cookie manager
2026-01-27 17:19:31,233 WARN o.a.j.p.h.s.HTTPSamplerBase: Existing CookieManager HTTP cookie manager superseded by HTTP cookie manager
2026-01-27 17:19:31,233 WARN o.a.j.p.h.s.HTTPSamplerBase: Existing CookieManager HTTP cookie manager superseded by HTTP cookie manager
2026-01-27 17:19:31,233 WARN o.a.j.p.h.s.HTTPSamplerBase: Existing CookieManager HTTP cookie manager superseded by HTTP cookie manager
2026-01-27 17:19:31,233 WARN o.a.j.p.h.s.HTTPSamplerBase: Existing CookieManager HTTP cookie manager superseded by HTTP cookie manager
2026-01-27 17:19:31,415 WARN o.a.j.p.h.s.HTTPSamplerBase: Existing CookieManager HTTP cookie manager superseded by HTTP cookie manager
2026-01-27 17:19:31,442 WARN o.a.j.p.h.s.HTTPSamplerBase: Existing CookieManager HTTP cookie manager superseded by HTTP cookie manager
2026-01-27 17:19:31,444 WARN o.a.j.p.h.s.HTTPSamplerBase: Existing CookieManager HTTP cookie manager superseded by HTTP cookie manager
2026-01-27 17:19:31,504 WARN o.a.j.p.h.s.HTTPSamplerBase: Existing CookieManager HTTP cookie manager superseded by HTTP cookie manager
2026-01-27 17:19:31,508 WARN o.a.j.p.h.s.HTTPSamplerBase: Existing CookieManager HTTP cookie manager superseded by HTTP cookie manager
2026-01-27 17:19:31,509 WARN o.a.j.p.h.s.HTTPSamplerBase: Existing CookieManager HTTP cookie manager superseded by HTTP cookie manager
2026-01-27 17:19:31,542 WARN o.a.j.p.h.s.HTTPSamplerBase: Existing CookieManager HTTP cookie manager superseded by HTTP cookie manager
2026-01-27 17:19:31,544 WARN o.a.j.p.h.s.HTTPSamplerBase: Existing CookieManager HTTP cookie manager superseded by HTTP cookie manager
2026-01-27 17:19:31,549 WARN o.a.j.p.h.s.HTTPSamplerBase: Existing CookieManager HTTP cookie manager superseded by HTTP cookie manager
2026-01-27 17:19:31,549 WARN o.a.j.p.h.s.HTTPSamplerBase: Existing CookieManager HTTP cookie manager superseded by HTTP cookie manager
2026-01-27 17:19:31,552 WARN o.a.j.p.h.s.HTTPSamplerBase: Existing CookieManager HTTP cookie manager superseded by HTTP cookie manager
2026-01-27 17:19:31,552 WARN o.a.j.p.h.s.HTTPSamplerBase: Existing CookieManager HTTP cookie manager superseded by HTTP cookie manager
2026-01-27 17:19:31,552 WARN o.a.j.p.h.s.HTTPSamplerBase: Existing CookieManager HTTP cookie manager superseded by HTTP cookie manager
2026-01-27 17:19:31,553 WARN o.a.j.p.h.s.HTTPSamplerBase: Existing CookieManager HTTP cookie manager superseded by HTTP cookie manager
2026-01-27 17:19:31,554 WARN o.a.j.p.h.s.HTTPSamplerBase: Existing CookieManager HTTP cookie manager superseded by HTTP cookie manager
2026-01-27 17:19:31,554 WARN o.a.j.p.h.s.HTTPSamplerBase: Existing CookieManager HTTP cookie manager superseded by HTTP cookie manager
2026-01-27 17:19:31,554 WARN o.a.j.p.h.s.HTTPSamplerBase: Existing CookieManager HTTP cookie manager superseded by HTTP cookie manager
2026-01-27 17:19:31,556 WARN o.a.j.p.h.s.HTTPSamplerBase: Existing CookieManager HTTP cookie manager superseded by HTTP cookie manager
2026-01-27 17:19:31,559 WARN o.a.j.p.h.s.HTTPSamplerBase: Existing CookieManager HTTP cookie manager superseded by HTTP cookie manager
2026-01-27 17:19:31,563 WARN o.a.j.p.h.s.HTTPSamplerBase: Existing CookieManager HTTP cookie manager superseded by HTTP cookie manager
2026-01-27 17:19:31,565 WARN o.a.j.p.h.s.HTTPSamplerBase: Existing CookieManager HTTP cookie manager superseded by HTTP cookie manager
2026-01-27 17:19:31,581 WARN o.a.j.p.h.s.HTTPSamplerBase: Existing CookieManager HTTP cookie manager superseded by HTTP cookie manager
2026-01-27 17:19:31,587 WARN o.a.j.p.h.s.HTTPSamplerBase: Existing CookieManager HTTP cookie manager superseded by HTTP cookie manager
2026-01-27 17:19:31,594 WARN o.a.j.p.h.s.HTTPSamplerBase: Existing CookieManager HTTP cookie manager superseded by HTTP cookie manager
2026-01-27 17:19:31,595 WARN o.a.j.p.h.s.HTTPSamplerBase: Existing CookieManager HTTP cookie manager superseded by HTTP cookie manager
2026-01-27 17:19:31,595 WARN o.a.j.p.h.s.HTTPSamplerBase: Existing CookieManager HTTP cookie manager superseded by HTTP cookie manager
2026-01-27 17:19:31,596 WARN o.a.j.p.h.s.HTTPSamplerBase: Existing CookieManager HTTP cookie manager superseded by HTTP cookie manager
2026-01-27 17:19:31,602 WARN o.a.j.p.h.s.HTTPSamplerBase: Existing CookieManager HTTP cookie manager superseded by HTTP cookie manager
2026-01-27 17:19:31,603 WARN o.a.j.p.h.s.HTTPSamplerBase: Existing CookieManager HTTP cookie manager superseded by HTTP cookie manager
2026-01-27 17:19:31,603 WARN o.a.j.p.h.s.HTTPSamplerBase: Existing CookieManager HTTP cookie manager superseded by HTTP cookie manager
2026-01-27 17:19:31,603 WARN o.a.j.p.h.s.HTTPSamplerBase: Existing CookieManager HTTP cookie manager superseded by HTTP cookie manager
2026-01-27 17:19:31,608 WARN o.a.j.p.h.s.HTTPSamplerBase: Existing CookieManager HTTP cookie manager superseded by HTTP cookie manager
2026-01-27 17:19:31,611 WARN o.a.j.p.h.s.HTTPSamplerBase: Existing CookieManager HTTP cookie manager superseded by HTTP cookie manager
2026-01-27 17:19:31,612 WARN o.a.j.p.h.s.HTTPSamplerBase: Existing CookieManager HTTP cookie manager superseded by HTTP cookie manager
2026-01-27 17:19:31,613 WARN o.a.j.p.h.s.HTTPSamplerBase: Existing CookieManager HTTP cookie manager superseded by HTTP cookie manager
2026-01-27 17:19:31,613 WARN o.a.j.p.h.s.HTTPSamplerBase: Existing CookieManager HTTP cookie manager superseded by HTTP cookie manager
2026-01-27 17:19:31,614 WARN o.a.j.p.h.s.HTTPSamplerBase: Existing CookieManager HTTP cookie manager superseded by HTTP cookie manager
2026-01-27 17:19:31,614 WARN o.a.j.p.h.s.HTTPSamplerBase: Existing CookieManager HTTP cookie manager superseded by HTTP cookie manager
2026-01-27 17:19:31,616 WARN o.a.j.p.h.s.HTTPSamplerBase: Existing CookieManager HTTP cookie manager superseded by HTTP cookie manager
2026-01-27 17:19:31,618 WARN o.a.j.p.h.s.HTTPSamplerBase: Existing CookieManager HTTP cookie manager superseded by HTTP cookie manager
2026-01-27 17:19:31,620 WARN o.a.j.p.h.s.HTTPSamplerBase: Existing CookieManager HTTP cookie manager superseded by HTTP cookie manager
2026-01-27 17:19:31,623 WARN o.a.j.p.h.s.HTTPSamplerBase: Existing CookieManager HTTP cookie manager superseded by HTTP cookie manager
2026-01-27 17:19:31,640 WARN o.a.j.p.h.s.HTTPSamplerBase: Existing CookieManager HTTP cookie manager superseded by HTTP cookie manager
2026-01-27 17:19:31,647 WARN o.a.j.p.h.s.HTTPSamplerBase: Existing CookieManager HTTP cookie manager superseded by HTTP cookie manager
2026-01-27 17:19:31,660 WARN o.a.j.p.h.s.HTTPSamplerBase: Existing CookieManager HTTP cookie manager superseded by HTTP cookie manager
2026-01-27 17:19:31,674 WARN o.a.j.p.h.s.HTTPSamplerBase: Existing CookieManager HTTP cookie manager superseded by HTTP cookie manager
2026-01-27 17:19:31,722 WARN o.a.j.p.h.s.HTTPSamplerBase: Existing CookieManager HTTP cookie manager superseded by HTTP cookie manager
2026-01-27 17:19:31,726 WARN o.a.j.p.h.s.HTTPSamplerBase: Existing CookieManager HTTP cookie manager superseded by HTTP cookie manager
2026-01-27 17:19:31,736 WARN o.a.j.p.h.s.HTTPSamplerBase: Existing CookieManager HTTP cookie manager superseded by HTTP cookie manager
2026-01-27 17:19:31,765 WARN o.a.j.p.h.s.HTTPSamplerBase: Existing CookieManager HTTP cookie manager superseded by HTTP cookie manager
2026-01-27 17:19:31,815 WARN o.a.j.p.h.s.HTTPSamplerBase: Existing CookieManager HTTP cookie manager superseded by HTTP cookie manager
2026-01-27 17:19:31,865 WARN o.a.j.p.h.s.HTTPSamplerBase: Existing CookieManager HTTP cookie manager superseded by HTTP cookie manager
2026-01-27 17:19:31,910 WARN o.a.j.p.h.s.HTTPSamplerBase: Existing CookieManager HTTP cookie manager superseded by HTTP cookie manager
2026-01-27 17:19:31,918 WARN o.a.j.p.h.s.HTTPSamplerBase: Existing CookieManager HTTP cookie manager superseded by HTTP cookie manager
2026-01-27 17:19:31,934 WARN o.a.j.p.h.s.HTTPSamplerBase: Existing CookieManager HTTP cookie manager superseded by HTTP cookie manager
2026-01-27 17:19:31,953 WARN o.a.j.p.h.s.HTTPSamplerBase: Existing CookieManager HTTP cookie manager superseded by HTTP cookie manager
2026-01-27 17:19:31,956 WARN o.a.j.p.h.s.HTTPSamplerBase: Existing CookieManager HTTP cookie manager superseded by HTTP cookie manager
2026-01-27 17:19:32,009 WARN o.a.j.p.h.s.HTTPSamplerBase: Existing CookieManager HTTP cookie manager superseded by HTTP cookie manager
2026-01-27 17:19:32,104 WARN o.a.j.p.h.s.HTTPSamplerBase: Existing CookieManager HTTP cookie manager superseded by HTTP cookie manager
2026-01-27 17:19:32,100 WARN o.a.j.p.h.s.HTTPSamplerBase: Existing CookieManager HTTP cookie manager superseded by HTTP cookie manager
2026-01-27 17:19:32,084 WARN o.a.j.p.h.s.HTTPSamplerBase: Existing CookieManager HTTP cookie manager superseded by HTTP cookie manager
2026-01-27 17:19:32,083 WARN o.a.j.p.h.s.HTTPSamplerBase: Existing CookieManager HTTP cookie manager superseded by HTTP cookie manager
2026-01-27 17:19:32,081 WARN o.a.j.p.h.s.HTTPSamplerBase: Existing CookieManager HTTP cookie manager superseded by HTTP cookie manager
2026-01-27 17:19:32,081 WARN o.a.j.p.h.s.HTTPSamplerBase: Existing CookieManager HTTP cookie manager superseded by HTTP cookie manager
2026-01-27 17:19:32,080 WARN o.a.j.p.h.s.HTTPSamplerBase: Existing CookieManager HTTP cookie manager superseded by HTTP cookie manager
2026-01-27 17:19:32,080 WARN o.a.j.p.h.s.HTTPSamplerBase: Existing CookieManager HTTP cookie manager superseded by HTTP cookie manager
2026-01-27 17:19:32,080 WARN o.a.j.p.h.s.HTTPSamplerBase: Existing CookieManager HTTP cookie manager superseded by HTTP cookie manager
2026-01-27 17:19:32,080 WARN o.a.j.p.h.s.HTTPSamplerBase: Existing CookieManager HTTP cookie manager superseded by HTTP cookie manager
2026-01-27 17:19:32,145 WARN o.a.j.p.h.s.HTTPSamplerBase: Existing CookieManager HTTP cookie manager superseded by HTTP cookie manager
2026-01-27 17:19:32,237 WARN o.a.j.p.h.s.HTTPSamplerBase: Existing CookieManager HTTP cookie manager superseded by HTTP cookie manager
2026-01-27 17:19:32,320 WARN o.a.j.p.h.s.HTTPSamplerBase: Existing CookieManager HTTP cookie manager superseded by HTTP cookie manager
2026-01-27 17:19:32,327 WARN o.a.j.p.h.s.HTTPSamplerBase: Existing CookieManager HTTP cookie manager superseded by HTTP cookie manager
2026-01-27 17:19:32,344 WARN o.a.j.p.h.s.HTTPSamplerBase: Existing CookieManager HTTP cookie manager superseded by HTTP cookie manager
2026-01-27 17:19:32,882 WARN o.a.j.p.h.s.HTTPSamplerBase: Existing CookieManager HTTP cookie manager superseded by HTTP cookie manager
2026-01-27 17:19:32,902 WARN o.a.j.p.h.s.HTTPSamplerBase: Existing CookieManager HTTP cookie manager superseded by HTTP cookie manager
2026-01-27 17:19:32,903 WARN o.a.j.p.h.s.HTTPSamplerBase: Existing CookieManager HTTP cookie manager superseded by HTTP cookie manager
2026-01-27 17:19:32,959 WARN o.a.j.p.h.s.HTTPSamplerBase: Existing CookieManager HTTP cookie manager superseded by HTTP cookie manager
2026-01-27 17:19:32,966 WARN o.a.j.p.h.s.HTTPSamplerBase: Existing CookieManager HTTP cookie manager superseded by HTTP cookie manager
2026-01-27 17:19:32,984 WARN o.a.j.p.h.s.HTTPSamplerBase: Existing CookieManager HTTP cookie manager superseded by HTTP cookie manager
2026-01-27 17:19:32,994 WARN o.a.j.p.h.s.HTTPSamplerBase: Existing CookieManager HTTP cookie manager superseded by HTTP cookie manager
2026-01-27 17:19:32,995 WARN o.a.j.p.h.s.HTTPSamplerBase: Existing CookieManager HTTP cookie manager superseded by HTTP cookie manager
2026-01-27 17:19:32,997 WARN o.a.j.p.h.s.HTTPSamplerBase: Existing CookieManager HTTP cookie manager superseded by HTTP cookie manager
2026-01-27 17:19:33,001 WARN o.a.j.p.h.s.HTTPSamplerBase: Existing CookieManager HTTP cookie manager superseded by HTTP cookie manager
2026-01-27 17:19:33,012 WARN o.a.j.p.h.s.HTTPSamplerBase: Existing CookieManager HTTP cookie manager superseded by HTTP cookie manager
2026-01-27 17:19:33,013 WARN o.a.j.p.h.s.HTTPSamplerBase: Existing CookieManager HTTP cookie manager superseded by HTTP cookie manager
2026-01-27 17:19:33,013 WARN o.a.j.p.h.s.HTTPSamplerBase: Existing CookieManager HTTP cookie manager superseded by HTTP cookie manager
2026-01-27 17:19:33,013 WARN o.a.j.p.h.s.HTTPSamplerBase: Existing CookieManager HTTP cookie manager superseded by HTTP cookie manager
2026-01-27 17:19:33,014 WARN o.a.j.p.h.s.HTTPSamplerBase: Existing CookieManager HTTP cookie manager superseded by HTTP cookie manager
2026-01-27 17:19:33,014 WARN o.a.j.p.h.s.HTTPSamplerBase: Existing CookieManager HTTP cookie manager superseded by HTTP cookie manager
2026-01-27 17:19:33,020 WARN o.a.j.p.h.s.HTTPSamplerBase: Existing CookieManager HTTP cookie manager superseded by HTTP cookie manager
2026-01-27 17:19:33,024 WARN o.a.j.p.h.s.HTTPSamplerBase: Existing CookieManager HTTP cookie manager superseded by HTTP cookie manager
2026-01-27 17:19:33,025 WARN o.a.j.p.h.s.HTTPSamplerBase: Existing CookieManager HTTP cookie manager superseded by HTTP cookie manager
2026-01-27 17:19:33,025 WARN o.a.j.p.h.s.HTTPSamplerBase: Existing CookieManager HTTP cookie manager superseded by HTTP cookie manager
2026-01-27 17:19:33,025 WARN o.a.j.p.h.s.HTTPSamplerBase: Existing CookieManager HTTP cookie manager superseded by HTTP cookie manager
2026-01-27 17:19:33,025 WARN o.a.j.p.h.s.HTTPSamplerBase: Existing CookieManager HTTP cookie manager superseded by HTTP cookie manager
2026-01-27 17:19:33,028 WARN o.a.j.p.h.s.HTTPSamplerBase: Existing CookieManager HTTP cookie manager superseded by HTTP cookie manager
2026-01-27 17:19:33,030 WARN o.a.j.p.h.s.HTTPSamplerBase: Existing CookieManager HTTP cookie manager superseded by HTTP cookie manager
2026-01-27 17:19:33,030 WARN o.a.j.p.h.s.HTTPSamplerBase: Existing CookieManager HTTP cookie manager superseded by HTTP cookie manager
2026-01-27 17:19:33,030 WARN o.a.j.p.h.s.HTTPSamplerBase: Existing CookieManager HTTP cookie manager superseded by HTTP cookie manager
2026-01-27 17:19:33,042 WARN o.a.j.p.h.s.HTTPSamplerBase: Existing CookieManager HTTP cookie manager superseded by HTTP cookie manager
2026-01-27 17:19:33,048 WARN o.a.j.p.h.s.HTTPSamplerBase: Existing CookieManager HTTP cookie manager superseded by HTTP cookie manager
2026-01-27 17:19:33,055 WARN o.a.j.p.h.s.HTTPSamplerBase: Existing CookieManager HTTP cookie manager superseded by HTTP cookie manager
2026-01-27 17:19:33,080 WARN o.a.j.p.h.s.HTTPSamplerBase: Existing CookieManager HTTP cookie manager superseded by HTTP cookie manager
2026-01-27 17:19:33,081 WARN o.a.j.p.h.s.HTTPSamplerBase: Existing CookieManager HTTP cookie manager superseded by HTTP cookie manager
2026-01-27 17:19:33,082 WARN o.a.j.p.h.s.HTTPSamplerBase: Existing CookieManager HTTP cookie manager superseded by HTTP cookie manager
2026-01-27 17:19:33,082 WARN o.a.j.p.h.s.HTTPSamplerBase: Existing CookieManager HTTP cookie manager superseded by HTTP cookie manager
2026-01-27 17:19:33,135 WARN o.a.j.p.h.s.HTTPSamplerBase: Existing CookieManager HTTP cookie manager superseded by HTTP cookie manager
2026-01-27 17:19:33,153 WARN o.a.j.p.h.s.HTTPSamplerBase: Existing CookieManager HTTP cookie manager superseded by HTTP cookie manager
2026-01-27 17:19:33,279 WARN o.a.j.p.h.s.HTTPSamplerBase: Existing CookieManager HTTP cookie manager superseded by HTTP cookie manager
2026-01-27 17:19:33,657 WARN o.a.j.p.h.s.HTTPSamplerBase: Existing CookieManager HTTP cookie manager superseded by HTTP cookie manager
2026-01-27 17:19:33,664 WARN o.a.j.p.h.s.HTTPSamplerBase: Existing CookieManager HTTP cookie manager superseded by HTTP cookie manager
2026-01-27 17:19:33,731 WARN o.a.j.p.h.s.HTTPSamplerBase: Existing CookieManager HTTP cookie manager superseded by HTTP cookie manager
2026-01-27 17:19:33,779 WARN o.a.j.p.h.s.HTTPSamplerBase: Existing CookieManager HTTP cookie manager superseded by HTTP cookie manager
2026-01-27 17:19:33,779 WARN o.a.j.p.h.s.HTTPSamplerBase: Existing CookieManager HTTP cookie manager superseded by HTTP cookie manager
2026-01-27 17:19:33,780 WARN o.a.j.p.h.s.HTTPSamplerBase: Existing CookieManager HTTP cookie manager superseded by HTTP cookie manager
2026-01-27 17:19:33,788 WARN o.a.j.p.h.s.HTTPSamplerBase: Existing CookieManager HTTP cookie manager superseded by HTTP cookie manager
2026-01-27 17:19:33,789 WARN o.a.j.p.h.s.HTTPSamplerBase: Existing CookieManager HTTP cookie manager superseded by HTTP cookie manager
2026-01-27 17:19:33,790 WARN o.a.j.p.h.s.HTTPSamplerBase: Existing CookieManager HTTP cookie manager superseded by HTTP cookie manager
2026-01-27 17:19:33,795 WARN o.a.j.p.h.s.HTTPSamplerBase: Existing CookieManager HTTP cookie manager superseded by HTTP cookie manager
2026-01-27 17:19:33,803 WARN o.a.j.p.h.s.HTTPSamplerBase: Existing CookieManager HTTP cookie manager superseded by HTTP cookie manager
2026-01-27 17:19:33,808 WARN o.a.j.p.h.s.HTTPSamplerBase: Existing CookieManager HTTP cookie manager superseded by HTTP cookie manager
2026-01-27 17:19:33,810 WARN o.a.j.p.h.s.HTTPSamplerBase: Existing CookieManager HTTP cookie manager superseded by HTTP cookie manager
2026-01-27 17:19:33,815 WARN o.a.j.p.h.s.HTTPSamplerBase: Existing CookieManager HTTP cookie manager superseded by HTTP cookie manager
2026-01-27 17:19:33,817 WARN o.a.j.p.h.s.HTTPSamplerBase: Existing CookieManager HTTP cookie manager superseded by HTTP cookie manager
2026-01-27 17:19:33,817 WARN o.a.j.p.h.s.HTTPSamplerBase: Existing CookieManager HTTP cookie manager superseded by HTTP cookie manager
2026-01-27 17:19:33,820 WARN o.a.j.p.h.s.HTTPSamplerBase: Existing CookieManager HTTP cookie manager superseded by HTTP cookie manager
2026-01-27 17:19:33,832 WARN o.a.j.p.h.s.HTTPSamplerBase: Existing CookieManager HTTP cookie manager superseded by HTTP cookie manager
2026-01-27 17:19:33,835 WARN o.a.j.p.h.s.HTTPSamplerBase: Existing CookieManager HTTP cookie manager superseded by HTTP cookie manager
2026-01-27 17:19:33,835 WARN o.a.j.p.h.s.HTTPSamplerBase: Existing CookieManager HTTP cookie manager superseded by HTTP cookie manager
2026-01-27 17:19:33,839 WARN o.a.j.p.h.s.HTTPSamplerBase: Existing CookieManager HTTP cookie manager superseded by HTTP cookie manager
2026-01-27 17:19:33,840 WARN o.a.j.p.h.s.HTTPSamplerBase: Existing CookieManager HTTP cookie manager superseded by HTTP cookie manager
2026-01-27 17:19:33,875 WARN o.a.j.p.h.s.HTTPSamplerBase: Existing CookieManager HTTP cookie manager superseded by HTTP cookie manager
2026-01-27 17:19:33,877 WARN o.a.j.p.h.s.HTTPSamplerBase: Existing CookieManager HTTP cookie manager superseded by HTTP cookie manager
2026-01-27 17:19:33,893 WARN o.a.j.p.h.s.HTTPSamplerBase: Existing CookieManager HTTP cookie manager superseded by HTTP cookie manager
2026-01-27 17:19:33,919 WARN o.a.j.p.h.s.HTTPSamplerBase: Existing CookieManager HTTP cookie manager superseded by HTTP cookie manager
2026-01-27 17:19:33,926 WARN o.a.j.p.h.s.HTTPSamplerBase: Existing CookieManager HTTP cookie manager superseded by HTTP cookie manager
2026-01-27 17:19:33,931 WARN o.a.j.p.h.s.HTTPSamplerBase: Existing CookieManager HTTP cookie manager superseded by HTTP cookie manager
2026-01-27 17:19:33,954 WARN o.a.j.p.h.s.HTTPSamplerBase: Existing CookieManager HTTP cookie manager superseded by HTTP cookie manager
2026-01-27 17:19:33,956 WARN o.a.j.p.h.s.HTTPSamplerBase: Existing CookieManager HTTP cookie manager superseded by HTTP cookie manager
2026-01-27 17:19:34,003 WARN o.a.j.p.h.s.HTTPSamplerBase: Existing CookieManager HTTP cookie manager superseded by HTTP cookie manager
2026-01-27 17:19:34,011 WARN o.a.j.p.h.s.HTTPSamplerBase: Existing CookieManager HTTP cookie manager superseded by HTTP cookie manager
2026-01-27 17:19:34,079 WARN o.a.j.p.h.s.HTTPSamplerBase: Existing CookieManager HTTP cookie manager superseded by HTTP cookie manager
2026-01-27 17:19:34,111 WARN o.a.j.p.h.s.HTTPSamplerBase: Existing CookieManager HTTP cookie manager superseded by HTTP cookie manager
2026-01-27 17:19:34,113 WARN o.a.j.p.h.s.HTTPSamplerBase: Existing CookieManager HTTP cookie manager superseded by HTTP cookie manager
2026-01-27 17:19:34,116 WARN o.a.j.p.h.s.HTTPSamplerBase: Existing CookieManager HTTP cookie manager superseded by HTTP cookie manager
2026-01-27 17:19:34,176 WARN o.a.j.p.h.s.HTTPSamplerBase: Existing CookieManager HTTP cookie manager superseded by HTTP cookie manager
2026-01-27 17:19:34,183 WARN o.a.j.p.h.s.HTTPSamplerBase: Existing CookieManager HTTP cookie manager superseded by HTTP cookie manager
2026-01-27 17:19:34,224 WARN o.a.j.p.h.s.HTTPSamplerBase: Existing CookieManager HTTP cookie manager superseded by HTTP cookie manager
2026-01-27 17:19:34,267 WARN o.a.j.p.h.s.HTTPSamplerBase: Existing CookieManager HTTP cookie manager superseded by HTTP cookie manager
2026-01-27 17:19:34,297 WARN o.a.j.p.h.s.HTTPSamplerBase: Existing CookieManager HTTP cookie manager superseded by HTTP cookie manager
2026-01-27 17:19:34,303 WARN o.a.j.p.h.s.HTTPSamplerBase: Existing CookieManager HTTP cookie manager superseded by HTTP cookie manager
2026-01-27 17:19:34,357 WARN o.a.j.p.h.s.HTTPSamplerBase: Existing CookieManager HTTP cookie manager superseded by HTTP cookie manager
2026-01-27 17:19:34,381 WARN o.a.j.p.h.s.HTTPSamplerBase: Existing CookieManager HTTP cookie manager superseded by HTTP cookie manager
2026-01-27 17:19:34,417 WARN o.a.j.p.h.s.HTTPSamplerBase: Existing CookieManager HTTP cookie manager superseded by HTTP cookie manager
2026-01-27 17:19:34,425 WARN o.a.j.p.h.s.HTTPSamplerBase: Existing CookieManager HTTP cookie manager superseded by HTTP cookie manager
2026-01-27 17:19:34,444 WARN o.a.j.p.h.s.HTTPSamplerBase: Existing CookieManager HTTP cookie manager superseded by HTTP cookie manager
2026-01-27 17:19:34,482 WARN o.a.j.p.h.s.HTTPSamplerBase: Existing CookieManager HTTP cookie manager superseded by HTTP cookie manager
2026-01-27 17:19:34,548 WARN o.a.j.p.h.s.HTTPSamplerBase: Existing CookieManager HTTP cookie manager superseded by HTTP cookie manager
2026-01-27 17:19:34,704 WARN o.a.j.p.h.s.HTTPSamplerBase: Existing CookieManager HTTP cookie manager superseded by HTTP cookie manager
2026-01-27 17:19:34,707 WARN o.a.j.p.h.s.HTTPSamplerBase: Existing CookieManager HTTP cookie manager superseded by HTTP cookie manager
2026-01-27 17:19:34,707 WARN o.a.j.p.h.s.HTTPSamplerBase: Existing CookieManager HTTP cookie manager superseded by HTTP cookie manager
2026-01-27 17:19:34,707 WARN o.a.j.p.h.s.HTTPSamplerBase: Existing CookieManager HTTP cookie manager superseded by HTTP cookie manager
2026-01-27 17:19:34,707 WARN o.a.j.p.h.s.HTTPSamplerBase: Existing CookieManager HTTP cookie manager superseded by HTTP cookie manager
2026-01-27 17:19:34,725 WARN o.a.j.p.h.s.HTTPSamplerBase: Existing CookieManager HTTP cookie manager superseded by HTTP cookie manager
2026-01-27 17:19:34,747 WARN o.a.j.p.h.s.HTTPSamplerBase: Existing CookieManager HTTP cookie manager superseded by HTTP cookie manager
2026-01-27 17:19:34,751 WARN o.a.j.p.h.s.HTTPSamplerBase: Existing CookieManager HTTP cookie manager superseded by HTTP cookie manager
2026-01-27 17:19:34,761 WARN o.a.j.p.h.s.HTTPSamplerBase: Existing CookieManager HTTP cookie manager superseded by HTTP cookie manager
2026-01-27 17:19:34,769 WARN o.a.j.p.h.s.HTTPSamplerBase: Existing CookieManager HTTP cookie manager superseded by HTTP cookie manager
2026-01-27 17:19:34,772 WARN o.a.j.p.h.s.HTTPSamplerBase: Existing CookieManager HTTP cookie manager superseded by HTTP cookie manager
2026-01-27 17:19:34,775 WARN o.a.j.p.h.s.HTTPSamplerBase: Existing CookieManager HTTP cookie manager superseded by HTTP cookie manager
2026-01-27 17:19:34,815 WARN o.a.j.p.h.s.HTTPSamplerBase: Existing CookieManager HTTP cookie manager superseded by HTTP cookie manager
2026-01-27 17:19:34,835 WARN o.a.j.p.h.s.HTTPSamplerBase: Existing CookieManager HTTP cookie manager superseded by HTTP cookie manager
2026-01-27 17:19:34,837 WARN o.a.j.p.h.s.HTTPSamplerBase: Existing CookieManager HTTP cookie manager superseded by HTTP cookie manager
2026-01-27 17:19:34,888 WARN o.a.j.p.h.s.HTTPSamplerBase: Existing CookieManager HTTP cookie manager superseded by HTTP cookie manager
2026-01-27 17:19:34,932 WARN o.a.j.p.h.s.HTTPSamplerBase: Existing CookieManager HTTP cookie manager superseded by HTTP cookie manager
2026-01-27 17:19:34,954 WARN o.a.j.p.h.s.HTTPSamplerBase: Existing CookieManager HTTP cookie manager superseded by HTTP cookie manager
2026-01-27 17:19:34,959 WARN o.a.j.p.h.s.HTTPSamplerBase: Existing CookieManager HTTP cookie manager superseded by HTTP cookie manager
2026-01-27 17:19:34,976 WARN o.a.j.p.h.s.HTTPSamplerBase: Existing CookieManager HTTP cookie manager superseded by HTTP cookie manager
2026-01-27 17:19:35,031 WARN o.a.j.p.h.s.HTTPSamplerBase: Existing CookieManager HTTP cookie manager superseded by HTTP cookie manager
2026-01-27 17:19:35,037 WARN o.a.j.p.h.s.HTTPSamplerBase: Existing CookieManager HTTP cookie manager superseded by HTTP cookie manager
2026-01-27 17:19:35,056 WARN o.a.j.p.h.s.HTTPSamplerBase: Existing CookieManager HTTP cookie manager superseded by HTTP cookie manager
2026-01-27 17:19:35,069 WARN o.a.j.p.h.s.HTTPSamplerBase: Existing CookieManager HTTP cookie manager superseded by HTTP cookie manager
2026-01-27 17:19:35,086 WARN o.a.j.p.h.s.HTTPSamplerBase: Existing CookieManager HTTP cookie manager superseded by HTTP cookie manager
2026-01-27 17:19:35,095 WARN o.a.j.p.h.s.HTTPSamplerBase: Existing CookieManager HTTP cookie manager superseded by HTTP cookie manager
2026-01-27 17:19:35,119 WARN o.a.j.p.h.s.HTTPSamplerBase: Existing CookieManager HTTP cookie manager superseded by HTTP cookie manager
2026-01-27 17:19:35,156 WARN o.a.j.p.h.s.HTTPSamplerBase: Existing CookieManager HTTP cookie manager superseded by HTTP cookie manager
2026-01-27 17:19:35,177 WARN o.a.j.p.h.s.HTTPSamplerBase: Existing CookieManager HTTP cookie manager superseded by HTTP cookie manager
2026-01-27 17:19:35,252 WARN o.a.j.p.h.s.HTTPSamplerBase: Existing CookieManager HTTP cookie manager superseded by HTTP cookie manager
2026-01-27 17:19:35,268 WARN o.a.j.p.h.s.HTTPSamplerBase: Existing CookieManager HTTP cookie manager superseded by HTTP cookie manager
2026-01-27 17:19:35,273 WARN o.a.j.p.h.s.HTTPSamplerBase: Existing CookieManager HTTP cookie manager superseded by HTTP cookie manager
2026-01-27 17:19:35,281 WARN o.a.j.p.h.s.HTTPSamplerBase: Existing CookieManager HTTP cookie manager superseded by HTTP cookie manager
2026-01-27 17:19:35,310 WARN o.a.j.p.h.s.HTTPSamplerBase: Existing CookieManager HTTP cookie manager superseded by HTTP cookie manager
2026-01-27 17:19:35,327 WARN o.a.j.p.h.s.HTTPSamplerBase: Existing CookieManager HTTP cookie manager superseded by HTTP cookie manager
2026-01-27 17:19:35,332 WARN o.a.j.p.h.s.HTTPSamplerBase: Existing CookieManager HTTP cookie manager superseded by HTTP cookie manager
2026-01-27 17:19:35,335 WARN o.a.j.p.h.s.HTTPSamplerBase: Existing CookieManager HTTP cookie manager superseded by HTTP cookie manager
2026-01-27 17:19:35,337 WARN o.a.j.p.h.s.HTTPSamplerBase: Existing CookieManager HTTP cookie manager superseded by HTTP cookie manager
2026-01-27 17:19:35,354 WARN o.a.j.p.h.s.HTTPSamplerBase: Existing CookieManager HTTP cookie manager superseded by HTTP cookie manager
2026-01-27 17:19:35,365 WARN o.a.j.p.h.s.HTTPSamplerBase: Existing CookieManager HTTP cookie manager superseded by HTTP cookie manager
2026-01-27 17:19:35,377 WARN o.a.j.p.h.s.HTTPSamplerBase: Existing CookieManager HTTP cookie manager superseded by HTTP cookie manager
2026-01-27 17:19:35,384 WARN o.a.j.p.h.s.HTTPSamplerBase: Existing CookieManager HTTP cookie manager superseded by HTTP cookie manager
2026-01-27 17:19:35,389 WARN o.a.j.p.h.s.HTTPSamplerBase: Existing CookieManager HTTP cookie manager superseded by HTTP cookie manager
2026-01-27 17:19:35,401 WARN o.a.j.p.h.s.HTTPSamplerBase: Existing CookieManager HTTP cookie manager superseded by HTTP cookie manager
2026-01-27 17:19:35,402 WARN o.a.j.p.h.s.HTTPSamplerBase: Existing CookieManager HTTP cookie manager superseded by HTTP cookie manager
2026-01-27 17:19:35,444 WARN o.a.j.p.h.s.HTTPSamplerBase: Existing CookieManager HTTP cookie manager superseded by HTTP cookie manager
2026-01-27 17:19:35,466 WARN o.a.j.p.h.s.HTTPSamplerBase: Existing CookieManager HTTP cookie manager superseded by HTTP cookie manager
2026-01-27 17:19:35,487 WARN o.a.j.p.h.s.HTTPSamplerBase: Existing CookieManager HTTP cookie manager superseded by HTTP cookie manager
2026-01-27 17:19:35,489 WARN o.a.j.p.h.s.HTTPSamplerBase: Existing CookieManager HTTP cookie manager superseded by HTTP cookie manager
2026-01-27 17:19:35,491 WARN o.a.j.p.h.s.HTTPSamplerBase: Existing CookieManager HTTP cookie manager superseded by HTTP cookie manager
2026-01-27 17:19:35,530 WARN o.a.j.p.h.s.HTTPSamplerBase: Existing CookieManager HTTP cookie manager superseded by HTTP cookie manager
2026-01-27 17:19:35,541 WARN o.a.j.p.h.s.HTTPSamplerBase: Existing CookieManager HTTP cookie manager superseded by HTTP cookie manager
2026-01-27 17:19:35,560 WARN o.a.j.p.h.s.HTTPSamplerBase: Existing CookieManager HTTP cookie manager superseded by HTTP cookie manager
2026-01-27 17:19:35,566 WARN o.a.j.p.h.s.HTTPSamplerBase: Existing CookieManager HTTP cookie manager superseded by HTTP cookie manager
2026-01-27 17:19:35,573 WARN o.a.j.p.h.s.HTTPSamplerBase: Existing CookieManager HTTP cookie manager superseded by HTTP cookie manager
2026-01-27 17:19:35,580 WARN o.a.j.p.h.s.HTTPSamplerBase: Existing CookieManager HTTP cookie manager superseded by HTTP cookie manager
2026-01-27 17:19:35,586 WARN o.a.j.p.h.s.HTTPSamplerBase: Existing CookieManager HTTP cookie manager superseded by HTTP cookie manager
2026-01-27 17:19:35,588 WARN o.a.j.p.h.s.HTTPSamplerBase: Existing CookieManager HTTP cookie manager superseded by HTTP cookie manager
2026-01-27 17:19:35,590 WARN o.a.j.p.h.s.HTTPSamplerBase: Existing CookieManager HTTP cookie manager superseded by HTTP cookie manager
2026-01-27 17:19:35,607 WARN o.a.j.p.h.s.HTTPSamplerBase: Existing CookieManager HTTP cookie manager superseded by HTTP cookie manager
2026-01-27 17:19:35,608 WARN o.a.j.p.h.s.HTTPSamplerBase: Existing CookieManager HTTP cookie manager superseded by HTTP cookie manager
2026-01-27 17:19:35,622 WARN o.a.j.p.h.s.HTTPSamplerBase: Existing CookieManager HTTP cookie manager superseded by HTTP cookie manager
2026-01-27 17:19:35,624 WARN o.a.j.p.h.s.HTTPSamplerBase: Existing CookieManager HTTP cookie manager superseded by HTTP cookie manager
2026-01-27 17:19:35,638 WARN o.a.j.p.h.s.HTTPSamplerBase: Existing CookieManager HTTP cookie manager superseded by HTTP cookie manager
2026-01-27 17:19:35,685 WARN o.a.j.p.h.s.HTTPSamplerBase: Existing CookieManager HTTP cookie manager superseded by HTTP cookie manager
2026-01-27 17:19:35,697 WARN o.a.j.p.h.s.HTTPSamplerBase: Existing CookieManager HTTP cookie manager superseded by HTTP cookie manager
2026-01-27 17:19:35,698 WARN o.a.j.p.h.s.HTTPSamplerBase: Existing CookieManager HTTP cookie manager superseded by HTTP cookie manager
2026-01-27 17:19:35,737 WARN o.a.j.p.h.s.HTTPSamplerBase: Existing CookieManager HTTP cookie manager superseded by HTTP cookie manager
2026-01-27 17:19:35,740 WARN o.a.j.p.h.s.HTTPSamplerBase: Existing CookieManager HTTP cookie manager superseded by HTTP cookie manager
2026-01-27 17:19:35,748 WARN o.a.j.p.h.s.HTTPSamplerBase: Existing CookieManager HTTP cookie manager superseded by HTTP cookie manager
2026-01-27 17:19:35,751 WARN o.a.j.p.h.s.HTTPSamplerBase: Existing CookieManager HTTP cookie manager superseded by HTTP cookie manager
2026-01-27 17:19:35,778 WARN o.a.j.p.h.s.HTTPSamplerBase: Existing CookieManager HTTP cookie manager superseded by HTTP cookie manager
2026-01-27 17:19:35,782 WARN o.a.j.p.h.s.HTTPSamplerBase: Existing CookieManager HTTP cookie manager superseded by HTTP cookie manager
2026-01-27 17:19:35,788 WARN o.a.j.p.h.s.HTTPSamplerBase: Existing CookieManager HTTP cookie manager superseded by HTTP cookie manager
2026-01-27 17:19:35,800 WARN o.a.j.p.h.s.HTTPSamplerBase: Existing CookieManager HTTP cookie manager superseded by HTTP cookie manager
2026-01-27 17:19:35,855 WARN o.a.j.p.h.s.HTTPSamplerBase: Existing CookieManager HTTP cookie manager superseded by HTTP cookie manager
2026-01-27 17:19:35,891 WARN o.a.j.p.h.s.HTTPSamplerBase: Existing CookieManager HTTP cookie manager superseded by HTTP cookie manager
2026-01-27 17:19:35,918 WARN o.a.j.p.h.s.HTTPSamplerBase: Existing CookieManager HTTP cookie manager superseded by HTTP cookie manager
2026-01-27 17:19:35,927 WARN o.a.j.p.h.s.HTTPSamplerBase: Existing CookieManager HTTP cookie manager superseded by HTTP cookie manager
2026-01-27 17:19:35,929 WARN o.a.j.p.h.s.HTTPSamplerBase: Existing CookieManager HTTP cookie manager superseded by HTTP cookie manager
2026-01-27 17:19:35,949 WARN o.a.j.p.h.s.HTTPSamplerBase: Existing CookieManager HTTP cookie manager superseded by HTTP cookie manager
2026-01-27 17:19:35,949 WARN o.a.j.p.h.s.HTTPSamplerBase: Existing CookieManager HTTP cookie manager superseded by HTTP cookie manager
2026-01-27 17:19:35,956 WARN o.a.j.p.h.s.HTTPSamplerBase: Existing CookieManager HTTP cookie manager superseded by HTTP cookie manager
2026-01-27 17:19:35,962 WARN o.a.j.p.h.s.HTTPSamplerBase: Existing CookieManager HTTP cookie manager superseded by HTTP cookie manager
2026-01-27 17:19:35,970 WARN o.a.j.p.h.s.HTTPSamplerBase: Existing CookieManager HTTP cookie manager superseded by HTTP cookie manager
2026-01-27 17:19:35,974 WARN o.a.j.p.h.s.HTTPSamplerBase: Existing CookieManager HTTP cookie manager superseded by HTTP cookie manager
2026-01-27 17:19:35,981 WARN o.a.j.p.h.s.HTTPSamplerBase: Existing CookieManager HTTP cookie manager superseded by HTTP cookie manager
2026-01-27 17:19:35,987 WARN o.a.j.p.h.s.HTTPSamplerBase: Existing CookieManager HTTP cookie manager superseded by HTTP cookie manager
2026-01-27 17:19:36,014 WARN o.a.j.p.h.s.HTTPSamplerBase: Existing CookieManager HTTP cookie manager superseded by HTTP cookie manager
2026-01-27 17:19:36,025 WARN o.a.j.p.h.s.HTTPSamplerBase: Existing CookieManager HTTP cookie manager superseded by HTTP cookie manager
2026-01-27 17:19:36,037 WARN o.a.j.p.h.s.HTTPSamplerBase: Existing CookieManager HTTP cookie manager superseded by HTTP cookie manager
2026-01-27 17:19:36,047 WARN o.a.j.p.h.s.HTTPSamplerBase: Existing CookieManager HTTP cookie manager superseded by HTTP cookie manager
2026-01-27 17:19:36,053 WARN o.a.j.p.h.s.HTTPSamplerBase: Existing CookieManager HTTP cookie manager superseded by HTTP cookie manager
2026-01-27 17:19:36,115 WARN o.a.j.p.h.s.HTTPSamplerBase: Existing CookieManager HTTP cookie manager superseded by HTTP cookie manager
2026-01-27 17:19:36,116 WARN o.a.j.p.h.s.HTTPSamplerBase: Existing CookieManager HTTP cookie manager superseded by HTTP cookie manager
2026-01-27 17:19:36,166 WARN o.a.j.p.h.s.HTTPSamplerBase: Existing CookieManager HTTP cookie manager superseded by HTTP cookie manager
2026-01-27 17:19:36,171 WARN o.a.j.p.h.s.HTTPSamplerBase: Existing CookieManager HTTP cookie manager superseded by HTTP cookie manager
2026-01-27 17:19:36,210 WARN o.a.j.p.h.s.HTTPSamplerBase: Existing CookieManager HTTP cookie manager superseded by HTTP cookie manager
2026-01-27 17:19:36,250 WARN o.a.j.p.h.s.HTTPSamplerBase: Existing CookieManager HTTP cookie manager superseded by HTTP cookie manager
2026-01-27 17:19:36,251 WARN o.a.j.p.h.s.HTTPSamplerBase: Existing CookieManager HTTP cookie manager superseded by HTTP cookie manager
2026-01-27 17:19:36,252 WARN o.a.j.p.h.s.HTTPSamplerBase: Existing CookieManager HTTP cookie manager superseded by HTTP cookie manager
2026-01-27 17:19:36,257 WARN o.a.j.p.h.s.HTTPSamplerBase: Existing CookieManager HTTP cookie manager superseded by HTTP cookie manager
2026-01-27 17:19:36,267 WARN o.a.j.p.h.s.HTTPSamplerBase: Existing CookieManager HTTP cookie manager superseded by HTTP cookie manager
2026-01-27 17:19:36,314 WARN o.a.j.p.h.s.HTTPSamplerBase: Existing CookieManager HTTP cookie manager superseded by HTTP cookie manager
2026-01-27 17:19:36,371 WARN o.a.j.p.h.s.HTTPSamplerBase: Existing CookieManager HTTP cookie manager superseded by HTTP cookie manager
2026-01-27 17:19:36,380 WARN o.a.j.p.h.s.HTTPSamplerBase: Existing CookieManager HTTP cookie manager superseded by HTTP cookie manager
2026-01-27 17:19:36,383 WARN o.a.j.p.h.s.HTTPSamplerBase: Existing CookieManager HTTP cookie manager superseded by HTTP cookie manager
2026-01-27 17:19:36,393 WARN o.a.j.p.h.s.HTTPSamplerBase: Existing CookieManager HTTP cookie manager superseded by HTTP cookie manager
2026-01-27 17:19:36,400 WARN o.a.j.p.h.s.HTTPSamplerBase: Existing CookieManager HTTP cookie manager superseded by HTTP cookie manager
2026-01-27 17:19:36,405 WARN o.a.j.p.h.s.HTTPSamplerBase: Existing CookieManager HTTP cookie manager superseded by HTTP cookie manager
2026-01-27 17:19:36,427 WARN o.a.j.p.h.s.HTTPSamplerBase: Existing CookieManager HTTP cookie manager superseded by HTTP cookie manager
2026-01-27 17:19:36,450 WARN o.a.j.p.h.s.HTTPSamplerBase: Existing CookieManager HTTP cookie manager superseded by HTTP cookie manager
2026-01-27 17:19:36,533 WARN o.a.j.p.h.s.HTTPSamplerBase: Existing CookieManager HTTP cookie manager superseded by HTTP cookie manager
2026-01-27 17:19:36,575 WARN o.a.j.p.h.s.HTTPSamplerBase: Existing CookieManager HTTP cookie manager superseded by HTTP cookie manager
2026-01-27 17:19:36,633 WARN o.a.j.p.h.s.HTTPSamplerBase: Existing CookieManager HTTP cookie manager superseded by HTTP cookie manager
2026-01-27 17:19:36,634 WARN o.a.j.p.h.s.HTTPSamplerBase: Existing CookieManager HTTP cookie manager superseded by HTTP cookie manager
2026-01-27 17:19:36,650 WARN o.a.j.p.h.s.HTTPSamplerBase: Existing CookieManager HTTP cookie manager superseded by HTTP cookie manager
2026-01-27 17:19:36,668 WARN o.a.j.p.h.s.HTTPSamplerBase: Existing CookieManager HTTP cookie manager superseded by HTTP cookie manager
2026-01-27 17:19:36,668 WARN o.a.j.p.h.s.HTTPSamplerBase: Existing CookieManager HTTP cookie manager superseded by HTTP cookie manager
2026-01-27 17:19:36,750 WARN o.a.j.p.h.s.HTTPSamplerBase: Existing CookieManager HTTP cookie manager superseded by HTTP cookie manager
2026-01-27 17:19:36,764 WARN o.a.j.p.h.s.HTTPSamplerBase: Existing CookieManager HTTP cookie manager superseded by HTTP cookie manager
2026-01-27 17:19:36,772 WARN o.a.j.p.h.s.HTTPSamplerBase: Existing CookieManager HTTP cookie manager superseded by HTTP cookie manager
2026-01-27 17:19:36,794 WARN o.a.j.p.h.s.HTTPSamplerBase: Existing CookieManager HTTP cookie manager superseded by HTTP cookie manager
2026-01-27 17:19:36,827 WARN o.a.j.p.h.s.HTTPSamplerBase: Existing CookieManager HTTP cookie manager superseded by HTTP cookie manager
2026-01-27 17:19:36,838 WARN o.a.j.p.h.s.HTTPSamplerBase: Existing CookieManager HTTP cookie manager superseded by HTTP cookie manager
2026-01-27 17:19:36,846 WARN o.a.j.p.h.s.HTTPSamplerBase: Existing CookieManager HTTP cookie manager superseded by HTTP cookie manager
2026-01-27 17:19:36,859 WARN o.a.j.p.h.s.HTTPSamplerBase: Existing CookieManager HTTP cookie manager superseded by HTTP cookie manager
2026-01-27 17:19:36,918 WARN o.a.j.p.h.s.HTTPSamplerBase: Existing CookieManager HTTP cookie manager superseded by HTTP cookie manager
2026-01-27 17:19:36,951 WARN o.a.j.p.h.s.HTTPSamplerBase: Existing CookieManager HTTP cookie manager superseded by HTTP cookie manager
2026-01-27 17:19:36,959 WARN o.a.j.p.h.s.HTTPSamplerBase: Existing CookieManager HTTP cookie manager superseded by HTTP cookie manager
2026-01-27 17:19:36,970 WARN o.a.j.p.h.s.HTTPSamplerBase: Existing CookieManager HTTP cookie manager superseded by HTTP cookie manager
2026-01-27 17:19:36,974 WARN o.a.j.p.h.s.HTTPSamplerBase: Existing CookieManager HTTP cookie manager superseded by HTTP cookie manager
2026-01-27 17:19:37,028 WARN o.a.j.p.h.s.HTTPSamplerBase: Existing CookieManager HTTP cookie manager superseded by HTTP cookie manager
2026-01-27 17:19:37,043 WARN o.a.j.p.h.s.HTTPSamplerBase: Existing CookieManager HTTP cookie manager superseded by HTTP cookie manager
2026-01-27 17:19:37,058 WARN o.a.j.p.h.s.HTTPSamplerBase: Existing CookieManager HTTP cookie manager superseded by HTTP cookie manager
2026-01-27 17:19:37,072 WARN o.a.j.p.h.s.HTTPSamplerBase: Existing CookieManager HTTP cookie manager superseded by HTTP cookie manager
2026-01-27 17:19:37,074 WARN o.a.j.p.h.s.HTTPSamplerBase: Existing CookieManager HTTP cookie manager superseded by HTTP cookie manager
2026-01-27 17:19:37,153 WARN o.a.j.p.h.s.HTTPSamplerBase: Existing CookieManager HTTP cookie manager superseded by HTTP cookie manager
2026-01-27 17:19:37,158 WARN o.a.j.p.h.s.HTTPSamplerBase: Existing CookieManager HTTP cookie manager superseded by HTTP cookie manager
2026-01-27 17:19:37,160 WARN o.a.j.p.h.s.HTTPSamplerBase: Existing CookieManager HTTP cookie manager superseded by HTTP cookie manager
2026-01-27 17:19:37,162 WARN o.a.j.p.h.s.HTTPSamplerBase: Existing CookieManager HTTP cookie manager superseded by HTTP cookie manager
2026-01-27 17:19:37,185 WARN o.a.j.p.h.s.HTTPSamplerBase: Existing CookieManager HTTP cookie manager superseded by HTTP cookie manager
2026-01-27 17:19:37,308 WARN o.a.j.p.h.s.HTTPSamplerBase: Existing CookieManager HTTP cookie manager superseded by HTTP cookie manager
2026-01-27 17:19:37,312 WARN o.a.j.p.h.s.HTTPSamplerBase: Existing CookieManager HTTP cookie manager superseded by HTTP cookie manager
2026-01-27 17:19:37,313 WARN o.a.j.p.h.s.HTTPSamplerBase: Existing CookieManager HTTP cookie manager superseded by HTTP cookie manager
2026-01-27 17:19:37,378 WARN o.a.j.p.h.s.HTTPSamplerBase: Existing CookieManager HTTP cookie manager superseded by HTTP cookie manager
2026-01-27 17:19:37,389 WARN o.a.j.p.h.s.HTTPSamplerBase: Existing CookieManager HTTP cookie manager superseded by HTTP cookie manager
2026-01-27 17:19:37,406 WARN o.a.j.p.h.s.HTTPSamplerBase: Existing CookieManager HTTP cookie manager superseded by HTTP cookie manager
2026-01-27 17:19:37,420 WARN o.a.j.p.h.s.HTTPSamplerBase: Existing CookieManager HTTP cookie manager superseded by HTTP cookie manager
2026-01-27 17:19:37,428 WARN o.a.j.p.h.s.HTTPSamplerBase: Existing CookieManager HTTP cookie manager superseded by HTTP cookie manager
2026-01-27 17:19:37,458 WARN o.a.j.p.h.s.HTTPSamplerBase: Existing CookieManager HTTP cookie manager superseded by HTTP cookie manager
2026-01-27 17:19:37,475 WARN o.a.j.p.h.s.HTTPSamplerBase: Existing CookieManager HTTP cookie manager superseded by HTTP cookie manager
2026-01-27 17:19:37,534 WARN o.a.j.p.h.s.HTTPSamplerBase: Existing CookieManager HTTP cookie manager superseded by HTTP cookie manager
2026-01-27 17:19:37,543 WARN o.a.j.p.h.s.HTTPSamplerBase: Existing CookieManager HTTP cookie manager superseded by HTTP cookie manager
2026-01-27 17:19:37,548 WARN o.a.j.p.h.s.HTTPSamplerBase: Existing CookieManager HTTP cookie manager superseded by HTTP cookie manager
2026-01-27 17:19:37,571 WARN o.a.j.p.h.s.HTTPSamplerBase: Existing CookieManager HTTP cookie manager superseded by HTTP cookie manager
2026-01-27 17:19:37,593 WARN o.a.j.p.h.s.HTTPSamplerBase: Existing CookieManager HTTP cookie manager superseded by HTTP cookie manager
2026-01-27 17:19:37,605 WARN o.a.j.p.h.s.HTTPSamplerBase: Existing CookieManager HTTP cookie manager superseded by HTTP cookie manager
2026-01-27 17:19:37,618 WARN o.a.j.p.h.s.HTTPSamplerBase: Existing CookieManager HTTP cookie manager superseded by HTTP cookie manager
2026-01-27 17:19:37,634 WARN o.a.j.p.h.s.HTTPSamplerBase: Existing CookieManager HTTP cookie manager superseded by HTTP cookie manager
2026-01-27 17:19:37,643 WARN o.a.j.p.h.s.HTTPSamplerBase: Existing CookieManager HTTP cookie manager superseded by HTTP cookie manager
2026-01-27 17:19:37,647 WARN o.a.j.p.h.s.HTTPSamplerBase: Existing CookieManager HTTP cookie manager superseded by HTTP cookie manager
2026-01-27 17:19:37,657 WARN o.a.j.p.h.s.HTTPSamplerBase: Existing CookieManager HTTP cookie manager superseded by HTTP cookie manager
2026-01-27 17:19:37,690 WARN o.a.j.p.h.s.HTTPSamplerBase: Existing CookieManager HTTP cookie manager superseded by HTTP cookie manager
2026-01-27 17:19:37,713 WARN o.a.j.p.h.s.HTTPSamplerBase: Existing CookieManager HTTP cookie manager superseded by HTTP cookie manager
2026-01-27 17:19:37,764 WARN o.a.j.p.h.s.HTTPSamplerBase: Existing CookieManager HTTP cookie manager superseded by HTTP cookie manager
2026-01-27 17:19:37,798 WARN o.a.j.p.h.s.HTTPSamplerBase: Existing CookieManager HTTP cookie manager superseded by HTTP cookie manager
2026-01-27 17:19:37,798 WARN o.a.j.p.h.s.HTTPSamplerBase: Existing CookieManager HTTP cookie manager superseded by HTTP cookie manager
2026-01-27 17:19:37,805 WARN o.a.j.p.h.s.HTTPSamplerBase: Existing CookieManager HTTP cookie manager superseded by HTTP cookie manager
2026-01-27 17:19:37,811 WARN o.a.j.p.h.s.HTTPSamplerBase: Existing CookieManager HTTP cookie manager superseded by HTTP cookie manager
2026-01-27 17:19:37,813 WARN o.a.j.p.h.s.HTTPSamplerBase: Existing CookieManager HTTP cookie manager superseded by HTTP cookie manager
2026-01-27 17:19:37,826 WARN o.a.j.p.h.s.HTTPSamplerBase: Existing CookieManager HTTP cookie manager superseded by HTTP cookie manager
2026-01-27 17:19:37,835 WARN o.a.j.p.h.s.HTTPSamplerBase: Existing CookieManager HTTP cookie manager superseded by HTTP cookie manager
2026-01-27 17:19:37,842 WARN o.a.j.p.h.s.HTTPSamplerBase: Existing CookieManager HTTP cookie manager superseded by HTTP cookie manager
2026-01-27 17:19:37,860 WARN o.a.j.p.h.s.HTTPSamplerBase: Existing CookieManager HTTP cookie manager superseded by HTTP cookie manager
2026-01-27 17:19:37,922 WARN o.a.j.p.h.s.HTTPSamplerBase: Existing CookieManager HTTP cookie manager superseded by HTTP cookie manager
2026-01-27 17:19:37,946 WARN o.a.j.p.h.s.HTTPSamplerBase: Existing CookieManager HTTP cookie manager superseded by HTTP cookie manager
2026-01-27 17:19:38,080 WARN o.a.j.p.h.s.HTTPSamplerBase: Existing CookieManager HTTP cookie manager superseded by HTTP cookie manager
2026-01-27 17:19:38,092 WARN o.a.j.p.h.s.HTTPSamplerBase: Existing CookieManager HTTP cookie manager superseded by HTTP cookie manager
2026-01-27 17:19:38,103 WARN o.a.j.p.h.s.HTTPSamplerBase: Existing CookieManager HTTP cookie manager superseded by HTTP cookie manager
2026-01-27 17:19:38,129 WARN o.a.j.p.h.s.HTTPSamplerBase: Existing CookieManager HTTP cookie manager superseded by HTTP cookie manager
2026-01-27 17:19:38,135 WARN o.a.j.p.h.s.HTTPSamplerBase: Existing CookieManager HTTP cookie manager superseded by HTTP cookie manager
2026-01-27 17:19:38,144 WARN o.a.j.p.h.s.HTTPSamplerBase: Existing CookieManager HTTP cookie manager superseded by HTTP cookie manager
2026-01-27 17:19:38,153 WARN o.a.j.p.h.s.HTTPSamplerBase: Existing CookieManager HTTP cookie manager superseded by HTTP cookie manager
2026-01-27 17:19:38,199 WARN o.a.j.p.h.s.HTTPSamplerBase: Existing CookieManager HTTP cookie manager superseded by HTTP cookie manager
2026-01-27 17:19:38,218 WARN o.a.j.p.h.s.HTTPSamplerBase: Existing CookieManager HTTP cookie manager superseded by HTTP cookie manager
2026-01-27 17:19:38,272 WARN o.a.j.p.h.s.HTTPSamplerBase: Existing CookieManager HTTP cookie manager superseded by HTTP cookie manager
2026-01-27 17:19:38,305 WARN o.a.j.p.h.s.HTTPSamplerBase: Existing CookieManager HTTP cookie manager superseded by HTTP cookie manager
2026-01-27 17:19:38,321 WARN o.a.j.p.h.s.HTTPSamplerBase: Existing CookieManager HTTP cookie manager superseded by HTTP cookie manager
2026-01-27 17:19:38,352 WARN o.a.j.p.h.s.HTTPSamplerBase: Existing CookieManager HTTP cookie manager superseded by HTTP cookie manager
2026-01-27 17:19:38,358 WARN o.a.j.p.h.s.HTTPSamplerBase: Existing CookieManager HTTP cookie manager superseded by HTTP cookie manager
2026-01-27 17:19:38,360 WARN o.a.j.p.h.s.HTTPSamplerBase: Existing CookieManager HTTP cookie manager superseded by HTTP cookie manager
2026-01-27 17:19:38,438 WARN o.a.j.p.h.s.HTTPSamplerBase: Existing CookieManager HTTP cookie manager superseded by HTTP cookie manager
2026-01-27 17:19:38,446 WARN o.a.j.p.h.s.HTTPSamplerBase: Existing CookieManager HTTP cookie manager superseded by HTTP cookie manager
2026-01-27 17:19:38,505 WARN o.a.j.p.h.s.HTTPSamplerBase: Existing CookieManager HTTP cookie manager superseded by HTTP cookie manager
2026-01-27 17:19:38,564 WARN o.a.j.p.h.s.HTTPSamplerBase: Existing CookieManager HTTP cookie manager superseded by HTTP cookie manager
2026-01-27 17:19:38,589 WARN o.a.j.p.h.s.HTTPSamplerBase: Existing CookieManager HTTP cookie manager superseded by HTTP cookie manager
2026-01-27 17:19:38,708 WARN o.a.j.p.h.s.HTTPSamplerBase: Existing CookieManager HTTP cookie manager superseded by HTTP cookie manager
2026-01-27 17:19:38,712 WARN o.a.j.p.h.s.HTTPSamplerBase: Existing CookieManager HTTP cookie manager superseded by HTTP cookie manager
2026-01-27 17:19:38,725 WARN o.a.j.p.h.s.HTTPSamplerBase: Existing CookieManager HTTP cookie manager superseded by HTTP cookie manager
2026-01-27 17:19:38,779 WARN o.a.j.p.h.s.HTTPSamplerBase: Existing CookieManager HTTP cookie manager superseded by HTTP cookie manager
2026-01-27 17:19:38,815 WARN o.a.j.p.h.s.HTTPSamplerBase: Existing CookieManager HTTP cookie manager superseded by HTTP cookie manager
2026-01-27 17:19:38,825 WARN o.a.j.p.h.s.HTTPSamplerBase: Existing CookieManager HTTP cookie manager superseded by HTTP cookie manager
2026-01-27 17:19:38,848 WARN o.a.j.p.h.s.HTTPSamplerBase: Existing CookieManager HTTP cookie manager superseded by HTTP cookie manager
2026-01-27 17:19:38,872 WARN o.a.j.p.h.s.HTTPSamplerBase: Existing CookieManager HTTP cookie manager superseded by HTTP cookie manager
2026-01-27 17:19:38,911 WARN o.a.j.p.h.s.HTTPSamplerBase: Existing CookieManager HTTP cookie manager superseded by HTTP cookie manager
2026-01-27 17:19:38,947 WARN o.a.j.p.h.s.HTTPSamplerBase: Existing CookieManager HTTP cookie manager superseded by HTTP cookie manager
2026-01-27 17:19:39,004 WARN o.a.j.p.h.s.HTTPSamplerBase: Existing CookieManager HTTP cookie manager superseded by HTTP cookie manager
2026-01-27 17:19:39,020 WARN o.a.j.p.h.s.HTTPSamplerBase: Existing CookieManager HTTP cookie manager superseded by HTTP cookie manager
2026-01-27 17:19:39,021 WARN o.a.j.p.h.s.HTTPSamplerBase: Existing CookieManager HTTP cookie manager superseded by HTTP cookie manager
2026-01-27 17:19:39,033 WARN o.a.j.p.h.s.HTTPSamplerBase: Existing CookieManager HTTP cookie manager superseded by HTTP cookie manager
2026-01-27 17:19:39,081 WARN o.a.j.p.h.s.HTTPSamplerBase: Existing CookieManager HTTP cookie manager superseded by HTTP cookie manager
2026-01-27 17:19:39,114 WARN o.a.j.p.h.s.HTTPSamplerBase: Existing CookieManager HTTP cookie manager superseded by HTTP cookie manager
2026-01-27 17:19:39,141 WARN o.a.j.p.h.s.HTTPSamplerBase: Existing CookieManager HTTP cookie manager superseded by HTTP cookie manager
2026-01-27 17:19:39,217 WARN o.a.j.p.h.s.HTTPSamplerBase: Existing CookieManager HTTP cookie manager superseded by HTTP cookie manager
2026-01-27 17:19:39,273 WARN o.a.j.p.h.s.HTTPSamplerBase: Existing CookieManager HTTP cookie manager superseded by HTTP cookie manager
2026-01-27 17:19:39,337 WARN o.a.j.p.h.s.HTTPSamplerBase: Existing CookieManager HTTP cookie manager superseded by HTTP cookie manager
2026-01-27 17:19:39,350 WARN o.a.j.p.h.s.HTTPSamplerBase: Existing CookieManager HTTP cookie manager superseded by HTTP cookie manager
2026-01-27 17:19:39,366 WARN o.a.j.p.h.s.HTTPSamplerBase: Existing CookieManager HTTP cookie manager superseded by HTTP cookie manager
2026-01-27 17:19:39,400 WARN o.a.j.p.h.s.HTTPSamplerBase: Existing CookieManager HTTP cookie manager superseded by HTTP cookie manager
2026-01-27 17:19:39,512 WARN o.a.j.p.h.s.HTTPSamplerBase: Existing CookieManager HTTP cookie manager superseded by HTTP cookie manager
2026-01-27 17:19:39,558 WARN o.a.j.p.h.s.HTTPSamplerBase: Existing CookieManager HTTP cookie manager superseded by HTTP cookie manager
2026-01-27 17:19:39,589 WARN o.a.j.p.h.s.HTTPSamplerBase: Existing CookieManager HTTP cookie manager superseded by HTTP cookie manager
2026-01-27 17:19:39,621 WARN o.a.j.p.h.s.HTTPSamplerBase: Existing CookieManager HTTP cookie manager superseded by HTTP cookie manager
2026-01-27 17:19:39,769 WARN o.a.j.p.h.s.HTTPSamplerBase: Existing CookieManager HTTP cookie manager superseded by HTTP cookie manager
2026-01-27 17:19:39,775 WARN o.a.j.p.h.s.HTTPSamplerBase: Existing CookieManager HTTP cookie manager superseded by HTTP cookie manager
2026-01-27 17:19:39,850 WARN o.a.j.p.h.s.HTTPSamplerBase: Existing CookieManager HTTP cookie manager superseded by HTTP cookie manager
2026-01-27 17:19:39,857 WARN o.a.j.p.h.s.HTTPSamplerBase: Existing CookieManager HTTP cookie manager superseded by HTTP cookie manager
2026-01-27 17:19:39,861 WARN o.a.j.p.h.s.HTTPSamplerBase: Existing CookieManager HTTP cookie manager superseded by HTTP cookie manager
2026-01-27 17:19:39,865 WARN o.a.j.p.h.s.HTTPSamplerBase: Existing CookieManager HTTP cookie manager superseded by HTTP cookie manager
2026-01-27 17:19:39,880 WARN o.a.j.p.h.s.HTTPSamplerBase: Existing CookieManager HTTP cookie manager superseded by HTTP cookie manager
2026-01-27 17:19:39,959 WARN o.a.j.p.h.s.HTTPSamplerBase: Existing CookieManager HTTP cookie manager superseded by HTTP cookie manager
2026-01-27 17:19:39,978 WARN o.a.j.p.h.s.HTTPSamplerBase: Existing CookieManager HTTP cookie manager superseded by HTTP cookie manager
2026-01-27 17:19:39,985 WARN o.a.j.p.h.s.HTTPSamplerBase: Existing CookieManager HTTP cookie manager superseded by HTTP cookie manager
2026-01-27 17:19:40,065 WARN o.a.j.p.h.s.HTTPSamplerBase: Existing CookieManager HTTP cookie manager superseded by HTTP cookie manager
2026-01-27 17:19:40,082 WARN o.a.j.p.h.s.HTTPSamplerBase: Existing CookieManager HTTP cookie manager superseded by HTTP cookie manager
2026-01-27 17:19:40,093 WARN o.a.j.p.h.s.HTTPSamplerBase: Existing CookieManager HTTP cookie manager superseded by HTTP cookie manager
2026-01-27 17:19:40,161 WARN o.a.j.p.h.s.HTTPSamplerBase: Existing CookieManager HTTP cookie manager superseded by HTTP cookie manager
2026-01-27 17:19:40,261 WARN o.a.j.p.h.s.HTTPSamplerBase: Existing CookieManager HTTP cookie manager superseded by HTTP cookie manager
2026-01-27 17:19:40,361 WARN o.a.j.p.h.s.HTTPSamplerBase: Existing CookieManager HTTP cookie manager superseded by HTTP cookie manager
2026-01-27 17:19:40,407 WARN o.a.j.p.h.s.HTTPSamplerBase: Existing CookieManager HTTP cookie manager superseded by HTTP cookie manager
2026-01-27 17:19:40,448 WARN o.a.j.p.h.s.HTTPSamplerBase: Existing CookieManager HTTP cookie manager superseded by HTTP cookie manager
2026-01-27 17:19:40,463 WARN o.a.j.p.h.s.HTTPSamplerBase: Existing CookieManager HTTP cookie manager superseded by HTTP cookie manager
2026-01-27 17:19:40,475 WARN o.a.j.p.h.s.HTTPSamplerBase: Existing CookieManager HTTP cookie manager superseded by HTTP cookie manager
2026-01-27 17:19:40,502 WARN o.a.j.p.h.s.HTTPSamplerBase: Existing CookieManager HTTP cookie manager superseded by HTTP cookie manager
2026-01-27 17:19:40,503 WARN o.a.j.p.h.s.HTTPSamplerBase: Existing CookieManager HTTP cookie manager superseded by HTTP cookie manager
2026-01-27 17:19:40,504 WARN o.a.j.p.h.s.HTTPSamplerBase: Existing CookieManager HTTP cookie manager superseded by HTTP cookie manager
2026-01-27 17:19:40,530 WARN o.a.j.p.h.s.HTTPSamplerBase: Existing CookieManager HTTP cookie manager superseded by HTTP cookie manager
2026-01-27 17:19:40,608 WARN o.a.j.p.h.s.HTTPSamplerBase: Existing CookieManager HTTP cookie manager superseded by HTTP cookie manager
2026-01-27 17:19:40,630 WARN o.a.j.p.h.s.HTTPSamplerBase: Existing CookieManager HTTP cookie manager superseded by HTTP cookie manager
2026-01-27 17:19:40,676 WARN o.a.j.p.h.s.HTTPSamplerBase: Existing CookieManager HTTP cookie manager superseded by HTTP cookie manager
2026-01-27 17:19:40,680 WARN o.a.j.p.h.s.HTTPSamplerBase: Existing CookieManager HTTP cookie manager superseded by HTTP cookie manager
2026-01-27 17:19:40,717 WARN o.a.j.p.h.s.HTTPSamplerBase: Existing CookieManager HTTP cookie manager superseded by HTTP cookie manager
2026-01-27 17:19:40,812 WARN o.a.j.p.h.s.HTTPSamplerBase: Existing CookieManager HTTP cookie manager superseded by HTTP cookie manager
2026-01-27 17:19:40,880 WARN o.a.j.p.h.s.HTTPSamplerBase: Existing CookieManager HTTP cookie manager superseded by HTTP cookie manager
2026-01-27 17:19:40,908 WARN o.a.j.p.h.s.HTTPSamplerBase: Existing CookieManager HTTP cookie manager superseded by HTTP cookie manager
2026-01-27 17:19:40,937 WARN o.a.j.p.h.s.HTTPSamplerBase: Existing CookieManager HTTP cookie manager superseded by HTTP cookie manager
2026-01-27 17:19:40,944 WARN o.a.j.p.h.s.HTTPSamplerBase: Existing CookieManager HTTP cookie manager superseded by HTTP cookie manager
2026-01-27 17:19:41,025 WARN o.a.j.p.h.s.HTTPSamplerBase: Existing CookieManager HTTP cookie manager superseded by HTTP cookie manager
2026-01-27 17:19:41,031 WARN o.a.j.p.h.s.HTTPSamplerBase: Existing CookieManager HTTP cookie manager superseded by HTTP cookie manager
2026-01-27 17:19:41,065 WARN o.a.j.p.h.s.HTTPSamplerBase: Existing CookieManager HTTP cookie manager superseded by HTTP cookie manager
2026-01-27 17:19:41,088 WARN o.a.j.p.h.s.HTTPSamplerBase: Existing CookieManager HTTP cookie manager superseded by HTTP cookie manager
2026-01-27 17:19:41,117 WARN o.a.j.p.h.s.HTTPSamplerBase: Existing CookieManager HTTP cookie manager superseded by HTTP cookie manager
2026-01-27 17:19:41,149 WARN o.a.j.p.h.s.HTTPSamplerBase: Existing CookieManager HTTP cookie manager superseded by HTTP cookie manager
2026-01-27 17:19:41,241 WARN o.a.j.p.h.s.HTTPSamplerBase: Existing CookieManager HTTP cookie manager superseded by HTTP cookie manager
2026-01-27 17:19:41,249 WARN o.a.j.p.h.s.HTTPSamplerBase: Existing CookieManager HTTP cookie manager superseded by HTTP cookie manager
2026-01-27 17:19:41,349 WARN o.a.j.p.h.s.HTTPSamplerBase: Existing CookieManager HTTP cookie manager superseded by HTTP cookie manager
2026-01-27 17:19:41,360 WARN o.a.j.p.h.s.HTTPSamplerBase: Existing CookieManager HTTP cookie manager superseded by HTTP cookie manager
2026-01-27 17:19:41,387 WARN o.a.j.p.h.s.HTTPSamplerBase: Existing CookieManager HTTP cookie manager superseded by HTTP cookie manager
2026-01-27 17:19:41,394 WARN o.a.j.p.h.s.HTTPSamplerBase: Existing CookieManager HTTP cookie manager superseded by HTTP cookie manager
2026-01-27 17:19:41,403 WARN o.a.j.p.h.s.HTTPSamplerBase: Existing CookieManager HTTP cookie manager superseded by HTTP cookie manager
2026-01-27 17:19:41,412 WARN o.a.j.p.h.s.HTTPSamplerBase: Existing CookieManager HTTP cookie manager superseded by HTTP cookie manager
2026-01-27 17:19:41,427 WARN o.a.j.p.h.s.HTTPSamplerBase: Existing CookieManager HTTP cookie manager superseded by HTTP cookie manager
2026-01-27 17:19:41,451 WARN o.a.j.p.h.s.HTTPSamplerBase: Existing CookieManager HTTP cookie manager superseded by HTTP cookie manager
2026-01-27 17:19:41,482 WARN o.a.j.p.h.s.HTTPSamplerBase: Existing CookieManager HTTP cookie manager superseded by HTTP cookie manager
2026-01-27 17:19:41,499 WARN o.a.j.p.h.s.HTTPSamplerBase: Existing CookieManager HTTP cookie manager superseded by HTTP cookie manager
2026-01-27 17:19:41,502 WARN o.a.j.p.h.s.HTTPSamplerBase: Existing CookieManager HTTP cookie manager superseded by HTTP cookie manager
2026-01-27 17:19:41,525 WARN o.a.j.p.h.s.HTTPSamplerBase: Existing CookieManager HTTP cookie manager superseded by HTTP cookie manager
2026-01-27 17:19:41,525 WARN o.a.j.p.h.s.HTTPSamplerBase: Existing CookieManager HTTP cookie manager superseded by HTTP cookie manager
2026-01-27 17:19:41,527 WARN o.a.j.p.h.s.HTTPSamplerBase: Existing CookieManager HTTP cookie manager superseded by HTTP cookie manager
2026-01-27 17:19:41,602 WARN o.a.j.p.h.s.HTTPSamplerBase: Existing CookieManager HTTP cookie manager superseded by HTTP cookie manager
2026-01-27 17:19:41,604 WARN o.a.j.p.h.s.HTTPSamplerBase: Existing CookieManager HTTP cookie manager superseded by HTTP cookie manager
2026-01-27 17:19:41,650 WARN o.a.j.p.h.s.HTTPSamplerBase: Existing CookieManager HTTP cookie manager superseded by HTTP cookie manager
2026-01-27 17:19:41,650 WARN o.a.j.p.h.s.HTTPSamplerBase: Existing CookieManager HTTP cookie manager superseded by HTTP cookie manager
2026-01-27 17:19:41,651 WARN o.a.j.p.h.s.HTTPSamplerBase: Existing CookieManager HTTP cookie manager superseded by HTTP cookie manager
2026-01-27 17:19:41,652 WARN o.a.j.p.h.s.HTTPSamplerBase: Existing CookieManager HTTP cookie manager superseded by HTTP cookie manager
2026-01-27 17:19:41,664 WARN o.a.j.p.h.s.HTTPSamplerBase: Existing CookieManager HTTP cookie manager superseded by HTTP cookie manager
2026-01-27 17:19:41,682 WARN o.a.j.p.h.s.HTTPSamplerBase: Existing CookieManager HTTP cookie manager superseded by HTTP cookie manager
2026-01-27 17:19:41,684 WARN o.a.j.p.h.s.HTTPSamplerBase: Existing CookieManager HTTP cookie manager superseded by HTTP cookie manager
2026-01-27 17:19:41,706 WARN o.a.j.p.h.s.HTTPSamplerBase: Existing CookieManager HTTP cookie manager superseded by HTTP cookie manager
2026-01-27 17:19:41,750 WARN o.a.j.p.h.s.HTTPSamplerBase: Existing CookieManager HTTP cookie manager superseded by HTTP cookie manager
2026-01-27 17:19:41,761 WARN o.a.j.p.h.s.HTTPSamplerBase: Existing CookieManager HTTP cookie manager superseded by HTTP cookie manager
2026-01-27 17:19:41,761 WARN o.a.j.p.h.s.HTTPSamplerBase: Existing CookieManager HTTP cookie manager superseded by HTTP cookie manager
2026-01-27 17:19:41,761 WARN o.a.j.p.h.s.HTTPSamplerBase: Existing CookieManager HTTP cookie manager superseded by HTTP cookie manager
2026-01-27 17:19:41,773 WARN o.a.j.p.h.s.HTTPSamplerBase: Existing CookieManager HTTP cookie manager superseded by HTTP cookie manager
2026-01-27 17:19:41,776 WARN o.a.j.p.h.s.HTTPSamplerBase: Existing CookieManager HTTP cookie manager superseded by HTTP cookie manager
2026-01-27 17:19:41,777 WARN o.a.j.p.h.s.HTTPSamplerBase: Existing CookieManager HTTP cookie manager superseded by HTTP cookie manager
2026-01-27 17:19:41,788 WARN o.a.j.p.h.s.HTTPSamplerBase: Existing CookieManager HTTP cookie manager superseded by HTTP cookie manager
2026-01-27 17:19:41,815 WARN o.a.j.p.h.s.HTTPSamplerBase: Existing CookieManager HTTP cookie manager superseded by HTTP cookie manager
2026-01-27 17:19:41,827 WARN o.a.j.p.h.s.HTTPSamplerBase: Existing CookieManager HTTP cookie manager superseded by HTTP cookie manager
2026-01-27 17:19:41,889 WARN o.a.j.p.h.s.HTTPSamplerBase: Existing CookieManager HTTP cookie manager superseded by HTTP cookie manager
2026-01-27 17:19:41,903 WARN o.a.j.p.h.s.HTTPSamplerBase: Existing CookieManager HTTP cookie manager superseded by HTTP cookie manager
2026-01-27 17:19:41,930 WARN o.a.j.p.h.s.HTTPSamplerBase: Existing CookieManager HTTP cookie manager superseded by HTTP cookie manager
2026-01-27 17:19:41,942 WARN o.a.j.p.h.s.HTTPSamplerBase: Existing CookieManager HTTP cookie manager superseded by HTTP cookie manager
2026-01-27 17:19:41,945 WARN o.a.j.p.h.s.HTTPSamplerBase: Existing CookieManager HTTP cookie manager superseded by HTTP cookie manager
2026-01-27 17:19:41,946 WARN o.a.j.p.h.s.HTTPSamplerBase: Existing CookieManager HTTP cookie manager superseded by HTTP cookie manager
2026-01-27 17:19:42,007 WARN o.a.j.p.h.s.HTTPSamplerBase: Existing CookieManager HTTP cookie manager superseded by HTTP cookie manager
2026-01-27 17:19:42,017 WARN o.a.j.p.h.s.HTTPSamplerBase: Existing CookieManager HTTP cookie manager superseded by HTTP cookie manager
2026-01-27 17:19:42,024 WARN o.a.j.p.h.s.HTTPSamplerBase: Existing CookieManager HTTP cookie manager superseded by HTTP cookie manager
2026-01-27 17:19:42,045 WARN o.a.j.p.h.s.HTTPSamplerBase: Existing CookieManager HTTP cookie manager superseded by HTTP cookie manager
2026-01-27 17:19:42,066 WARN o.a.j.p.h.s.HTTPSamplerBase: Existing CookieManager HTTP cookie manager superseded by HTTP cookie manager
2026-01-27 17:19:42,077 WARN o.a.j.p.h.s.HTTPSamplerBase: Existing CookieManager HTTP cookie manager superseded by HTTP cookie manager
2026-01-27 17:19:42,101 WARN o.a.j.p.h.s.HTTPSamplerBase: Existing CookieManager HTTP cookie manager superseded by HTTP cookie manager
2026-01-27 17:19:42,120 WARN o.a.j.p.h.s.HTTPSamplerBase: Existing CookieManager HTTP cookie manager superseded by HTTP cookie manager
2026-01-27 17:19:42,133 WARN o.a.j.p.h.s.HTTPSamplerBase: Existing CookieManager HTTP cookie manager superseded by HTTP cookie manager
2026-01-27 17:19:42,133 WARN o.a.j.p.h.s.HTTPSamplerBase: Existing CookieManager HTTP cookie manager superseded by HTTP cookie manager
2026-01-27 17:19:42,149 WARN o.a.j.p.h.s.HTTPSamplerBase: Existing CookieManager HTTP cookie manager superseded by HTTP cookie manager
2026-01-27 17:19:42,161 WARN o.a.j.p.h.s.HTTPSamplerBase: Existing CookieManager HTTP cookie manager superseded by HTTP cookie manager
2026-01-27 17:19:42,166 WARN o.a.j.p.h.s.HTTPSamplerBase: Existing CookieManager HTTP cookie manager superseded by HTTP cookie manager
2026-01-27 17:19:42,184 WARN o.a.j.p.h.s.HTTPSamplerBase: Existing CookieManager HTTP cookie manager superseded by HTTP cookie manager
2026-01-27 17:19:42,197 WARN o.a.j.p.h.s.HTTPSamplerBase: Existing CookieManager HTTP cookie manager superseded by HTTP cookie manager
2026-01-27 17:19:42,223 WARN o.a.j.p.h.s.HTTPSamplerBase: Existing CookieManager HTTP cookie manager superseded by HTTP cookie manager
2026-01-27 17:19:42,228 WARN o.a.j.p.h.s.HTTPSamplerBase: Existing CookieManager HTTP cookie manager superseded by HTTP cookie manager
2026-01-27 17:19:42,234 WARN o.a.j.p.h.s.HTTPSamplerBase: Existing CookieManager HTTP cookie manager superseded by HTTP cookie manager
2026-01-27 17:19:42,339 WARN o.a.j.p.h.s.HTTPSamplerBase: Existing CookieManager HTTP cookie manager superseded by HTTP cookie manager
2026-01-27 17:19:42,349 WARN o.a.j.p.h.s.HTTPSamplerBase: Existing CookieManager HTTP cookie manager superseded by HTTP cookie manager
2026-01-27 17:19:42,413 WARN o.a.j.p.h.s.HTTPSamplerBase: Existing CookieManager HTTP cookie manager superseded by HTTP cookie manager
2026-01-27 17:19:42,436 WARN o.a.j.p.h.s.HTTPSamplerBase: Existing CookieManager HTTP cookie manager superseded by HTTP cookie manager
2026-01-27 17:19:42,449 WARN o.a.j.p.h.s.HTTPSamplerBase: Existing CookieManager HTTP cookie manager superseded by HTTP cookie manager
2026-01-27 17:19:42,456 WARN o.a.j.p.h.s.HTTPSamplerBase: Existing CookieManager HTTP cookie manager superseded by HTTP cookie manager
2026-01-27 17:19:42,461 WARN o.a.j.p.h.s.HTTPSamplerBase: Existing CookieManager HTTP cookie manager superseded by HTTP cookie manager
2026-01-27 17:19:42,472 WARN o.a.j.p.h.s.HTTPSamplerBase: Existing CookieManager HTTP cookie manager superseded by HTTP cookie manager
2026-01-27 17:19:42,498 WARN o.a.j.p.h.s.HTTPSamplerBase: Existing CookieManager HTTP cookie manager superseded by HTTP cookie manager
2026-01-27 17:19:42,506 WARN o.a.j.p.h.s.HTTPSamplerBase: Existing CookieManager HTTP cookie manager superseded by HTTP cookie manager
2026-01-27 17:19:42,547 WARN o.a.j.p.h.s.HTTPSamplerBase: Existing CookieManager HTTP cookie manager superseded by HTTP cookie manager
2026-01-27 17:19:42,547 WARN o.a.j.p.h.s.HTTPSamplerBase: Existing CookieManager HTTP cookie manager superseded by HTTP cookie manager
2026-01-27 17:19:42,596 WARN o.a.j.p.h.s.HTTPSamplerBase: Existing CookieManager HTTP cookie manager superseded by HTTP cookie manager
2026-01-27 17:19:42,602 INFO o.a.j.t.JMeterThread: Thread is done: User threads 1-30
2026-01-27 17:19:42,602 INFO o.a.j.t.JMeterThread: Thread finished: User threads 1-30
2026-01-27 17:19:42,660 WARN o.a.j.p.h.s.HTTPSamplerBase: Existing CookieManager HTTP cookie manager superseded by HTTP cookie manager
2026-01-27 17:19:42,670 WARN o.a.j.p.h.s.HTTPSamplerBase: Existing CookieManager HTTP cookie manager superseded by HTTP cookie manager
2026-01-27 17:19:42,703 WARN o.a.j.p.h.s.HTTPSamplerBase: Existing CookieManager HTTP cookie manager superseded by HTTP cookie manager
2026-01-27 17:19:42,712 WARN o.a.j.p.h.s.HTTPSamplerBase: Existing CookieManager HTTP cookie manager superseded by HTTP cookie manager
2026-01-27 17:19:42,712 WARN o.a.j.p.h.s.HTTPSamplerBase: Existing CookieManager HTTP cookie manager superseded by HTTP cookie manager
2026-01-27 17:19:42,747 WARN o.a.j.p.h.s.HTTPSamplerBase: Existing CookieManager HTTP cookie manager superseded by HTTP cookie manager
2026-01-27 17:19:42,780 WARN o.a.j.p.h.s.HTTPSamplerBase: Existing CookieManager HTTP cookie manager superseded by HTTP cookie manager
2026-01-27 17:19:42,820 WARN o.a.j.p.h.s.HTTPSamplerBase: Existing CookieManager HTTP cookie manager superseded by HTTP cookie manager
2026-01-27 17:19:42,829 WARN o.a.j.p.h.s.HTTPSamplerBase: Existing CookieManager HTTP cookie manager superseded by HTTP cookie manager
2026-01-27 17:19:42,848 WARN o.a.j.p.h.s.HTTPSamplerBase: Existing CookieManager HTTP cookie manager superseded by HTTP cookie manager
2026-01-27 17:19:42,852 WARN o.a.j.p.h.s.HTTPSamplerBase: Existing CookieManager HTTP cookie manager superseded by HTTP cookie manager
2026-01-27 17:19:42,884 WARN o.a.j.p.h.s.HTTPSamplerBase: Existing CookieManager HTTP cookie manager superseded by HTTP cookie manager
2026-01-27 17:19:42,889 WARN o.a.j.p.h.s.HTTPSamplerBase: Existing CookieManager HTTP cookie manager superseded by HTTP cookie manager
2026-01-27 17:19:42,914 WARN o.a.j.p.h.s.HTTPSamplerBase: Existing CookieManager HTTP cookie manager superseded by HTTP cookie manager
2026-01-27 17:19:42,943 WARN o.a.j.p.h.s.HTTPSamplerBase: Existing CookieManager HTTP cookie manager superseded by HTTP cookie manager
2026-01-27 17:19:43,010 WARN o.a.j.p.h.s.HTTPSamplerBase: Existing CookieManager HTTP cookie manager superseded by HTTP cookie manager
2026-01-27 17:19:43,047 WARN o.a.j.p.h.s.HTTPSamplerBase: Existing CookieManager HTTP cookie manager superseded by HTTP cookie manager
2026-01-27 17:19:43,128 WARN o.a.j.p.h.s.HTTPSamplerBase: Existing CookieManager HTTP cookie manager superseded by HTTP cookie manager
2026-01-27 17:19:43,135 WARN o.a.j.p.h.s.HTTPSamplerBase: Existing CookieManager HTTP cookie manager superseded by HTTP cookie manager
2026-01-27 17:19:43,144 WARN o.a.j.p.h.s.HTTPSamplerBase: Existing CookieManager HTTP cookie manager superseded by HTTP cookie manager
2026-01-27 17:19:43,149 WARN o.a.j.p.h.s.HTTPSamplerBase: Existing CookieManager HTTP cookie manager superseded by HTTP cookie manager
2026-01-27 17:19:43,168 WARN o.a.j.p.h.s.HTTPSamplerBase: Existing CookieManager HTTP cookie manager superseded by HTTP cookie manager
2026-01-27 17:19:43,178 WARN o.a.j.p.h.s.HTTPSamplerBase: Existing CookieManager HTTP cookie manager superseded by HTTP cookie manager
2026-01-27 17:19:43,179 WARN o.a.j.p.h.s.HTTPSamplerBase: Existing CookieManager HTTP cookie manager superseded by HTTP cookie manager
2026-01-27 17:19:43,260 WARN o.a.j.p.h.s.HTTPSamplerBase: Existing CookieManager HTTP cookie manager superseded by HTTP cookie manager
2026-01-27 17:19:43,307 WARN o.a.j.p.h.s.HTTPSamplerBase: Existing CookieManager HTTP cookie manager superseded by HTTP cookie manager
2026-01-27 17:19:43,329 WARN o.a.j.p.h.s.HTTPSamplerBase: Existing CookieManager HTTP cookie manager superseded by HTTP cookie manager
2026-01-27 17:19:43,337 WARN o.a.j.p.h.s.HTTPSamplerBase: Existing CookieManager HTTP cookie manager superseded by HTTP cookie manager
2026-01-27 17:19:43,341 WARN o.a.j.p.h.s.HTTPSamplerBase: Existing CookieManager HTTP cookie manager superseded by HTTP cookie manager
2026-01-27 17:19:43,374 WARN o.a.j.p.h.s.HTTPSamplerBase: Existing CookieManager HTTP cookie manager superseded by HTTP cookie manager
2026-01-27 17:19:43,375 WARN o.a.j.p.h.s.HTTPSamplerBase: Existing CookieManager HTTP cookie manager superseded by HTTP cookie manager
2026-01-27 17:19:43,411 WARN o.a.j.p.h.s.HTTPSamplerBase: Existing CookieManager HTTP cookie manager superseded by HTTP cookie manager
2026-01-27 17:19:43,458 WARN o.a.j.p.h.s.HTTPSamplerBase: Existing CookieManager HTTP cookie manager superseded by HTTP cookie manager
2026-01-27 17:19:43,471 WARN o.a.j.p.h.s.HTTPSamplerBase: Existing CookieManager HTTP cookie manager superseded by HTTP cookie manager
2026-01-27 17:19:43,487 WARN o.a.j.p.h.s.HTTPSamplerBase: Existing CookieManager HTTP cookie manager superseded by HTTP cookie manager
2026-01-27 17:19:43,497 WARN o.a.j.p.h.s.HTTPSamplerBase: Existing CookieManager HTTP cookie manager superseded by HTTP cookie manager
2026-01-27 17:19:43,497 WARN o.a.j.p.h.s.HTTPSamplerBase: Existing CookieManager HTTP cookie manager superseded by HTTP cookie manager
2026-01-27 17:19:43,523 WARN o.a.j.p.h.s.HTTPSamplerBase: Existing CookieManager HTTP cookie manager superseded by HTTP cookie manager
2026-01-27 17:19:43,581 WARN o.a.j.p.h.s.HTTPSamplerBase: Existing CookieManager HTTP cookie manager superseded by HTTP cookie manager
2026-01-27 17:19:43,608 WARN o.a.j.p.h.s.HTTPSamplerBase: Existing CookieManager HTTP cookie manager superseded by HTTP cookie manager
2026-01-27 17:19:43,609 WARN o.a.j.p.h.s.HTTPSamplerBase: Existing CookieManager HTTP cookie manager superseded by HTTP cookie manager
2026-01-27 17:19:43,615 WARN o.a.j.p.h.s.HTTPSamplerBase: Existing CookieManager HTTP cookie manager superseded by HTTP cookie manager
2026-01-27 17:19:43,631 WARN o.a.j.p.h.s.HTTPSamplerBase: Existing CookieManager HTTP cookie manager superseded by HTTP cookie manager
2026-01-27 17:19:43,673 WARN o.a.j.p.h.s.HTTPSamplerBase: Existing CookieManager HTTP cookie manager superseded by HTTP cookie manager
2026-01-27 17:19:43,675 WARN o.a.j.p.h.s.HTTPSamplerBase: Existing CookieManager HTTP cookie manager superseded by HTTP cookie manager
2026-01-27 17:19:43,684 WARN o.a.j.p.h.s.HTTPSamplerBase: Existing CookieManager HTTP cookie manager superseded by HTTP cookie manager
2026-01-27 17:19:43,687 WARN o.a.j.p.h.s.HTTPSamplerBase: Existing CookieManager HTTP cookie manager superseded by HTTP cookie manager
2026-01-27 17:19:43,701 WARN o.a.j.p.h.s.HTTPSamplerBase: Existing CookieManager HTTP cookie manager superseded by HTTP cookie manager
2026-01-27 17:19:43,718 WARN o.a.j.p.h.s.HTTPSamplerBase: Existing CookieManager HTTP cookie manager superseded by HTTP cookie manager
2026-01-27 17:19:43,725 WARN o.a.j.p.h.s.HTTPSamplerBase: Existing CookieManager HTTP cookie manager superseded by HTTP cookie manager
2026-01-27 17:19:43,728 WARN o.a.j.p.h.s.HTTPSamplerBase: Existing CookieManager HTTP cookie manager superseded by HTTP cookie manager
2026-01-27 17:19:43,748 WARN o.a.j.p.h.s.HTTPSamplerBase: Existing CookieManager HTTP cookie manager superseded by HTTP cookie manager
2026-01-27 17:19:43,809 WARN o.a.j.p.h.s.HTTPSamplerBase: Existing CookieManager HTTP cookie manager superseded by HTTP cookie manager
2026-01-27 17:19:43,844 WARN o.a.j.p.h.s.HTTPSamplerBase: Existing CookieManager HTTP cookie manager superseded by HTTP cookie manager
2026-01-27 17:19:43,849 WARN o.a.j.p.h.s.HTTPSamplerBase: Existing CookieManager HTTP cookie manager superseded by HTTP cookie manager
2026-01-27 17:19:43,887 WARN o.a.j.p.h.s.HTTPSamplerBase: Existing CookieManager HTTP cookie manager superseded by HTTP cookie manager
2026-01-27 17:19:43,962 WARN o.a.j.p.h.s.HTTPSamplerBase: Existing CookieManager HTTP cookie manager superseded by HTTP cookie manager
2026-01-27 17:19:43,973 WARN o.a.j.p.h.s.HTTPSamplerBase: Existing CookieManager HTTP cookie manager superseded by HTTP cookie manager
2026-01-27 17:19:43,982 WARN o.a.j.p.h.s.HTTPSamplerBase: Existing CookieManager HTTP cookie manager superseded by HTTP cookie manager
2026-01-27 17:19:43,996 WARN o.a.j.p.h.s.HTTPSamplerBase: Existing CookieManager HTTP cookie manager superseded by HTTP cookie manager
2026-01-27 17:19:43,996 WARN o.a.j.p.h.s.HTTPSamplerBase: Existing CookieManager HTTP cookie manager superseded by HTTP cookie manager
2026-01-27 17:19:44,009 WARN o.a.j.p.h.s.HTTPSamplerBase: Existing CookieManager HTTP cookie manager superseded by HTTP cookie manager
2026-01-27 17:19:44,010 WARN o.a.j.p.h.s.HTTPSamplerBase: Existing CookieManager HTTP cookie manager superseded by HTTP cookie manager
2026-01-27 17:19:44,010 WARN o.a.j.p.h.s.HTTPSamplerBase: Existing CookieManager HTTP cookie manager superseded by HTTP cookie manager
2026-01-27 17:19:44,071 WARN o.a.j.p.h.s.HTTPSamplerBase: Existing CookieManager HTTP cookie manager superseded by HTTP cookie manager
2026-01-27 17:19:44,074 WARN o.a.j.p.h.s.HTTPSamplerBase: Existing CookieManager HTTP cookie manager superseded by HTTP cookie manager
2026-01-27 17:19:44,075 WARN o.a.j.p.h.s.HTTPSamplerBase: Existing CookieManager HTTP cookie manager superseded by HTTP cookie manager
2026-01-27 17:19:44,084 WARN o.a.j.p.h.s.HTTPSamplerBase: Existing CookieManager HTTP cookie manager superseded by HTTP cookie manager
2026-01-27 17:19:44,097 WARN o.a.j.p.h.s.HTTPSamplerBase: Existing CookieManager HTTP cookie manager superseded by HTTP cookie manager
2026-01-27 17:19:44,101 WARN o.a.j.p.h.s.HTTPSamplerBase: Existing CookieManager HTTP cookie manager superseded by HTTP cookie manager
2026-01-27 17:19:44,101 WARN o.a.j.p.h.s.HTTPSamplerBase: Existing CookieManager HTTP cookie manager superseded by HTTP cookie manager
2026-01-27 17:19:44,147 WARN o.a.j.p.h.s.HTTPSamplerBase: Existing CookieManager HTTP cookie manager superseded by HTTP cookie manager
2026-01-27 17:19:44,154 WARN o.a.j.p.h.s.HTTPSamplerBase: Existing CookieManager HTTP cookie manager superseded by HTTP cookie manager
2026-01-27 17:19:44,177 WARN o.a.j.p.h.s.HTTPSamplerBase: Existing CookieManager HTTP cookie manager superseded by HTTP cookie manager
2026-01-27 17:19:44,206 WARN o.a.j.p.h.s.HTTPSamplerBase: Existing CookieManager HTTP cookie manager superseded by HTTP cookie manager
2026-01-27 17:19:44,239 WARN o.a.j.p.h.s.HTTPSamplerBase: Existing CookieManager HTTP cookie manager superseded by HTTP cookie manager
2026-01-27 17:19:44,272 WARN o.a.j.p.h.s.HTTPSamplerBase: Existing CookieManager HTTP cookie manager superseded by HTTP cookie manager
2026-01-27 17:19:44,306 WARN o.a.j.p.h.s.HTTPSamplerBase: Existing CookieManager HTTP cookie manager superseded by HTTP cookie manager
2026-01-27 17:19:44,314 WARN o.a.j.p.h.s.HTTPSamplerBase: Existing CookieManager HTTP cookie manager superseded by HTTP cookie manager
2026-01-27 17:19:44,314 WARN o.a.j.p.h.s.HTTPSamplerBase: Existing CookieManager HTTP cookie manager superseded by HTTP cookie manager
2026-01-27 17:19:44,329 WARN o.a.j.p.h.s.HTTPSamplerBase: Existing CookieManager HTTP cookie manager superseded by HTTP cookie manager
2026-01-27 17:19:44,364 WARN o.a.j.p.h.s.HTTPSamplerBase: Existing CookieManager HTTP cookie manager superseded by HTTP cookie manager
2026-01-27 17:19:44,383 WARN o.a.j.p.h.s.HTTPSamplerBase: Existing CookieManager HTTP cookie manager superseded by HTTP cookie manager
2026-01-27 17:19:44,384 WARN o.a.j.p.h.s.HTTPSamplerBase: Existing CookieManager HTTP cookie manager superseded by HTTP cookie manager
2026-01-27 17:19:44,409 WARN o.a.j.p.h.s.HTTPSamplerBase: Existing CookieManager HTTP cookie manager superseded by HTTP cookie manager
2026-01-27 17:19:44,417 WARN o.a.j.p.h.s.HTTPSamplerBase: Existing CookieManager HTTP cookie manager superseded by HTTP cookie manager
2026-01-27 17:19:44,423 WARN o.a.j.p.h.s.HTTPSamplerBase: Existing CookieManager HTTP cookie manager superseded by HTTP cookie manager
2026-01-27 17:19:44,440 WARN o.a.j.p.h.s.HTTPSamplerBase: Existing CookieManager HTTP cookie manager superseded by HTTP cookie manager
2026-01-27 17:19:44,491 WARN o.a.j.p.h.s.HTTPSamplerBase: Existing CookieManager HTTP cookie manager superseded by HTTP cookie manager
2026-01-27 17:19:44,500 WARN o.a.j.p.h.s.HTTPSamplerBase: Existing CookieManager HTTP cookie manager superseded by HTTP cookie manager
2026-01-27 17:19:44,506 WARN o.a.j.p.h.s.HTTPSamplerBase: Existing CookieManager HTTP cookie manager superseded by HTTP cookie manager
2026-01-27 17:19:44,521 WARN o.a.j.p.h.s.HTTPSamplerBase: Existing CookieManager HTTP cookie manager superseded by HTTP cookie manager
2026-01-27 17:19:44,529 WARN o.a.j.p.h.s.HTTPSamplerBase: Existing CookieManager HTTP cookie manager superseded by HTTP cookie manager
2026-01-27 17:19:44,538 WARN o.a.j.p.h.s.HTTPSamplerBase: Existing CookieManager HTTP cookie manager superseded by HTTP cookie manager
2026-01-27 17:19:44,540 WARN o.a.j.p.h.s.HTTPSamplerBase: Existing CookieManager HTTP cookie manager superseded by HTTP cookie manager
2026-01-27 17:19:44,565 WARN o.a.j.p.h.s.HTTPSamplerBase: Existing CookieManager HTTP cookie manager superseded by HTTP cookie manager
2026-01-27 17:19:44,576 WARN o.a.j.p.h.s.HTTPSamplerBase: Existing CookieManager HTTP cookie manager superseded by HTTP cookie manager
2026-01-27 17:19:44,599 WARN o.a.j.p.h.s.HTTPSamplerBase: Existing CookieManager HTTP cookie manager superseded by HTTP cookie manager
2026-01-27 17:19:44,627 WARN o.a.j.p.h.s.HTTPSamplerBase: Existing CookieManager HTTP cookie manager superseded by HTTP cookie manager
2026-01-27 17:19:44,628 WARN o.a.j.p.h.s.HTTPSamplerBase: Existing CookieManager HTTP cookie manager superseded by HTTP cookie manager
2026-01-27 17:19:44,652 WARN o.a.j.p.h.s.HTTPSamplerBase: Existing CookieManager HTTP cookie manager superseded by HTTP cookie manager
2026-01-27 17:19:44,665 WARN o.a.j.p.h.s.HTTPSamplerBase: Existing CookieManager HTTP cookie manager superseded by HTTP cookie manager
2026-01-27 17:19:44,673 WARN o.a.j.p.h.s.HTTPSamplerBase: Existing CookieManager HTTP cookie manager superseded by HTTP cookie manager
2026-01-27 17:19:44,677 WARN o.a.j.p.h.s.HTTPSamplerBase: Existing CookieManager HTTP cookie manager superseded by HTTP cookie manager
2026-01-27 17:19:44,690 WARN o.a.j.p.h.s.HTTPSamplerBase: Existing CookieManager HTTP cookie manager superseded by HTTP cookie manager
2026-01-27 17:19:44,785 WARN o.a.j.p.h.s.HTTPSamplerBase: Existing CookieManager HTTP cookie manager superseded by HTTP cookie manager
2026-01-27 17:19:44,788 WARN o.a.j.p.h.s.HTTPSamplerBase: Existing CookieManager HTTP cookie manager superseded by HTTP cookie manager
2026-01-27 17:19:44,788 WARN o.a.j.p.h.s.HTTPSamplerBase: Existing CookieManager HTTP cookie manager superseded by HTTP cookie manager
2026-01-27 17:19:44,793 WARN o.a.j.p.h.s.HTTPSamplerBase: Existing CookieManager HTTP cookie manager superseded by HTTP cookie manager
2026-01-27 17:19:44,854 WARN o.a.j.p.h.s.HTTPSamplerBase: Existing CookieManager HTTP cookie manager superseded by HTTP cookie manager
2026-01-27 17:19:44,862 WARN o.a.j.p.h.s.HTTPSamplerBase: Existing CookieManager HTTP cookie manager superseded by HTTP cookie manager
2026-01-27 17:19:44,899 WARN o.a.j.p.h.s.HTTPSamplerBase: Existing CookieManager HTTP cookie manager superseded by HTTP cookie manager
2026-01-27 17:19:44,974 WARN o.a.j.p.h.s.HTTPSamplerBase: Existing CookieManager HTTP cookie manager superseded by HTTP cookie manager
2026-01-27 17:19:44,979 WARN o.a.j.p.h.s.HTTPSamplerBase: Existing CookieManager HTTP cookie manager superseded by HTTP cookie manager
2026-01-27 17:19:44,980 WARN o.a.j.p.h.s.HTTPSamplerBase: Existing CookieManager HTTP cookie manager superseded by HTTP cookie manager
2026-01-27 17:19:44,993 WARN o.a.j.p.h.s.HTTPSamplerBase: Existing CookieManager HTTP cookie manager superseded by HTTP cookie manager
2026-01-27 17:19:45,012 WARN o.a.j.p.h.s.HTTPSamplerBase: Existing CookieManager HTTP cookie manager superseded by HTTP cookie manager
2026-01-27 17:19:45,017 WARN o.a.j.p.h.s.HTTPSamplerBase: Existing CookieManager HTTP cookie manager superseded by HTTP cookie manager
2026-01-27 17:19:45,053 WARN o.a.j.p.h.s.HTTPSamplerBase: Existing CookieManager HTTP cookie manager superseded by HTTP cookie manager
2026-01-27 17:19:45,096 WARN o.a.j.p.h.s.HTTPSamplerBase: Existing CookieManager HTTP cookie manager superseded by HTTP cookie manager
2026-01-27 17:19:45,101 WARN o.a.j.p.h.s.HTTPSamplerBase: Existing CookieManager HTTP cookie manager superseded by HTTP cookie manager
2026-01-27 17:19:45,103 WARN o.a.j.p.h.s.HTTPSamplerBase: Existing CookieManager HTTP cookie manager superseded by HTTP cookie manager
2026-01-27 17:19:45,105 WARN o.a.j.p.h.s.HTTPSamplerBase: Existing CookieManager HTTP cookie manager superseded by HTTP cookie manager
2026-01-27 17:19:45,148 WARN o.a.j.p.h.s.HTTPSamplerBase: Existing CookieManager HTTP cookie manager superseded by HTTP cookie manager
2026-01-27 17:19:45,174 WARN o.a.j.p.h.s.HTTPSamplerBase: Existing CookieManager HTTP cookie manager superseded by HTTP cookie manager
2026-01-27 17:19:45,199 WARN o.a.j.p.h.s.HTTPSamplerBase: Existing CookieManager HTTP cookie manager superseded by HTTP cookie manager
2026-01-27 17:19:45,245 WARN o.a.j.p.h.s.HTTPSamplerBase: Existing CookieManager HTTP cookie manager superseded by HTTP cookie manager
2026-01-27 17:19:45,270 WARN o.a.j.p.h.s.HTTPSamplerBase: Existing CookieManager HTTP cookie manager superseded by HTTP cookie manager
2026-01-27 17:19:45,300 WARN o.a.j.p.h.s.HTTPSamplerBase: Existing CookieManager HTTP cookie manager superseded by HTTP cookie manager
2026-01-27 17:19:45,314 WARN o.a.j.p.h.s.HTTPSamplerBase: Existing CookieManager HTTP cookie manager superseded by HTTP cookie manager
2026-01-27 17:19:45,320 WARN o.a.j.p.h.s.HTTPSamplerBase: Existing CookieManager HTTP cookie manager superseded by HTTP cookie manager
2026-01-27 17:19:45,338 WARN o.a.j.p.h.s.HTTPSamplerBase: Existing CookieManager HTTP cookie manager superseded by HTTP cookie manager
2026-01-27 17:19:45,358 WARN o.a.j.p.h.s.HTTPSamplerBase: Existing CookieManager HTTP cookie manager superseded by HTTP cookie manager
2026-01-27 17:19:45,424 WARN o.a.j.p.h.s.HTTPSamplerBase: Existing CookieManager HTTP cookie manager superseded by HTTP cookie manager
2026-01-27 17:19:45,444 WARN o.a.j.p.h.s.HTTPSamplerBase: Existing CookieManager HTTP cookie manager superseded by HTTP cookie manager
2026-01-27 17:19:45,452 WARN o.a.j.p.h.s.HTTPSamplerBase: Existing CookieManager HTTP cookie manager superseded by HTTP cookie manager
2026-01-27 17:19:45,512 WARN o.a.j.p.h.s.HTTPSamplerBase: Existing CookieManager HTTP cookie manager superseded by HTTP cookie manager
2026-01-27 17:19:45,522 WARN o.a.j.p.h.s.HTTPSamplerBase: Existing CookieManager HTTP cookie manager superseded by HTTP cookie manager
2026-01-27 17:19:45,551 WARN o.a.j.p.h.s.HTTPSamplerBase: Existing CookieManager HTTP cookie manager superseded by HTTP cookie manager
2026-01-27 17:19:45,578 WARN o.a.j.p.h.s.HTTPSamplerBase: Existing CookieManager HTTP cookie manager superseded by HTTP cookie manager
2026-01-27 17:19:45,583 WARN o.a.j.p.h.s.HTTPSamplerBase: Existing CookieManager HTTP cookie manager superseded by HTTP cookie manager
2026-01-27 17:19:45,629 WARN o.a.j.p.h.s.HTTPSamplerBase: Existing CookieManager HTTP cookie manager superseded by HTTP cookie manager
2026-01-27 17:19:45,654 WARN o.a.j.p.h.s.HTTPSamplerBase: Existing CookieManager HTTP cookie manager superseded by HTTP cookie manager
2026-01-27 17:19:45,665 WARN o.a.j.p.h.s.HTTPSamplerBase: Existing CookieManager HTTP cookie manager superseded by HTTP cookie manager
2026-01-27 17:19:45,709 WARN o.a.j.p.h.s.HTTPSamplerBase: Existing CookieManager HTTP cookie manager superseded by HTTP cookie manager
2026-01-27 17:19:45,724 WARN o.a.j.p.h.s.HTTPSamplerBase: Existing CookieManager HTTP cookie manager superseded by HTTP cookie manager
2026-01-27 17:19:45,726 WARN o.a.j.p.h.s.HTTPSamplerBase: Existing CookieManager HTTP cookie manager superseded by HTTP cookie manager
2026-01-27 17:19:45,750 WARN o.a.j.p.h.s.HTTPSamplerBase: Existing CookieManager HTTP cookie manager superseded by HTTP cookie manager
2026-01-27 17:19:45,793 WARN o.a.j.p.h.s.HTTPSamplerBase: Existing CookieManager HTTP cookie manager superseded by HTTP cookie manager
2026-01-27 17:19:45,797 WARN o.a.j.p.h.s.HTTPSamplerBase: Existing CookieManager HTTP cookie manager superseded by HTTP cookie manager
2026-01-27 17:19:45,808 WARN o.a.j.p.h.s.HTTPSamplerBase: Existing CookieManager HTTP cookie manager superseded by HTTP cookie manager
2026-01-27 17:19:45,814 WARN o.a.j.p.h.s.HTTPSamplerBase: Existing CookieManager HTTP cookie manager superseded by HTTP cookie manager
2026-01-27 17:19:45,848 WARN o.a.j.p.h.s.HTTPSamplerBase: Existing CookieManager HTTP cookie manager superseded by HTTP cookie manager
2026-01-27 17:19:45,849 WARN o.a.j.p.h.s.HTTPSamplerBase: Existing CookieManager HTTP cookie manager superseded by HTTP cookie manager
2026-01-27 17:19:45,907 WARN o.a.j.p.h.s.HTTPSamplerBase: Existing CookieManager HTTP cookie manager superseded by HTTP cookie manager
2026-01-27 17:19:45,926 WARN o.a.j.p.h.s.HTTPSamplerBase: Existing CookieManager HTTP cookie manager superseded by HTTP cookie manager
2026-01-27 17:19:45,949 WARN o.a.j.p.h.s.HTTPSamplerBase: Existing CookieManager HTTP cookie manager superseded by HTTP cookie manager
2026-01-27 17:19:45,984 WARN o.a.j.p.h.s.HTTPSamplerBase: Existing CookieManager HTTP cookie manager superseded by HTTP cookie manager
2026-01-27 17:19:46,004 WARN o.a.j.p.h.s.HTTPSamplerBase: Existing CookieManager HTTP cookie manager superseded by HTTP cookie manager
2026-01-27 17:19:46,061 WARN o.a.j.p.h.s.HTTPSamplerBase: Existing CookieManager HTTP cookie manager superseded by HTTP cookie manager
2026-01-27 17:19:46,118 WARN o.a.j.p.h.s.HTTPSamplerBase: Existing CookieManager HTTP cookie manager superseded by HTTP cookie manager
2026-01-27 17:19:46,129 WARN o.a.j.p.h.s.HTTPSamplerBase: Existing CookieManager HTTP cookie manager superseded by HTTP cookie manager
2026-01-27 17:19:46,129 WARN o.a.j.p.h.s.HTTPSamplerBase: Existing CookieManager HTTP cookie manager superseded by HTTP cookie manager
2026-01-27 17:19:46,154 WARN o.a.j.p.h.s.HTTPSamplerBase: Existing CookieManager HTTP cookie manager superseded by HTTP cookie manager
2026-01-27 17:19:46,156 WARN o.a.j.p.h.s.HTTPSamplerBase: Existing CookieManager HTTP cookie manager superseded by HTTP cookie manager
2026-01-27 17:19:46,194 WARN o.a.j.p.h.s.HTTPSamplerBase: Existing CookieManager HTTP cookie manager superseded by HTTP cookie manager
2026-01-27 17:19:46,225 WARN o.a.j.p.h.s.HTTPSamplerBase: Existing CookieManager HTTP cookie manager superseded by HTTP cookie manager
2026-01-27 17:19:46,231 WARN o.a.j.p.h.s.HTTPSamplerBase: Existing CookieManager HTTP cookie manager superseded by HTTP cookie manager
2026-01-27 17:19:46,269 WARN o.a.j.p.h.s.HTTPSamplerBase: Existing CookieManager HTTP cookie manager superseded by HTTP cookie manager
2026-01-27 17:19:46,285 WARN o.a.j.p.h.s.HTTPSamplerBase: Existing CookieManager HTTP cookie manager superseded by HTTP cookie manager
2026-01-27 17:19:46,286 WARN o.a.j.p.h.s.HTTPSamplerBase: Existing CookieManager HTTP cookie manager superseded by HTTP cookie manager
2026-01-27 17:19:46,286 WARN o.a.j.p.h.s.HTTPSamplerBase: Existing CookieManager HTTP cookie manager superseded by HTTP cookie manager
2026-01-27 17:19:46,296 WARN o.a.j.p.h.s.HTTPSamplerBase: Existing CookieManager HTTP cookie manager superseded by HTTP cookie manager
2026-01-27 17:19:46,297 WARN o.a.j.p.h.s.HTTPSamplerBase: Existing CookieManager HTTP cookie manager superseded by HTTP cookie manager
2026-01-27 17:19:46,344 WARN o.a.j.p.h.s.HTTPSamplerBase: Existing CookieManager HTTP cookie manager superseded by HTTP cookie manager
2026-01-27 17:19:46,359 WARN o.a.j.p.h.s.HTTPSamplerBase: Existing CookieManager HTTP cookie manager superseded by HTTP cookie manager
2026-01-27 17:19:46,392 WARN o.a.j.p.h.s.HTTPSamplerBase: Existing CookieManager HTTP cookie manager superseded by HTTP cookie manager
2026-01-27 17:19:46,411 WARN o.a.j.p.h.s.HTTPSamplerBase: Existing CookieManager HTTP cookie manager superseded by HTTP cookie manager
2026-01-27 17:19:46,464 WARN o.a.j.p.h.s.HTTPSamplerBase: Existing CookieManager HTTP cookie manager superseded by HTTP cookie manager
2026-01-27 17:19:46,472 WARN o.a.j.p.h.s.HTTPSamplerBase: Existing CookieManager HTTP cookie manager superseded by HTTP cookie manager
2026-01-27 17:19:46,473 WARN o.a.j.p.h.s.HTTPSamplerBase: Existing CookieManager HTTP cookie manager superseded by HTTP cookie manager
2026-01-27 17:19:46,480 WARN o.a.j.p.h.s.HTTPSamplerBase: Existing CookieManager HTTP cookie manager superseded by HTTP cookie manager
2026-01-27 17:19:46,490 WARN o.a.j.p.h.s.HTTPSamplerBase: Existing CookieManager HTTP cookie manager superseded by HTTP cookie manager
2026-01-27 17:19:46,499 WARN o.a.j.p.h.s.HTTPSamplerBase: Existing CookieManager HTTP cookie manager superseded by HTTP cookie manager
2026-01-27 17:19:46,512 WARN o.a.j.p.h.s.HTTPSamplerBase: Existing CookieManager HTTP cookie manager superseded by HTTP cookie manager
2026-01-27 17:19:46,513 WARN o.a.j.p.h.s.HTTPSamplerBase: Existing CookieManager HTTP cookie manager superseded by HTTP cookie manager
2026-01-27 17:19:46,557 WARN o.a.j.p.h.s.HTTPSamplerBase: Existing CookieManager HTTP cookie manager superseded by HTTP cookie manager
2026-01-27 17:19:46,593 WARN o.a.j.p.h.s.HTTPSamplerBase: Existing CookieManager HTTP cookie manager superseded by HTTP cookie manager
2026-01-27 17:19:46,604 WARN o.a.j.p.h.s.HTTPSamplerBase: Existing CookieManager HTTP cookie manager superseded by HTTP cookie manager
2026-01-27 17:19:46,620 WARN o.a.j.p.h.s.HTTPSamplerBase: Existing CookieManager HTTP cookie manager superseded by HTTP cookie manager
2026-01-27 17:19:46,624 WARN o.a.j.p.h.s.HTTPSamplerBase: Existing CookieManager HTTP cookie manager superseded by HTTP cookie manager
2026-01-27 17:19:46,632 WARN o.a.j.p.h.s.HTTPSamplerBase: Existing CookieManager HTTP cookie manager superseded by HTTP cookie manager
2026-01-27 17:19:46,673 WARN o.a.j.p.h.s.HTTPSamplerBase: Existing CookieManager HTTP cookie manager superseded by HTTP cookie manager
2026-01-27 17:19:46,742 WARN o.a.j.p.h.s.HTTPSamplerBase: Existing CookieManager HTTP cookie manager superseded by HTTP cookie manager
2026-01-27 17:19:46,792 WARN o.a.j.p.h.s.HTTPSamplerBase: Existing CookieManager HTTP cookie manager superseded by HTTP cookie manager
2026-01-27 17:19:46,813 WARN o.a.j.p.h.s.HTTPSamplerBase: Existing CookieManager HTTP cookie manager superseded by HTTP cookie manager
2026-01-27 17:19:46,833 WARN o.a.j.p.h.s.HTTPSamplerBase: Existing CookieManager HTTP cookie manager superseded by HTTP cookie manager
2026-01-27 17:19:46,861 WARN o.a.j.p.h.s.HTTPSamplerBase: Existing CookieManager HTTP cookie manager superseded by HTTP cookie manager
2026-01-27 17:19:46,882 WARN o.a.j.p.h.s.HTTPSamplerBase: Existing CookieManager HTTP cookie manager superseded by HTTP cookie manager
2026-01-27 17:19:46,885 WARN o.a.j.p.h.s.HTTPSamplerBase: Existing CookieManager HTTP cookie manager superseded by HTTP cookie manager
2026-01-27 17:19:46,952 WARN o.a.j.p.h.s.HTTPSamplerBase: Existing CookieManager HTTP cookie manager superseded by HTTP cookie manager
2026-01-27 17:19:46,957 WARN o.a.j.p.h.s.HTTPSamplerBase: Existing CookieManager HTTP cookie manager superseded by HTTP cookie manager
2026-01-27 17:19:47,118 WARN o.a.j.p.h.s.HTTPSamplerBase: Existing CookieManager HTTP cookie manager superseded by HTTP cookie manager
2026-01-27 17:19:47,174 WARN o.a.j.p.h.s.HTTPSamplerBase: Existing CookieManager HTTP cookie manager superseded by HTTP cookie manager
2026-01-27 17:19:47,230 WARN o.a.j.p.h.s.HTTPSamplerBase: Existing CookieManager HTTP cookie manager superseded by HTTP cookie manager
2026-01-27 17:19:47,254 WARN o.a.j.p.h.s.HTTPSamplerBase: Existing CookieManager HTTP cookie manager superseded by HTTP cookie manager
2026-01-27 17:19:47,254 WARN o.a.j.p.h.s.HTTPSamplerBase: Existing CookieManager HTTP cookie manager superseded by HTTP cookie manager
2026-01-27 17:19:47,376 WARN o.a.j.p.h.s.HTTPSamplerBase: Existing CookieManager HTTP cookie manager superseded by HTTP cookie manager
2026-01-27 17:19:47,393 WARN o.a.j.p.h.s.HTTPSamplerBase: Existing CookieManager HTTP cookie manager superseded by HTTP cookie manager
2026-01-27 17:19:47,420 WARN o.a.j.p.h.s.HTTPSamplerBase: Existing CookieManager HTTP cookie manager superseded by HTTP cookie manager
2026-01-27 17:19:47,422 WARN o.a.j.p.h.s.HTTPSamplerBase: Existing CookieManager HTTP cookie manager superseded by HTTP cookie manager
2026-01-27 17:19:47,422 WARN o.a.j.p.h.s.HTTPSamplerBase: Existing CookieManager HTTP cookie manager superseded by HTTP cookie manager
2026-01-27 17:19:47,439 WARN o.a.j.p.h.s.HTTPSamplerBase: Existing CookieManager HTTP cookie manager superseded by HTTP cookie manager
2026-01-27 17:19:47,451 WARN o.a.j.p.h.s.HTTPSamplerBase: Existing CookieManager HTTP cookie manager superseded by HTTP cookie manager
2026-01-27 17:19:47,454 WARN o.a.j.p.h.s.HTTPSamplerBase: Existing CookieManager HTTP cookie manager superseded by HTTP cookie manager
2026-01-27 17:19:47,478 WARN o.a.j.p.h.s.HTTPSamplerBase: Existing CookieManager HTTP cookie manager superseded by HTTP cookie manager
2026-01-27 17:19:47,497 WARN o.a.j.p.h.s.HTTPSamplerBase: Existing CookieManager HTTP cookie manager superseded by HTTP cookie manager
2026-01-27 17:19:47,498 WARN o.a.j.p.h.s.HTTPSamplerBase: Existing CookieManager HTTP cookie manager superseded by HTTP cookie manager
2026-01-27 17:19:47,541 WARN o.a.j.p.h.s.HTTPSamplerBase: Existing CookieManager HTTP cookie manager superseded by HTTP cookie manager
2026-01-27 17:19:47,549 WARN o.a.j.p.h.s.HTTPSamplerBase: Existing CookieManager HTTP cookie manager superseded by HTTP cookie manager
2026-01-27 17:19:47,558 WARN o.a.j.p.h.s.HTTPSamplerBase: Existing CookieManager HTTP cookie manager superseded by HTTP cookie manager
2026-01-27 17:19:47,568 WARN o.a.j.p.h.s.HTTPSamplerBase: Existing CookieManager HTTP cookie manager superseded by HTTP cookie manager
2026-01-27 17:19:47,578 WARN o.a.j.p.h.s.HTTPSamplerBase: Existing CookieManager HTTP cookie manager superseded by HTTP cookie manager
2026-01-27 17:19:47,578 WARN o.a.j.p.h.s.HTTPSamplerBase: Existing CookieManager HTTP cookie manager superseded by HTTP cookie manager
2026-01-27 17:19:47,586 WARN o.a.j.p.h.s.HTTPSamplerBase: Existing CookieManager HTTP cookie manager superseded by HTTP cookie manager
2026-01-27 17:19:47,586 WARN o.a.j.p.h.s.HTTPSamplerBase: Existing CookieManager HTTP cookie manager superseded by HTTP cookie manager
2026-01-27 17:19:47,596 WARN o.a.j.p.h.s.HTTPSamplerBase: Existing CookieManager HTTP cookie manager superseded by HTTP cookie manager
2026-01-27 17:19:47,597 WARN o.a.j.p.h.s.HTTPSamplerBase: Existing CookieManager HTTP cookie manager superseded by HTTP cookie manager
2026-01-27 17:19:47,597 WARN o.a.j.p.h.s.HTTPSamplerBase: Existing CookieManager HTTP cookie manager superseded by HTTP cookie manager
2026-01-27 17:19:47,611 WARN o.a.j.p.h.s.HTTPSamplerBase: Existing CookieManager HTTP cookie manager superseded by HTTP cookie manager
2026-01-27 17:19:47,679 WARN o.a.j.p.h.s.HTTPSamplerBase: Existing CookieManager HTTP cookie manager superseded by HTTP cookie manager
2026-01-27 17:19:47,679 WARN o.a.j.p.h.s.HTTPSamplerBase: Existing CookieManager HTTP cookie manager superseded by HTTP cookie manager
2026-01-27 17:19:47,707 WARN o.a.j.p.h.s.HTTPSamplerBase: Existing CookieManager HTTP cookie manager superseded by HTTP cookie manager
2026-01-27 17:19:47,730 WARN o.a.j.p.h.s.HTTPSamplerBase: Existing CookieManager HTTP cookie manager superseded by HTTP cookie manager
2026-01-27 17:19:47,754 WARN o.a.j.p.h.s.HTTPSamplerBase: Existing CookieManager HTTP cookie manager superseded by HTTP cookie manager
2026-01-27 17:19:47,776 WARN o.a.j.p.h.s.HTTPSamplerBase: Existing CookieManager HTTP cookie manager superseded by HTTP cookie manager
2026-01-27 17:19:47,822 WARN o.a.j.p.h.s.HTTPSamplerBase: Existing CookieManager HTTP cookie manager superseded by HTTP cookie manager
2026-01-27 17:19:47,823 WARN o.a.j.p.h.s.HTTPSamplerBase: Existing CookieManager HTTP cookie manager superseded by HTTP cookie manager
2026-01-27 17:19:47,862 WARN o.a.j.p.h.s.HTTPSamplerBase: Existing CookieManager HTTP cookie manager superseded by HTTP cookie manager
2026-01-27 17:19:47,882 WARN o.a.j.p.h.s.HTTPSamplerBase: Existing CookieManager HTTP cookie manager superseded by HTTP cookie manager
2026-01-27 17:19:47,888 WARN o.a.j.p.h.s.HTTPSamplerBase: Existing CookieManager HTTP cookie manager superseded by HTTP cookie manager
2026-01-27 17:19:47,890 WARN o.a.j.p.h.s.HTTPSamplerBase: Existing CookieManager HTTP cookie manager superseded by HTTP cookie manager
2026-01-27 17:19:47,896 WARN o.a.j.p.h.s.HTTPSamplerBase: Existing CookieManager HTTP cookie manager superseded by HTTP cookie manager
2026-01-27 17:19:47,898 WARN o.a.j.p.h.s.HTTPSamplerBase: Existing CookieManager HTTP cookie manager superseded by HTTP cookie manager
2026-01-27 17:19:47,911 WARN o.a.j.p.h.s.HTTPSamplerBase: Existing CookieManager HTTP cookie manager superseded by HTTP cookie manager
2026-01-27 17:19:47,950 WARN o.a.j.p.h.s.HTTPSamplerBase: Existing CookieManager HTTP cookie manager superseded by HTTP cookie manager
2026-01-27 17:19:47,951 WARN o.a.j.p.h.s.HTTPSamplerBase: Existing CookieManager HTTP cookie manager superseded by HTTP cookie manager
2026-01-27 17:19:47,956 WARN o.a.j.p.h.s.HTTPSamplerBase: Existing CookieManager HTTP cookie manager superseded by HTTP cookie manager
2026-01-27 17:19:47,975 WARN o.a.j.p.h.s.HTTPSamplerBase: Existing CookieManager HTTP cookie manager superseded by HTTP cookie manager
2026-01-27 17:19:47,990 WARN o.a.j.p.h.s.HTTPSamplerBase: Existing CookieManager HTTP cookie manager superseded by HTTP cookie manager
2026-01-27 17:19:48,010 WARN o.a.j.p.h.s.HTTPSamplerBase: Existing CookieManager HTTP cookie manager superseded by HTTP cookie manager
2026-01-27 17:19:48,085 WARN o.a.j.p.h.s.HTTPSamplerBase: Existing CookieManager HTTP cookie manager superseded by HTTP cookie manager
2026-01-27 17:19:48,087 WARN o.a.j.p.h.s.HTTPSamplerBase: Existing CookieManager HTTP cookie manager superseded by HTTP cookie manager
2026-01-27 17:19:48,092 WARN o.a.j.p.h.s.HTTPSamplerBase: Existing CookieManager HTTP cookie manager superseded by HTTP cookie manager
2026-01-27 17:19:48,105 WARN o.a.j.p.h.s.HTTPSamplerBase: Existing CookieManager HTTP cookie manager superseded by HTTP cookie manager
2026-01-27 17:19:48,142 WARN o.a.j.p.h.s.HTTPSamplerBase: Existing CookieManager HTTP cookie manager superseded by HTTP cookie manager
2026-01-27 17:19:48,181 WARN o.a.j.p.h.s.HTTPSamplerBase: Existing CookieManager HTTP cookie manager superseded by HTTP cookie manager
2026-01-27 17:19:48,194 WARN o.a.j.p.h.s.HTTPSamplerBase: Existing CookieManager HTTP cookie manager superseded by HTTP cookie manager
2026-01-27 17:19:48,243 WARN o.a.j.p.h.s.HTTPSamplerBase: Existing CookieManager HTTP cookie manager superseded by HTTP cookie manager
2026-01-27 17:19:48,279 WARN o.a.j.p.h.s.HTTPSamplerBase: Existing CookieManager HTTP cookie manager superseded by HTTP cookie manager
2026-01-27 17:19:48,322 WARN o.a.j.p.h.s.HTTPSamplerBase: Existing CookieManager HTTP cookie manager superseded by HTTP cookie manager
2026-01-27 17:19:48,348 WARN o.a.j.p.h.s.HTTPSamplerBase: Existing CookieManager HTTP cookie manager superseded by HTTP cookie manager
2026-01-27 17:19:48,352 WARN o.a.j.p.h.s.HTTPSamplerBase: Existing CookieManager HTTP cookie manager superseded by HTTP cookie manager
2026-01-27 17:19:48,386 WARN o.a.j.p.h.s.HTTPSamplerBase: Existing CookieManager HTTP cookie manager superseded by HTTP cookie manager
2026-01-27 17:19:48,389 WARN o.a.j.p.h.s.HTTPSamplerBase: Existing CookieManager HTTP cookie manager superseded by HTTP cookie manager
2026-01-27 17:19:48,390 WARN o.a.j.p.h.s.HTTPSamplerBase: Existing CookieManager HTTP cookie manager superseded by HTTP cookie manager
2026-01-27 17:19:48,424 INFO o.a.j.t.JMeterThread: Thread is done: User threads 1-36
2026-01-27 17:19:48,424 INFO o.a.j.t.JMeterThread: Thread finished: User threads 1-36
2026-01-27 17:19:48,440 WARN o.a.j.p.h.s.HTTPSamplerBase: Existing CookieManager HTTP cookie manager superseded by HTTP cookie manager
2026-01-27 17:19:48,469 WARN o.a.j.p.h.s.HTTPSamplerBase: Existing CookieManager HTTP cookie manager superseded by HTTP cookie manager
2026-01-27 17:19:48,488 WARN o.a.j.p.h.s.HTTPSamplerBase: Existing CookieManager HTTP cookie manager superseded by HTTP cookie manager
2026-01-27 17:19:48,502 WARN o.a.j.p.h.s.HTTPSamplerBase: Existing CookieManager HTTP cookie manager superseded by HTTP cookie manager
2026-01-27 17:19:48,535 WARN o.a.j.p.h.s.HTTPSamplerBase: Existing CookieManager HTTP cookie manager superseded by HTTP cookie manager
2026-01-27 17:19:48,541 WARN o.a.j.p.h.s.HTTPSamplerBase: Existing CookieManager HTTP cookie manager superseded by HTTP cookie manager
2026-01-27 17:19:48,556 WARN o.a.j.p.h.s.HTTPSamplerBase: Existing CookieManager HTTP cookie manager superseded by HTTP cookie manager
2026-01-27 17:19:48,601 WARN o.a.j.p.h.s.HTTPSamplerBase: Existing CookieManager HTTP cookie manager superseded by HTTP cookie manager
2026-01-27 17:19:48,621 WARN o.a.j.p.h.s.HTTPSamplerBase: Existing CookieManager HTTP cookie manager superseded by HTTP cookie manager
2026-01-27 17:19:48,644 WARN o.a.j.p.h.s.HTTPSamplerBase: Existing CookieManager HTTP cookie manager superseded by HTTP cookie manager
2026-01-27 17:19:48,644 WARN o.a.j.p.h.s.HTTPSamplerBase: Existing CookieManager HTTP cookie manager superseded by HTTP cookie manager
2026-01-27 17:19:48,678 WARN o.a.j.p.h.s.HTTPSamplerBase: Existing CookieManager HTTP cookie manager superseded by HTTP cookie manager
2026-01-27 17:19:48,690 WARN o.a.j.p.h.s.HTTPSamplerBase: Existing CookieManager HTTP cookie manager superseded by HTTP cookie manager
2026-01-27 17:19:48,709 WARN o.a.j.p.h.s.HTTPSamplerBase: Existing CookieManager HTTP cookie manager superseded by HTTP cookie manager
2026-01-27 17:19:48,728 WARN o.a.j.p.h.s.HTTPSamplerBase: Existing CookieManager HTTP cookie manager superseded by HTTP cookie manager
2026-01-27 17:19:48,749 WARN o.a.j.p.h.s.HTTPSamplerBase: Existing CookieManager HTTP cookie manager superseded by HTTP cookie manager
2026-01-27 17:19:48,833 WARN o.a.j.p.h.s.HTTPSamplerBase: Existing CookieManager HTTP cookie manager superseded by HTTP cookie manager
2026-01-27 17:19:48,833 WARN o.a.j.p.h.s.HTTPSamplerBase: Existing CookieManager HTTP cookie manager superseded by HTTP cookie manager
2026-01-27 17:19:48,853 WARN o.a.j.p.h.s.HTTPSamplerBase: Existing CookieManager HTTP cookie manager superseded by HTTP cookie manager
2026-01-27 17:19:48,856 WARN o.a.j.p.h.s.HTTPSamplerBase: Existing CookieManager HTTP cookie manager superseded by HTTP cookie manager
2026-01-27 17:19:48,892 WARN o.a.j.p.h.s.HTTPSamplerBase: Existing CookieManager HTTP cookie manager superseded by HTTP cookie manager
2026-01-27 17:19:48,900 WARN o.a.j.p.h.s.HTTPSamplerBase: Existing CookieManager HTTP cookie manager superseded by HTTP cookie manager
2026-01-27 17:19:48,931 WARN o.a.j.p.h.s.HTTPSamplerBase: Existing CookieManager HTTP cookie manager superseded by HTTP cookie manager
2026-01-27 17:19:48,950 WARN o.a.j.p.h.s.HTTPSamplerBase: Existing CookieManager HTTP cookie manager superseded by HTTP cookie manager
2026-01-27 17:19:48,973 WARN o.a.j.p.h.s.HTTPSamplerBase: Existing CookieManager HTTP cookie manager superseded by HTTP cookie manager
2026-01-27 17:19:48,976 WARN o.a.j.p.h.s.HTTPSamplerBase: Existing CookieManager HTTP cookie manager superseded by HTTP cookie manager
2026-01-27 17:19:48,993 WARN o.a.j.p.h.s.HTTPSamplerBase: Existing CookieManager HTTP cookie manager superseded by HTTP cookie manager
2026-01-27 17:19:48,994 WARN o.a.j.p.h.s.HTTPSamplerBase: Existing CookieManager HTTP cookie manager superseded by HTTP cookie manager
2026-01-27 17:19:48,999 WARN o.a.j.p.h.s.HTTPSamplerBase: Existing CookieManager HTTP cookie manager superseded by HTTP cookie manager
2026-01-27 17:19:49,059 WARN o.a.j.p.h.s.HTTPSamplerBase: Existing CookieManager HTTP cookie manager superseded by HTTP cookie manager
2026-01-27 17:19:49,070 WARN o.a.j.p.h.s.HTTPSamplerBase: Existing CookieManager HTTP cookie manager superseded by HTTP cookie manager
2026-01-27 17:19:49,105 WARN o.a.j.p.h.s.HTTPSamplerBase: Existing CookieManager HTTP cookie manager superseded by HTTP cookie manager
2026-01-27 17:19:49,128 WARN o.a.j.p.h.s.HTTPSamplerBase: Existing CookieManager HTTP cookie manager superseded by HTTP cookie manager
2026-01-27 17:19:49,143 WARN o.a.j.p.h.s.HTTPSamplerBase: Existing CookieManager HTTP cookie manager superseded by HTTP cookie manager
2026-01-27 17:19:49,193 WARN o.a.j.p.h.s.HTTPSamplerBase: Existing CookieManager HTTP cookie manager superseded by HTTP cookie manager
2026-01-27 17:19:49,196 WARN o.a.j.p.h.s.HTTPSamplerBase: Existing CookieManager HTTP cookie manager superseded by HTTP cookie manager
2026-01-27 17:19:49,206 WARN o.a.j.p.h.s.HTTPSamplerBase: Existing CookieManager HTTP cookie manager superseded by HTTP cookie manager
2026-01-27 17:19:49,219 WARN o.a.j.p.h.s.HTTPSamplerBase: Existing CookieManager HTTP cookie manager superseded by HTTP cookie manager
2026-01-27 17:19:49,235 WARN o.a.j.p.h.s.HTTPSamplerBase: Existing CookieManager HTTP cookie manager superseded by HTTP cookie manager
2026-01-27 17:19:49,260 WARN o.a.j.p.h.s.HTTPSamplerBase: Existing CookieManager HTTP cookie manager superseded by HTTP cookie manager
2026-01-27 17:19:49,266 WARN o.a.j.p.h.s.HTTPSamplerBase: Existing CookieManager HTTP cookie manager superseded by HTTP cookie manager
2026-01-27 17:19:49,285 WARN o.a.j.p.h.s.HTTPSamplerBase: Existing CookieManager HTTP cookie manager superseded by HTTP cookie manager
2026-01-27 17:19:49,349 WARN o.a.j.p.h.s.HTTPSamplerBase: Existing CookieManager HTTP cookie manager superseded by HTTP cookie manager
2026-01-27 17:19:49,358 WARN o.a.j.p.h.s.HTTPSamplerBase: Existing CookieManager HTTP cookie manager superseded by HTTP cookie manager
2026-01-27 17:19:49,400 WARN o.a.j.p.h.s.HTTPSamplerBase: Existing CookieManager HTTP cookie manager superseded by HTTP cookie manager
2026-01-27 17:19:49,409 WARN o.a.j.p.h.s.HTTPSamplerBase: Existing CookieManager HTTP cookie manager superseded by HTTP cookie manager
2026-01-27 17:19:49,425 WARN o.a.j.p.h.s.HTTPSamplerBase: Existing CookieManager HTTP cookie manager superseded by HTTP cookie manager
2026-01-27 17:19:49,438 WARN o.a.j.p.h.s.HTTPSamplerBase: Existing CookieManager HTTP cookie manager superseded by HTTP cookie manager
2026-01-27 17:19:49,463 WARN o.a.j.p.h.s.HTTPSamplerBase: Existing CookieManager HTTP cookie manager superseded by HTTP cookie manager
2026-01-27 17:19:49,467 INFO o.a.j.t.JMeterThread: Thread is done: User threads 1-49
2026-01-27 17:19:49,467 INFO o.a.j.t.JMeterThread: Thread finished: User threads 1-49
2026-01-27 17:19:49,510 WARN o.a.j.p.h.s.HTTPSamplerBase: Existing CookieManager HTTP cookie manager superseded by HTTP cookie manager
2026-01-27 17:19:49,516 WARN o.a.j.p.h.s.HTTPSamplerBase: Existing CookieManager HTTP cookie manager superseded by HTTP cookie manager
2026-01-27 17:19:49,533 WARN o.a.j.p.h.s.HTTPSamplerBase: Existing CookieManager HTTP cookie manager superseded by HTTP cookie manager
2026-01-27 17:19:49,540 WARN o.a.j.p.h.s.HTTPSamplerBase: Existing CookieManager HTTP cookie manager superseded by HTTP cookie manager
2026-01-27 17:19:49,552 WARN o.a.j.p.h.s.HTTPSamplerBase: Existing CookieManager HTTP cookie manager superseded by HTTP cookie manager
2026-01-27 17:19:49,557 WARN o.a.j.p.h.s.HTTPSamplerBase: Existing CookieManager HTTP cookie manager superseded by HTTP cookie manager
2026-01-27 17:19:49,667 WARN o.a.j.p.h.s.HTTPSamplerBase: Existing CookieManager HTTP cookie manager superseded by HTTP cookie manager
2026-01-27 17:19:49,673 WARN o.a.j.p.h.s.HTTPSamplerBase: Existing CookieManager HTTP cookie manager superseded by HTTP cookie manager
2026-01-27 17:19:49,682 WARN o.a.j.p.h.s.HTTPSamplerBase: Existing CookieManager HTTP cookie manager superseded by HTTP cookie manager
2026-01-27 17:19:49,698 WARN o.a.j.p.h.s.HTTPSamplerBase: Existing CookieManager HTTP cookie manager superseded by HTTP cookie manager
2026-01-27 17:19:49,707 WARN o.a.j.p.h.s.HTTPSamplerBase: Existing CookieManager HTTP cookie manager superseded by HTTP cookie manager
2026-01-27 17:19:49,717 WARN o.a.j.p.h.s.HTTPSamplerBase: Existing CookieManager HTTP cookie manager superseded by HTTP cookie manager
2026-01-27 17:19:49,723 WARN o.a.j.p.h.s.HTTPSamplerBase: Existing CookieManager HTTP cookie manager superseded by HTTP cookie manager
2026-01-27 17:19:49,734 WARN o.a.j.p.h.s.HTTPSamplerBase: Existing CookieManager HTTP cookie manager superseded by HTTP cookie manager
2026-01-27 17:19:49,817 WARN o.a.j.p.h.s.HTTPSamplerBase: Existing CookieManager HTTP cookie manager superseded by HTTP cookie manager
2026-01-27 17:19:49,819 WARN o.a.j.p.h.s.HTTPSamplerBase: Existing CookieManager HTTP cookie manager superseded by HTTP cookie manager
2026-01-27 17:19:49,849 INFO o.a.j.t.JMeterThread: Thread is done: User threads 1-53
2026-01-27 17:19:49,849 INFO o.a.j.t.JMeterThread: Thread finished: User threads 1-53
2026-01-27 17:19:49,857 WARN o.a.j.p.h.s.HTTPSamplerBase: Existing CookieManager HTTP cookie manager superseded by HTTP cookie manager
2026-01-27 17:19:49,893 WARN o.a.j.p.h.s.HTTPSamplerBase: Existing CookieManager HTTP cookie manager superseded by HTTP cookie manager
2026-01-27 17:19:49,894 WARN o.a.j.p.h.s.HTTPSamplerBase: Existing CookieManager HTTP cookie manager superseded by HTTP cookie manager
2026-01-27 17:19:49,956 WARN o.a.j.p.h.s.HTTPSamplerBase: Existing CookieManager HTTP cookie manager superseded by HTTP cookie manager
2026-01-27 17:19:50,061 WARN o.a.j.p.h.s.HTTPSamplerBase: Existing CookieManager HTTP cookie manager superseded by HTTP cookie manager
2026-01-27 17:19:50,083 WARN o.a.j.p.h.s.HTTPSamplerBase: Existing CookieManager HTTP cookie manager superseded by HTTP cookie manager
2026-01-27 17:19:50,106 WARN o.a.j.p.h.s.HTTPSamplerBase: Existing CookieManager HTTP cookie manager superseded by HTTP cookie manager
2026-01-27 17:19:50,106 WARN o.a.j.p.h.s.HTTPSamplerBase: Existing CookieManager HTTP cookie manager superseded by HTTP cookie manager
2026-01-27 17:19:50,231 WARN o.a.j.p.h.s.HTTPSamplerBase: Existing CookieManager HTTP cookie manager superseded by HTTP cookie manager
2026-01-27 17:19:50,271 WARN o.a.j.p.h.s.HTTPSamplerBase: Existing CookieManager HTTP cookie manager superseded by HTTP cookie manager
2026-01-27 17:19:50,272 WARN o.a.j.p.h.s.HTTPSamplerBase: Existing CookieManager HTTP cookie manager superseded by HTTP cookie manager
2026-01-27 17:19:50,278 WARN o.a.j.p.h.s.HTTPSamplerBase: Existing CookieManager HTTP cookie manager superseded by HTTP cookie manager
2026-01-27 17:19:50,351 WARN o.a.j.p.h.s.HTTPSamplerBase: Existing CookieManager HTTP cookie manager superseded by HTTP cookie manager
2026-01-27 17:19:50,351 INFO o.a.j.t.JMeterThread: Thread is done: User threads 1-19
2026-01-27 17:19:50,351 INFO o.a.j.t.JMeterThread: Thread finished: User threads 1-19
2026-01-27 17:19:50,380 WARN o.a.j.p.h.s.HTTPSamplerBase: Existing CookieManager HTTP cookie manager superseded by HTTP cookie manager
2026-01-27 17:19:50,440 WARN o.a.j.p.h.s.HTTPSamplerBase: Existing CookieManager HTTP cookie manager superseded by HTTP cookie manager
2026-01-27 17:19:50,467 INFO o.a.j.t.JMeterThread: Thread is done: User threads 1-91
2026-01-27 17:19:50,467 INFO o.a.j.t.JMeterThread: Thread finished: User threads 1-91
2026-01-27 17:19:50,498 WARN o.a.j.p.h.s.HTTPSamplerBase: Existing CookieManager HTTP cookie manager superseded by HTTP cookie manager
2026-01-27 17:19:50,543 WARN o.a.j.p.h.s.HTTPSamplerBase: Existing CookieManager HTTP cookie manager superseded by HTTP cookie manager
2026-01-27 17:19:50,616 WARN o.a.j.p.h.s.HTTPSamplerBase: Existing CookieManager HTTP cookie manager superseded by HTTP cookie manager
2026-01-27 17:19:50,652 WARN o.a.j.p.h.s.HTTPSamplerBase: Existing CookieManager HTTP cookie manager superseded by HTTP cookie manager
2026-01-27 17:19:50,656 WARN o.a.j.p.h.s.HTTPSamplerBase: Existing CookieManager HTTP cookie manager superseded by HTTP cookie manager
2026-01-27 17:19:50,665 WARN o.a.j.p.h.s.HTTPSamplerBase: Existing CookieManager HTTP cookie manager superseded by HTTP cookie manager
2026-01-27 17:19:50,786 WARN o.a.j.p.h.s.HTTPSamplerBase: Existing CookieManager HTTP cookie manager superseded by HTTP cookie manager
2026-01-27 17:19:50,798 WARN o.a.j.p.h.s.HTTPSamplerBase: Existing CookieManager HTTP cookie manager superseded by HTTP cookie manager
2026-01-27 17:19:50,812 INFO o.a.j.t.JMeterThread: Thread is done: User threads 1-253
2026-01-27 17:19:50,812 INFO o.a.j.t.JMeterThread: Thread finished: User threads 1-253
2026-01-27 17:19:50,857 WARN o.a.j.p.h.s.HTTPSamplerBase: Existing CookieManager HTTP cookie manager superseded by HTTP cookie manager
2026-01-27 17:19:50,917 WARN o.a.j.p.h.s.HTTPSamplerBase: Existing CookieManager HTTP cookie manager superseded by HTTP cookie manager
2026-01-27 17:19:50,932 INFO o.a.j.t.JMeterThread: Thread is done: User threads 1-197
2026-01-27 17:19:50,932 INFO o.a.j.t.JMeterThread: Thread finished: User threads 1-197
2026-01-27 17:19:50,944 WARN o.a.j.p.h.s.HTTPSamplerBase: Existing CookieManager HTTP cookie manager superseded by HTTP cookie manager
2026-01-27 17:19:50,965 WARN o.a.j.p.h.s.HTTPSamplerBase: Existing CookieManager HTTP cookie manager superseded by HTTP cookie manager
2026-01-27 17:19:50,996 WARN o.a.j.p.h.s.HTTPSamplerBase: Existing CookieManager HTTP cookie manager superseded by HTTP cookie manager
2026-01-27 17:19:51,006 WARN o.a.j.p.h.s.HTTPSamplerBase: Existing CookieManager HTTP cookie manager superseded by HTTP cookie manager
2026-01-27 17:19:51,014 WARN o.a.j.p.h.s.HTTPSamplerBase: Existing CookieManager HTTP cookie manager superseded by HTTP cookie manager
2026-01-27 17:19:51,018 WARN o.a.j.p.h.s.HTTPSamplerBase: Existing CookieManager HTTP cookie manager superseded by HTTP cookie manager
2026-01-27 17:19:51,025 WARN o.a.j.p.h.s.HTTPSamplerBase: Existing CookieManager HTTP cookie manager superseded by HTTP cookie manager
2026-01-27 17:19:51,026 WARN o.a.j.p.h.s.HTTPSamplerBase: Existing CookieManager HTTP cookie manager superseded by HTTP cookie manager
2026-01-27 17:19:51,072 WARN o.a.j.p.h.s.HTTPSamplerBase: Existing CookieManager HTTP cookie manager superseded by HTTP cookie manager
2026-01-27 17:19:51,122 WARN o.a.j.p.h.s.HTTPSamplerBase: Existing CookieManager HTTP cookie manager superseded by HTTP cookie manager
2026-01-27 17:19:51,162 INFO o.a.j.t.JMeterThread: Thread is done: User threads 1-271
2026-01-27 17:19:51,162 INFO o.a.j.t.JMeterThread: Thread finished: User threads 1-271
2026-01-27 17:19:51,177 WARN o.a.j.p.h.s.HTTPSamplerBase: Existing CookieManager HTTP cookie manager superseded by HTTP cookie manager
2026-01-27 17:19:51,221 WARN o.a.j.p.h.s.HTTPSamplerBase: Existing CookieManager HTTP cookie manager superseded by HTTP cookie manager
2026-01-27 17:19:51,311 WARN o.a.j.p.h.s.HTTPSamplerBase: Existing CookieManager HTTP cookie manager superseded by HTTP cookie manager
2026-01-27 17:19:51,311 WARN o.a.j.p.h.s.HTTPSamplerBase: Existing CookieManager HTTP cookie manager superseded by HTTP cookie manager
2026-01-27 17:19:51,324 WARN o.a.j.p.h.s.HTTPSamplerBase: Existing CookieManager HTTP cookie manager superseded by HTTP cookie manager
2026-01-27 17:19:51,393 WARN o.a.j.p.h.s.HTTPSamplerBase: Existing CookieManager HTTP cookie manager superseded by HTTP cookie manager
2026-01-27 17:19:51,472 WARN o.a.j.p.h.s.HTTPSamplerBase: Existing CookieManager HTTP cookie manager superseded by HTTP cookie manager
2026-01-27 17:19:51,472 WARN o.a.j.p.h.s.HTTPSamplerBase: Existing CookieManager HTTP cookie manager superseded by HTTP cookie manager
2026-01-27 17:19:51,488 WARN o.a.j.p.h.s.HTTPSamplerBase: Existing CookieManager HTTP cookie manager superseded by HTTP cookie manager
2026-01-27 17:19:51,518 WARN o.a.j.p.h.s.HTTPSamplerBase: Existing CookieManager HTTP cookie manager superseded by HTTP cookie manager
2026-01-27 17:19:51,519 WARN o.a.j.p.h.s.HTTPSamplerBase: Existing CookieManager HTTP cookie manager superseded by HTTP cookie manager
2026-01-27 17:19:51,519 WARN o.a.j.p.h.s.HTTPSamplerBase: Existing CookieManager HTTP cookie manager superseded by HTTP cookie manager
2026-01-27 17:19:51,565 WARN o.a.j.p.h.s.HTTPSamplerBase: Existing CookieManager HTTP cookie manager superseded by HTTP cookie manager
2026-01-27 17:19:51,592 WARN o.a.j.p.h.s.HTTPSamplerBase: Existing CookieManager HTTP cookie manager superseded by HTTP cookie manager
2026-01-27 17:19:51,592 WARN o.a.j.p.h.s.HTTPSamplerBase: Existing CookieManager HTTP cookie manager superseded by HTTP cookie manager
2026-01-27 17:19:51,633 WARN o.a.j.p.h.s.HTTPSamplerBase: Existing CookieManager HTTP cookie manager superseded by HTTP cookie manager
2026-01-27 17:19:51,659 WARN o.a.j.p.h.s.HTTPSamplerBase: Existing CookieManager HTTP cookie manager superseded by HTTP cookie manager
2026-01-27 17:19:51,674 INFO o.a.j.t.JMeterThread: Thread is done: User threads 1-2
2026-01-27 17:19:51,674 INFO o.a.j.t.JMeterThread: Thread finished: User threads 1-2
2026-01-27 17:19:51,680 WARN o.a.j.p.h.s.HTTPSamplerBase: Existing CookieManager HTTP cookie manager superseded by HTTP cookie manager
2026-01-27 17:19:51,685 WARN o.a.j.p.h.s.HTTPSamplerBase: Existing CookieManager HTTP cookie manager superseded by HTTP cookie manager
2026-01-27 17:19:51,721 WARN o.a.j.p.h.s.HTTPSamplerBase: Existing CookieManager HTTP cookie manager superseded by HTTP cookie manager
2026-01-27 17:19:51,728 WARN o.a.j.p.h.s.HTTPSamplerBase: Existing CookieManager HTTP cookie manager superseded by HTTP cookie manager
2026-01-27 17:19:51,729 WARN o.a.j.p.h.s.HTTPSamplerBase: Existing CookieManager HTTP cookie manager superseded by HTTP cookie manager
2026-01-27 17:19:51,838 WARN o.a.j.p.h.s.HTTPSamplerBase: Existing CookieManager HTTP cookie manager superseded by HTTP cookie manager
2026-01-27 17:19:51,838 INFO o.a.j.t.JMeterThread: Thread is done: User threads 1-93
2026-01-27 17:19:51,838 INFO o.a.j.t.JMeterThread: Thread finished: User threads 1-93
2026-01-27 17:19:51,851 INFO o.a.j.t.JMeterThread: Thread is done: User threads 1-96
2026-01-27 17:19:51,851 INFO o.a.j.t.JMeterThread: Thread finished: User threads 1-96
2026-01-27 17:19:51,860 INFO o.a.j.t.JMeterThread: Thread is done: User threads 1-29
2026-01-27 17:19:51,860 INFO o.a.j.t.JMeterThread: Thread finished: User threads 1-29
2026-01-27 17:19:51,873 WARN o.a.j.p.h.s.HTTPSamplerBase: Existing CookieManager HTTP cookie manager superseded by HTTP cookie manager
2026-01-27 17:19:51,900 WARN o.a.j.p.h.s.HTTPSamplerBase: Existing CookieManager HTTP cookie manager superseded by HTTP cookie manager
2026-01-27 17:19:51,973 WARN o.a.j.p.h.s.HTTPSamplerBase: Existing CookieManager HTTP cookie manager superseded by HTTP cookie manager
2026-01-27 17:19:52,047 WARN o.a.j.p.h.s.HTTPSamplerBase: Existing CookieManager HTTP cookie manager superseded by HTTP cookie manager
2026-01-27 17:19:52,094 WARN o.a.j.p.h.s.HTTPSamplerBase: Existing CookieManager HTTP cookie manager superseded by HTTP cookie manager
2026-01-27 17:19:52,097 WARN o.a.j.p.h.s.HTTPSamplerBase: Existing CookieManager HTTP cookie manager superseded by HTTP cookie manager
2026-01-27 17:19:52,138 INFO o.a.j.t.JMeterThread: Thread is done: User threads 1-6
2026-01-27 17:19:52,138 INFO o.a.j.t.JMeterThread: Thread finished: User threads 1-6
2026-01-27 17:19:52,148 WARN o.a.j.p.h.s.HTTPSamplerBase: Existing CookieManager HTTP cookie manager superseded by HTTP cookie manager
2026-01-27 17:19:52,150 WARN o.a.j.p.h.s.HTTPSamplerBase: Existing CookieManager HTTP cookie manager superseded by HTTP cookie manager
2026-01-27 17:19:52,177 WARN o.a.j.p.h.s.HTTPSamplerBase: Existing CookieManager HTTP cookie manager superseded by HTTP cookie manager
2026-01-27 17:19:52,177 WARN o.a.j.p.h.s.HTTPSamplerBase: Existing CookieManager HTTP cookie manager superseded by HTTP cookie manager
2026-01-27 17:19:52,184 INFO o.a.j.t.JMeterThread: Thread is done: User threads 1-100
2026-01-27 17:19:52,184 INFO o.a.j.t.JMeterThread: Thread finished: User threads 1-100
2026-01-27 17:19:52,194 WARN o.a.j.p.h.s.HTTPSamplerBase: Existing CookieManager HTTP cookie manager superseded by HTTP cookie manager
2026-01-27 17:19:52,287 WARN o.a.j.p.h.s.HTTPSamplerBase: Existing CookieManager HTTP cookie manager superseded by HTTP cookie manager
2026-01-27 17:19:52,320 WARN o.a.j.p.h.s.HTTPSamplerBase: Existing CookieManager HTTP cookie manager superseded by HTTP cookie manager
2026-01-27 17:19:52,320 WARN o.a.j.p.h.s.HTTPSamplerBase: Existing CookieManager HTTP cookie manager superseded by HTTP cookie manager
2026-01-27 17:19:52,390 WARN o.a.j.p.h.s.HTTPSamplerBase: Existing CookieManager HTTP cookie manager superseded by HTTP cookie manager
2026-01-27 17:19:52,459 WARN o.a.j.p.h.s.HTTPSamplerBase: Existing CookieManager HTTP cookie manager superseded by HTTP cookie manager
2026-01-27 17:19:52,496 WARN o.a.j.p.h.s.HTTPSamplerBase: Existing CookieManager HTTP cookie manager superseded by HTTP cookie manager
2026-01-27 17:19:52,522 WARN o.a.j.p.h.s.HTTPSamplerBase: Existing CookieManager HTTP cookie manager superseded by HTTP cookie manager
2026-01-27 17:19:52,560 INFO o.a.j.t.JMeterThread: Thread is done: User threads 1-43
2026-01-27 17:19:52,560 INFO o.a.j.t.JMeterThread: Thread finished: User threads 1-43
2026-01-27 17:19:52,563 INFO o.a.j.t.JMeterThread: Thread is done: User threads 1-105
2026-01-27 17:19:52,563 INFO o.a.j.t.JMeterThread: Thread finished: User threads 1-105
2026-01-27 17:19:52,586 WARN o.a.j.p.h.s.HTTPSamplerBase: Existing CookieManager HTTP cookie manager superseded by HTTP cookie manager
2026-01-27 17:19:52,616 WARN o.a.j.p.h.s.HTTPSamplerBase: Existing CookieManager HTTP cookie manager superseded by HTTP cookie manager
2026-01-27 17:19:52,617 WARN o.a.j.p.h.s.HTTPSamplerBase: Existing CookieManager HTTP cookie manager superseded by HTTP cookie manager
2026-01-27 17:19:52,625 WARN o.a.j.p.h.s.HTTPSamplerBase: Existing CookieManager HTTP cookie manager superseded by HTTP cookie manager
2026-01-27 17:19:52,629 WARN o.a.j.p.h.s.HTTPSamplerBase: Existing CookieManager HTTP cookie manager superseded by HTTP cookie manager
2026-01-27 17:19:52,640 WARN o.a.j.p.h.s.HTTPSamplerBase: Existing CookieManager HTTP cookie manager superseded by HTTP cookie manager
2026-01-27 17:19:52,708 WARN o.a.j.p.h.s.HTTPSamplerBase: Existing CookieManager HTTP cookie manager superseded by HTTP cookie manager
2026-01-27 17:19:52,709 WARN o.a.j.p.h.s.HTTPSamplerBase: Existing CookieManager HTTP cookie manager superseded by HTTP cookie manager
2026-01-27 17:19:52,728 WARN o.a.j.p.h.s.HTTPSamplerBase: Existing CookieManager HTTP cookie manager superseded by HTTP cookie manager
2026-01-27 17:19:52,729 WARN o.a.j.p.h.s.HTTPSamplerBase: Existing CookieManager HTTP cookie manager superseded by HTTP cookie manager
2026-01-27 17:19:52,771 INFO o.a.j.t.JMeterThread: Thread is done: User threads 1-40
2026-01-27 17:19:52,772 INFO o.a.j.t.JMeterThread: Thread finished: User threads 1-40
2026-01-27 17:19:52,789 WARN o.a.j.p.h.s.HTTPSamplerBase: Existing CookieManager HTTP cookie manager superseded by HTTP cookie manager
2026-01-27 17:19:52,825 WARN o.a.j.p.h.s.HTTPSamplerBase: Existing CookieManager HTTP cookie manager superseded by HTTP cookie manager
2026-01-27 17:19:52,844 WARN o.a.j.p.h.s.HTTPSamplerBase: Existing CookieManager HTTP cookie manager superseded by HTTP cookie manager
2026-01-27 17:19:52,860 WARN o.a.j.p.h.s.HTTPSamplerBase: Existing CookieManager HTTP cookie manager superseded by HTTP cookie manager
2026-01-27 17:19:52,885 WARN o.a.j.p.h.s.HTTPSamplerBase: Existing CookieManager HTTP cookie manager superseded by HTTP cookie manager
2026-01-27 17:19:52,913 INFO o.a.j.t.JMeterThread: Thread is done: User threads 1-121
2026-01-27 17:19:52,913 INFO o.a.j.t.JMeterThread: Thread finished: User threads 1-121
2026-01-27 17:19:52,952 WARN o.a.j.p.h.s.HTTPSamplerBase: Existing CookieManager HTTP cookie manager superseded by HTTP cookie manager
2026-01-27 17:19:52,966 INFO o.a.j.t.JMeterThread: Thread is done: User threads 1-135
2026-01-27 17:19:52,966 INFO o.a.j.t.JMeterThread: Thread finished: User threads 1-135
2026-01-27 17:19:52,999 WARN o.a.j.p.h.s.HTTPSamplerBase: Existing CookieManager HTTP cookie manager superseded by HTTP cookie manager
2026-01-27 17:19:53,065 WARN o.a.j.p.h.s.HTTPSamplerBase: Existing CookieManager HTTP cookie manager superseded by HTTP cookie manager
2026-01-27 17:19:53,083 WARN o.a.j.p.h.s.HTTPSamplerBase: Existing CookieManager HTTP cookie manager superseded by HTTP cookie manager
2026-01-27 17:19:53,085 WARN o.a.j.p.h.s.HTTPSamplerBase: Existing CookieManager HTTP cookie manager superseded by HTTP cookie manager
2026-01-27 17:19:53,085 WARN o.a.j.p.h.s.HTTPSamplerBase: Existing CookieManager HTTP cookie manager superseded by HTTP cookie manager
2026-01-27 17:19:53,196 WARN o.a.j.p.h.s.HTTPSamplerBase: Existing CookieManager HTTP cookie manager superseded by HTTP cookie manager
2026-01-27 17:19:53,213 WARN o.a.j.p.h.s.HTTPSamplerBase: Existing CookieManager HTTP cookie manager superseded by HTTP cookie manager
2026-01-27 17:19:53,220 WARN o.a.j.p.h.s.HTTPSamplerBase: Existing CookieManager HTTP cookie manager superseded by HTTP cookie manager
2026-01-27 17:19:53,221 INFO o.a.j.t.JMeterThread: Thread is done: User threads 1-128
2026-01-27 17:19:53,221 INFO o.a.j.t.JMeterThread: Thread finished: User threads 1-128
2026-01-27 17:19:53,230 WARN o.a.j.p.h.s.HTTPSamplerBase: Existing CookieManager HTTP cookie manager superseded by HTTP cookie manager
2026-01-27 17:19:53,281 WARN o.a.j.p.h.s.HTTPSamplerBase: Existing CookieManager HTTP cookie manager superseded by HTTP cookie manager
2026-01-27 17:19:53,305 WARN o.a.j.p.h.s.HTTPSamplerBase: Existing CookieManager HTTP cookie manager superseded by HTTP cookie manager
2026-01-27 17:19:53,339 WARN o.a.j.p.h.s.HTTPSamplerBase: Existing CookieManager HTTP cookie manager superseded by HTTP cookie manager
2026-01-27 17:19:53,357 INFO o.a.j.t.JMeterThread: Thread is done: User threads 1-164
2026-01-27 17:19:53,357 INFO o.a.j.t.JMeterThread: Thread finished: User threads 1-164
2026-01-27 17:19:53,362 WARN o.a.j.p.h.s.HTTPSamplerBase: Existing CookieManager HTTP cookie manager superseded by HTTP cookie manager
2026-01-27 17:19:53,367 WARN o.a.j.p.h.s.HTTPSamplerBase: Existing CookieManager HTTP cookie manager superseded by HTTP cookie manager
2026-01-27 17:19:53,369 WARN o.a.j.p.h.s.HTTPSamplerBase: Existing CookieManager HTTP cookie manager superseded by HTTP cookie manager
2026-01-27 17:19:53,413 WARN o.a.j.p.h.s.HTTPSamplerBase: Existing CookieManager HTTP cookie manager superseded by HTTP cookie manager
2026-01-27 17:19:53,416 WARN o.a.j.p.h.s.HTTPSamplerBase: Existing CookieManager HTTP cookie manager superseded by HTTP cookie manager
2026-01-27 17:19:53,441 INFO o.a.j.t.JMeterThread: Thread is done: User threads 1-123
2026-01-27 17:19:53,441 INFO o.a.j.t.JMeterThread: Thread finished: User threads 1-123
2026-01-27 17:19:53,465 WARN o.a.j.p.h.s.HTTPSamplerBase: Existing CookieManager HTTP cookie manager superseded by HTTP cookie manager
2026-01-27 17:19:53,493 WARN o.a.j.p.h.s.HTTPSamplerBase: Existing CookieManager HTTP cookie manager superseded by HTTP cookie manager
2026-01-27 17:19:53,503 WARN o.a.j.p.h.s.HTTPSamplerBase: Existing CookieManager HTTP cookie manager superseded by HTTP cookie manager
2026-01-27 17:19:53,514 WARN o.a.j.p.h.s.HTTPSamplerBase: Existing CookieManager HTTP cookie manager superseded by HTTP cookie manager
2026-01-27 17:19:53,561 WARN o.a.j.p.h.s.HTTPSamplerBase: Existing CookieManager HTTP cookie manager superseded by HTTP cookie manager
2026-01-27 17:19:53,565 WARN o.a.j.p.h.s.HTTPSamplerBase: Existing CookieManager HTTP cookie manager superseded by HTTP cookie manager
2026-01-27 17:19:53,570 WARN o.a.j.p.h.s.HTTPSamplerBase: Existing CookieManager HTTP cookie manager superseded by HTTP cookie manager
2026-01-27 17:19:53,589 WARN o.a.j.p.h.s.HTTPSamplerBase: Existing CookieManager HTTP cookie manager superseded by HTTP cookie manager
2026-01-27 17:19:53,601 WARN o.a.j.p.h.s.HTTPSamplerBase: Existing CookieManager HTTP cookie manager superseded by HTTP cookie manager
2026-01-27 17:19:53,728 INFO o.a.j.t.JMeterThread: Thread is done: User threads 1-52
2026-01-27 17:19:53,728 WARN o.a.j.p.h.s.HTTPSamplerBase: Existing CookieManager HTTP cookie manager superseded by HTTP cookie manager
2026-01-27 17:19:53,729 INFO o.a.j.t.JMeterThread: Thread finished: User threads 1-52
2026-01-27 17:19:53,730 WARN o.a.j.p.h.s.HTTPSamplerBase: Existing CookieManager HTTP cookie manager superseded by HTTP cookie manager
2026-01-27 17:19:53,742 WARN o.a.j.p.h.s.HTTPSamplerBase: Existing CookieManager HTTP cookie manager superseded by HTTP cookie manager
2026-01-27 17:19:53,759 WARN o.a.j.p.h.s.HTTPSamplerBase: Existing CookieManager HTTP cookie manager superseded by HTTP cookie manager
2026-01-27 17:19:53,759 INFO o.a.j.t.JMeterThread: Thread is done: User threads 1-34
2026-01-27 17:19:53,759 INFO o.a.j.t.JMeterThread: Thread finished: User threads 1-34
2026-01-27 17:19:53,760 INFO o.a.j.t.JMeterThread: Thread is done: User threads 1-5
2026-01-27 17:19:53,760 INFO o.a.j.t.JMeterThread: Thread finished: User threads 1-5
2026-01-27 17:19:53,790 WARN o.a.j.p.h.s.HTTPSamplerBase: Existing CookieManager HTTP cookie manager superseded by HTTP cookie manager
2026-01-27 17:19:53,800 WARN o.a.j.p.h.s.HTTPSamplerBase: Existing CookieManager HTTP cookie manager superseded by HTTP cookie manager
2026-01-27 17:19:53,800 WARN o.a.j.p.h.s.HTTPSamplerBase: Existing CookieManager HTTP cookie manager superseded by HTTP cookie manager
2026-01-27 17:19:53,812 WARN o.a.j.p.h.s.HTTPSamplerBase: Existing CookieManager HTTP cookie manager superseded by HTTP cookie manager
2026-01-27 17:19:53,844 WARN o.a.j.p.h.s.HTTPSamplerBase: Existing CookieManager HTTP cookie manager superseded by HTTP cookie manager
2026-01-27 17:19:53,875 WARN o.a.j.p.h.s.HTTPSamplerBase: Existing CookieManager HTTP cookie manager superseded by HTTP cookie manager
2026-01-27 17:19:53,895 WARN o.a.j.p.h.s.HTTPSamplerBase: Existing CookieManager HTTP cookie manager superseded by HTTP cookie manager
2026-01-27 17:19:53,920 WARN o.a.j.p.h.s.HTTPSamplerBase: Existing CookieManager HTTP cookie manager superseded by HTTP cookie manager
2026-01-27 17:19:53,928 WARN o.a.j.p.h.s.HTTPSamplerBase: Existing CookieManager HTTP cookie manager superseded by HTTP cookie manager
2026-01-27 17:19:53,931 WARN o.a.j.p.h.s.HTTPSamplerBase: Existing CookieManager HTTP cookie manager superseded by HTTP cookie manager
2026-01-27 17:19:53,952 WARN o.a.j.p.h.s.HTTPSamplerBase: Existing CookieManager HTTP cookie manager superseded by HTTP cookie manager
2026-01-27 17:19:53,961 WARN o.a.j.p.h.s.HTTPSamplerBase: Existing CookieManager HTTP cookie manager superseded by HTTP cookie manager
2026-01-27 17:19:54,007 WARN o.a.j.p.h.s.HTTPSamplerBase: Existing CookieManager HTTP cookie manager superseded by HTTP cookie manager
2026-01-27 17:19:54,009 WARN o.a.j.p.h.s.HTTPSamplerBase: Existing CookieManager HTTP cookie manager superseded by HTTP cookie manager
2026-01-27 17:19:54,023 INFO o.a.j.t.JMeterThread: Thread is done: User threads 1-120
2026-01-27 17:19:54,024 INFO o.a.j.t.JMeterThread: Thread finished: User threads 1-120
2026-01-27 17:19:54,055 WARN o.a.j.p.h.s.HTTPSamplerBase: Existing CookieManager HTTP cookie manager superseded by HTTP cookie manager
2026-01-27 17:19:54,061 INFO o.a.j.t.JMeterThread: Thread is done: User threads 1-193
2026-01-27 17:19:54,061 INFO o.a.j.t.JMeterThread: Thread finished: User threads 1-193
2026-01-27 17:19:54,101 WARN o.a.j.p.h.s.HTTPSamplerBase: Existing CookieManager HTTP cookie manager superseded by HTTP cookie manager
2026-01-27 17:19:54,105 WARN o.a.j.p.h.s.HTTPSamplerBase: Existing CookieManager HTTP cookie manager superseded by HTTP cookie manager
2026-01-27 17:19:54,116 WARN o.a.j.p.h.s.HTTPSamplerBase: Existing CookieManager HTTP cookie manager superseded by HTTP cookie manager
2026-01-27 17:19:54,204 INFO o.a.j.t.JMeterThread: Thread is done: User threads 1-145
2026-01-27 17:19:54,204 INFO o.a.j.t.JMeterThread: Thread finished: User threads 1-145
2026-01-27 17:19:54,231 INFO o.a.j.t.JMeterThread: Thread is done: User threads 1-79
2026-01-27 17:19:54,231 INFO o.a.j.t.JMeterThread: Thread finished: User threads 1-79
2026-01-27 17:19:54,291 WARN o.a.j.p.h.s.HTTPSamplerBase: Existing CookieManager HTTP cookie manager superseded by HTTP cookie manager
2026-01-27 17:19:54,317 WARN o.a.j.p.h.s.HTTPSamplerBase: Existing CookieManager HTTP cookie manager superseded by HTTP cookie manager
2026-01-27 17:19:54,346 WARN o.a.j.p.h.s.HTTPSamplerBase: Existing CookieManager HTTP cookie manager superseded by HTTP cookie manager
2026-01-27 17:19:54,359 INFO o.a.j.t.JMeterThread: Thread is done: User threads 1-48
2026-01-27 17:19:54,359 INFO o.a.j.t.JMeterThread: Thread finished: User threads 1-48
2026-01-27 17:19:54,368 WARN o.a.j.p.h.s.HTTPSamplerBase: Existing CookieManager HTTP cookie manager superseded by HTTP cookie manager
2026-01-27 17:19:54,385 INFO o.a.j.t.JMeterThread: Thread is done: User threads 1-72
2026-01-27 17:19:54,385 INFO o.a.j.t.JMeterThread: Thread finished: User threads 1-72
2026-01-27 17:19:54,399 WARN o.a.j.p.h.s.HTTPSamplerBase: Existing CookieManager HTTP cookie manager superseded by HTTP cookie manager
2026-01-27 17:19:54,412 WARN o.a.j.p.h.s.HTTPSamplerBase: Existing CookieManager HTTP cookie manager superseded by HTTP cookie manager
2026-01-27 17:19:54,436 WARN o.a.j.p.h.s.HTTPSamplerBase: Existing CookieManager HTTP cookie manager superseded by HTTP cookie manager
2026-01-27 17:19:54,453 WARN o.a.j.p.h.s.HTTPSamplerBase: Existing CookieManager HTTP cookie manager superseded by HTTP cookie manager
2026-01-27 17:19:54,480 WARN o.a.j.p.h.s.HTTPSamplerBase: Existing CookieManager HTTP cookie manager superseded by HTTP cookie manager
2026-01-27 17:19:54,486 WARN o.a.j.p.h.s.HTTPSamplerBase: Existing CookieManager HTTP cookie manager superseded by HTTP cookie manager
2026-01-27 17:19:54,488 WARN o.a.j.p.h.s.HTTPSamplerBase: Existing CookieManager HTTP cookie manager superseded by HTTP cookie manager
2026-01-27 17:19:54,508 WARN o.a.j.p.h.s.HTTPSamplerBase: Existing CookieManager HTTP cookie manager superseded by HTTP cookie manager
2026-01-27 17:19:54,536 WARN o.a.j.p.h.s.HTTPSamplerBase: Existing CookieManager HTTP cookie manager superseded by HTTP cookie manager
2026-01-27 17:19:54,538 WARN o.a.j.p.h.s.HTTPSamplerBase: Existing CookieManager HTTP cookie manager superseded by HTTP cookie manager
2026-01-27 17:19:54,571 WARN o.a.j.p.h.s.HTTPSamplerBase: Existing CookieManager HTTP cookie manager superseded by HTTP cookie manager
2026-01-27 17:19:54,579 INFO o.a.j.t.JMeterThread: Thread is done: User threads 1-7
2026-01-27 17:19:54,579 INFO o.a.j.t.JMeterThread: Thread finished: User threads 1-7
2026-01-27 17:19:54,621 WARN o.a.j.p.h.s.HTTPSamplerBase: Existing CookieManager HTTP cookie manager superseded by HTTP cookie manager
2026-01-27 17:19:54,621 WARN o.a.j.p.h.s.HTTPSamplerBase: Existing CookieManager HTTP cookie manager superseded by HTTP cookie manager
2026-01-27 17:19:54,675 WARN o.a.j.p.h.s.HTTPSamplerBase: Existing CookieManager HTTP cookie manager superseded by HTTP cookie manager
2026-01-27 17:19:54,676 WARN o.a.j.p.h.s.HTTPSamplerBase: Existing CookieManager HTTP cookie manager superseded by HTTP cookie manager
2026-01-27 17:19:54,683 WARN o.a.j.p.h.s.HTTPSamplerBase: Existing CookieManager HTTP cookie manager superseded by HTTP cookie manager
2026-01-27 17:19:54,703 WARN o.a.j.p.h.s.HTTPSamplerBase: Existing CookieManager HTTP cookie manager superseded by HTTP cookie manager
2026-01-27 17:19:54,710 INFO o.a.j.t.JMeterThread: Thread is done: User threads 1-44
2026-01-27 17:19:54,710 INFO o.a.j.t.JMeterThread: Thread finished: User threads 1-44
2026-01-27 17:19:54,723 WARN o.a.j.p.h.s.HTTPSamplerBase: Existing CookieManager HTTP cookie manager superseded by HTTP cookie manager
2026-01-27 17:19:54,738 WARN o.a.j.p.h.s.HTTPSamplerBase: Existing CookieManager HTTP cookie manager superseded by HTTP cookie manager
2026-01-27 17:19:54,759 WARN o.a.j.p.h.s.HTTPSamplerBase: Existing CookieManager HTTP cookie manager superseded by HTTP cookie manager
2026-01-27 17:19:54,760 WARN o.a.j.p.h.s.HTTPSamplerBase: Existing CookieManager HTTP cookie manager superseded by HTTP cookie manager
2026-01-27 17:19:54,767 WARN o.a.j.p.h.s.HTTPSamplerBase: Existing CookieManager HTTP cookie manager superseded by HTTP cookie manager
2026-01-27 17:19:54,818 WARN o.a.j.p.h.s.HTTPSamplerBase: Existing CookieManager HTTP cookie manager superseded by HTTP cookie manager
2026-01-27 17:19:54,830 INFO o.a.j.t.JMeterThread: Thread is done: User threads 1-70
2026-01-27 17:19:54,830 INFO o.a.j.t.JMeterThread: Thread finished: User threads 1-70
2026-01-27 17:19:54,847 WARN o.a.j.p.h.s.HTTPSamplerBase: Existing CookieManager HTTP cookie manager superseded by HTTP cookie manager
2026-01-27 17:19:54,892 WARN o.a.j.p.h.s.HTTPSamplerBase: Existing CookieManager HTTP cookie manager superseded by HTTP cookie manager
2026-01-27 17:19:54,923 INFO o.a.j.t.JMeterThread: Thread is done: User threads 1-35
2026-01-27 17:19:54,923 INFO o.a.j.t.JMeterThread: Thread finished: User threads 1-35
2026-01-27 17:19:54,953 WARN o.a.j.p.h.s.HTTPSamplerBase: Existing CookieManager HTTP cookie manager superseded by HTTP cookie manager
2026-01-27 17:19:54,992 INFO o.a.j.t.JMeterThread: Thread is done: User threads 1-13
2026-01-27 17:19:54,992 INFO o.a.j.t.JMeterThread: Thread finished: User threads 1-13
2026-01-27 17:19:55,039 WARN o.a.j.p.h.s.HTTPSamplerBase: Existing CookieManager HTTP cookie manager superseded by HTTP cookie manager
2026-01-27 17:19:55,074 WARN o.a.j.p.h.s.HTTPSamplerBase: Existing CookieManager HTTP cookie manager superseded by HTTP cookie manager
2026-01-27 17:19:55,079 WARN o.a.j.p.h.s.HTTPSamplerBase: Existing CookieManager HTTP cookie manager superseded by HTTP cookie manager
2026-01-27 17:19:55,088 WARN o.a.j.p.h.s.HTTPSamplerBase: Existing CookieManager HTTP cookie manager superseded by HTTP cookie manager
2026-01-27 17:19:55,097 WARN o.a.j.p.h.s.HTTPSamplerBase: Existing CookieManager HTTP cookie manager superseded by HTTP cookie manager
2026-01-27 17:19:55,098 WARN o.a.j.p.h.s.HTTPSamplerBase: Existing CookieManager HTTP cookie manager superseded by HTTP cookie manager
2026-01-27 17:19:55,108 WARN o.a.j.p.h.s.HTTPSamplerBase: Existing CookieManager HTTP cookie manager superseded by HTTP cookie manager
2026-01-27 17:19:55,109 WARN o.a.j.p.h.s.HTTPSamplerBase: Existing CookieManager HTTP cookie manager superseded by HTTP cookie manager
2026-01-27 17:19:55,153 WARN o.a.j.p.h.s.HTTPSamplerBase: Existing CookieManager HTTP cookie manager superseded by HTTP cookie manager
2026-01-27 17:19:55,176 WARN o.a.j.p.h.s.HTTPSamplerBase: Existing CookieManager HTTP cookie manager superseded by HTTP cookie manager
2026-01-27 17:19:55,280 WARN o.a.j.p.h.s.HTTPSamplerBase: Existing CookieManager HTTP cookie manager superseded by HTTP cookie manager
2026-01-27 17:19:55,294 WARN o.a.j.p.h.s.HTTPSamplerBase: Existing CookieManager HTTP cookie manager superseded by HTTP cookie manager
2026-01-27 17:19:55,296 WARN o.a.j.p.h.s.HTTPSamplerBase: Existing CookieManager HTTP cookie manager superseded by HTTP cookie manager
2026-01-27 17:19:55,313 WARN o.a.j.p.h.s.HTTPSamplerBase: Existing CookieManager HTTP cookie manager superseded by HTTP cookie manager
2026-01-27 17:19:55,313 WARN o.a.j.p.h.s.HTTPSamplerBase: Existing CookieManager HTTP cookie manager superseded by HTTP cookie manager
2026-01-27 17:19:55,324 INFO o.a.j.t.JMeterThread: Thread is done: User threads 1-83
2026-01-27 17:19:55,324 INFO o.a.j.t.JMeterThread: Thread finished: User threads 1-83
2026-01-27 17:19:55,365 WARN o.a.j.p.h.s.HTTPSamplerBase: Existing CookieManager HTTP cookie manager superseded by HTTP cookie manager
2026-01-27 17:19:55,376 WARN o.a.j.p.h.s.HTTPSamplerBase: Existing CookieManager HTTP cookie manager superseded by HTTP cookie manager
2026-01-27 17:19:55,381 INFO o.a.j.t.JMeterThread: Thread is done: User threads 1-10
2026-01-27 17:19:55,381 INFO o.a.j.t.JMeterThread: Thread finished: User threads 1-10
2026-01-27 17:19:55,385 WARN o.a.j.p.h.s.HTTPSamplerBase: Existing CookieManager HTTP cookie manager superseded by HTTP cookie manager
2026-01-27 17:19:55,390 WARN o.a.j.p.h.s.HTTPSamplerBase: Existing CookieManager HTTP cookie manager superseded by HTTP cookie manager
2026-01-27 17:19:55,462 INFO o.a.j.t.JMeterThread: Thread is done: User threads 1-139
2026-01-27 17:19:55,463 INFO o.a.j.t.JMeterThread: Thread finished: User threads 1-139
2026-01-27 17:19:55,465 WARN o.a.j.p.h.s.HTTPSamplerBase: Existing CookieManager HTTP cookie manager superseded by HTTP cookie manager
2026-01-27 17:19:55,475 WARN o.a.j.p.h.s.HTTPSamplerBase: Existing CookieManager HTTP cookie manager superseded by HTTP cookie manager
2026-01-27 17:19:55,518 WARN o.a.j.p.h.s.HTTPSamplerBase: Existing CookieManager HTTP cookie manager superseded by HTTP cookie manager
2026-01-27 17:19:55,519 WARN o.a.j.p.h.s.HTTPSamplerBase: Existing CookieManager HTTP cookie manager superseded by HTTP cookie manager
2026-01-27 17:19:55,552 WARN o.a.j.p.h.s.HTTPSamplerBase: Existing CookieManager HTTP cookie manager superseded by HTTP cookie manager
2026-01-27 17:19:55,552 WARN o.a.j.p.h.s.HTTPSamplerBase: Existing CookieManager HTTP cookie manager superseded by HTTP cookie manager
2026-01-27 17:19:55,567 WARN o.a.j.p.h.s.HTTPSamplerBase: Existing CookieManager HTTP cookie manager superseded by HTTP cookie manager
2026-01-27 17:19:55,567 WARN o.a.j.p.h.s.HTTPSamplerBase: Existing CookieManager HTTP cookie manager superseded by HTTP cookie manager
2026-01-27 17:19:55,568 WARN o.a.j.p.h.s.HTTPSamplerBase: Existing CookieManager HTTP cookie manager superseded by HTTP cookie manager
2026-01-27 17:19:55,601 WARN o.a.j.p.h.s.HTTPSamplerBase: Existing CookieManager HTTP cookie manager superseded by HTTP cookie manager
2026-01-27 17:19:55,616 WARN o.a.j.p.h.s.HTTPSamplerBase: Existing CookieManager HTTP cookie manager superseded by HTTP cookie manager
2026-01-27 17:19:55,639 WARN o.a.j.p.h.s.HTTPSamplerBase: Existing CookieManager HTTP cookie manager superseded by HTTP cookie manager
2026-01-27 17:19:55,658 WARN o.a.j.p.h.s.HTTPSamplerBase: Existing CookieManager HTTP cookie manager superseded by HTTP cookie manager
2026-01-27 17:19:55,683 WARN o.a.j.p.h.s.HTTPSamplerBase: Existing CookieManager HTTP cookie manager superseded by HTTP cookie manager
2026-01-27 17:19:55,686 WARN o.a.j.p.h.s.HTTPSamplerBase: Existing CookieManager HTTP cookie manager superseded by HTTP cookie manager
2026-01-27 17:19:55,690 WARN o.a.j.p.h.s.HTTPSamplerBase: Existing CookieManager HTTP cookie manager superseded by HTTP cookie manager
2026-01-27 17:19:55,742 WARN o.a.j.p.h.s.HTTPSamplerBase: Existing CookieManager HTTP cookie manager superseded by HTTP cookie manager
2026-01-27 17:19:55,751 WARN o.a.j.p.h.s.HTTPSamplerBase: Existing CookieManager HTTP cookie manager superseded by HTTP cookie manager
2026-01-27 17:19:55,781 INFO o.a.j.t.JMeterThread: Thread is done: User threads 1-130
2026-01-27 17:19:55,781 INFO o.a.j.t.JMeterThread: Thread finished: User threads 1-130
2026-01-27 17:19:55,808 WARN o.a.j.p.h.s.HTTPSamplerBase: Existing CookieManager HTTP cookie manager superseded by HTTP cookie manager
2026-01-27 17:19:55,819 WARN o.a.j.p.h.s.HTTPSamplerBase: Existing CookieManager HTTP cookie manager superseded by HTTP cookie manager
2026-01-27 17:19:55,853 INFO o.a.j.t.JMeterThread: Thread is done: User threads 1-296
2026-01-27 17:19:55,853 INFO o.a.j.t.JMeterThread: Thread finished: User threads 1-296
2026-01-27 17:19:55,866 INFO o.a.j.t.JMeterThread: Thread is done: User threads 1-104
2026-01-27 17:19:55,866 INFO o.a.j.t.JMeterThread: Thread finished: User threads 1-104
2026-01-27 17:19:55,878 INFO o.a.j.t.JMeterThread: Thread is done: User threads 1-78
2026-01-27 17:19:55,878 INFO o.a.j.t.JMeterThread: Thread is done: User threads 1-129
2026-01-27 17:19:55,878 INFO o.a.j.t.JMeterThread: Thread finished: User threads 1-129
2026-01-27 17:19:55,878 INFO o.a.j.t.JMeterThread: Thread finished: User threads 1-78
2026-01-27 17:19:55,890 WARN o.a.j.p.h.s.HTTPSamplerBase: Existing CookieManager HTTP cookie manager superseded by HTTP cookie manager
2026-01-27 17:19:55,934 WARN o.a.j.p.h.s.HTTPSamplerBase: Existing CookieManager HTTP cookie manager superseded by HTTP cookie manager
2026-01-27 17:19:55,936 WARN o.a.j.p.h.s.HTTPSamplerBase: Existing CookieManager HTTP cookie manager superseded by HTTP cookie manager
2026-01-27 17:19:55,944 WARN o.a.j.p.h.s.HTTPSamplerBase: Existing CookieManager HTTP cookie manager superseded by HTTP cookie manager
2026-01-27 17:19:55,951 WARN o.a.j.p.h.s.HTTPSamplerBase: Existing CookieManager HTTP cookie manager superseded by HTTP cookie manager
2026-01-27 17:19:55,984 WARN o.a.j.p.h.s.HTTPSamplerBase: Existing CookieManager HTTP cookie manager superseded by HTTP cookie manager
2026-01-27 17:19:56,012 WARN o.a.j.p.h.s.HTTPSamplerBase: Existing CookieManager HTTP cookie manager superseded by HTTP cookie manager
2026-01-27 17:19:56,014 WARN o.a.j.p.h.s.HTTPSamplerBase: Existing CookieManager HTTP cookie manager superseded by HTTP cookie manager
2026-01-27 17:19:56,061 INFO o.a.j.t.JMeterThread: Thread is done: User threads 1-115
2026-01-27 17:19:56,061 INFO o.a.j.t.JMeterThread: Thread finished: User threads 1-115
2026-01-27 17:19:56,066 WARN o.a.j.p.h.s.HTTPSamplerBase: Existing CookieManager HTTP cookie manager superseded by HTTP cookie manager
2026-01-27 17:19:56,095 WARN o.a.j.p.h.s.HTTPSamplerBase: Existing CookieManager HTTP cookie manager superseded by HTTP cookie manager
2026-01-27 17:19:56,095 WARN o.a.j.p.h.s.HTTPSamplerBase: Existing CookieManager HTTP cookie manager superseded by HTTP cookie manager
2026-01-27 17:19:56,098 INFO o.a.j.t.JMeterThread: Thread is done: User threads 1-71
2026-01-27 17:19:56,098 INFO o.a.j.t.JMeterThread: Thread finished: User threads 1-71
2026-01-27 17:19:56,114 INFO o.a.j.t.JMeterThread: Thread is done: User threads 1-156
2026-01-27 17:19:56,114 INFO o.a.j.t.JMeterThread: Thread finished: User threads 1-156
2026-01-27 17:19:56,127 WARN o.a.j.p.h.s.HTTPSamplerBase: Existing CookieManager HTTP cookie manager superseded by HTTP cookie manager
2026-01-27 17:19:56,127 WARN o.a.j.p.h.s.HTTPSamplerBase: Existing CookieManager HTTP cookie manager superseded by HTTP cookie manager
2026-01-27 17:19:56,136 INFO o.a.j.t.JMeterThread: Thread is done: User threads 1-152
2026-01-27 17:19:56,136 INFO o.a.j.t.JMeterThread: Thread finished: User threads 1-152
2026-01-27 17:19:56,140 INFO o.a.j.t.JMeterThread: Thread is done: User threads 1-122
2026-01-27 17:19:56,140 INFO o.a.j.t.JMeterThread: Thread finished: User threads 1-122
2026-01-27 17:19:56,144 WARN o.a.j.p.h.s.HTTPSamplerBase: Existing CookieManager HTTP cookie manager superseded by HTTP cookie manager
2026-01-27 17:19:56,149 WARN o.a.j.p.h.s.HTTPSamplerBase: Existing CookieManager HTTP cookie manager superseded by HTTP cookie manager
2026-01-27 17:19:56,203 WARN o.a.j.p.h.s.HTTPSamplerBase: Existing CookieManager HTTP cookie manager superseded by HTTP cookie manager
2026-01-27 17:19:56,203 INFO o.a.j.t.JMeterThread: Thread is done: User threads 1-63
2026-01-27 17:19:56,203 INFO o.a.j.t.JMeterThread: Thread finished: User threads 1-63
2026-01-27 17:19:56,242 WARN o.a.j.p.h.s.HTTPSamplerBase: Existing CookieManager HTTP cookie manager superseded by HTTP cookie manager
2026-01-27 17:19:56,262 WARN o.a.j.p.h.s.HTTPSamplerBase: Existing CookieManager HTTP cookie manager superseded by HTTP cookie manager
2026-01-27 17:19:56,319 INFO o.a.j.t.JMeterThread: Thread is done: User threads 1-45
2026-01-27 17:19:56,319 INFO o.a.j.t.JMeterThread: Thread finished: User threads 1-45
2026-01-27 17:19:56,323 WARN o.a.j.p.h.s.HTTPSamplerBase: Existing CookieManager HTTP cookie manager superseded by HTTP cookie manager
2026-01-27 17:19:56,324 INFO o.a.j.t.JMeterThread: Thread is done: User threads 1-191
2026-01-27 17:19:56,324 INFO o.a.j.t.JMeterThread: Thread finished: User threads 1-191
2026-01-27 17:19:56,338 WARN o.a.j.p.h.s.HTTPSamplerBase: Existing CookieManager HTTP cookie manager superseded by HTTP cookie manager
2026-01-27 17:19:56,339 WARN o.a.j.p.h.s.HTTPSamplerBase: Existing CookieManager HTTP cookie manager superseded by HTTP cookie manager
2026-01-27 17:19:56,347 WARN o.a.j.p.h.s.HTTPSamplerBase: Existing CookieManager HTTP cookie manager superseded by HTTP cookie manager
2026-01-27 17:19:56,347 WARN o.a.j.p.h.s.HTTPSamplerBase: Existing CookieManager HTTP cookie manager superseded by HTTP cookie manager
2026-01-27 17:19:56,367 WARN o.a.j.p.h.s.HTTPSamplerBase: Existing CookieManager HTTP cookie manager superseded by HTTP cookie manager
2026-01-27 17:19:56,380 INFO o.a.j.t.JMeterThread: Thread is done: User threads 1-42
2026-01-27 17:19:56,380 INFO o.a.j.t.JMeterThread: Thread finished: User threads 1-42
2026-01-27 17:19:56,381 WARN o.a.j.p.h.s.HTTPSamplerBase: Existing CookieManager HTTP cookie manager superseded by HTTP cookie manager
2026-01-27 17:19:56,395 WARN o.a.j.p.h.s.HTTPSamplerBase: Existing CookieManager HTTP cookie manager superseded by HTTP cookie manager
2026-01-27 17:19:56,402 WARN o.a.j.p.h.s.HTTPSamplerBase: Existing CookieManager HTTP cookie manager superseded by HTTP cookie manager
2026-01-27 17:19:56,457 WARN o.a.j.p.h.s.HTTPSamplerBase: Existing CookieManager HTTP cookie manager superseded by HTTP cookie manager
2026-01-27 17:19:56,474 INFO o.a.j.t.JMeterThread: Thread is done: User threads 1-38
2026-01-27 17:19:56,474 INFO o.a.j.t.JMeterThread: Thread finished: User threads 1-38
2026-01-27 17:19:56,474 INFO o.a.j.t.JMeterThread: Thread is done: User threads 1-252
2026-01-27 17:19:56,474 INFO o.a.j.t.JMeterThread: Thread finished: User threads 1-252
2026-01-27 17:19:56,524 INFO o.a.j.t.JMeterThread: Thread is done: User threads 1-84
2026-01-27 17:19:56,524 INFO o.a.j.t.JMeterThread: Thread finished: User threads 1-84
2026-01-27 17:19:56,525 WARN o.a.j.p.h.s.HTTPSamplerBase: Existing CookieManager HTTP cookie manager superseded by HTTP cookie manager
2026-01-27 17:19:56,537 WARN o.a.j.p.h.s.HTTPSamplerBase: Existing CookieManager HTTP cookie manager superseded by HTTP cookie manager
2026-01-27 17:19:56,545 WARN o.a.j.p.h.s.HTTPSamplerBase: Existing CookieManager HTTP cookie manager superseded by HTTP cookie manager
2026-01-27 17:19:56,555 WARN o.a.j.p.h.s.HTTPSamplerBase: Existing CookieManager HTTP cookie manager superseded by HTTP cookie manager
2026-01-27 17:19:56,562 WARN o.a.j.p.h.s.HTTPSamplerBase: Existing CookieManager HTTP cookie manager superseded by HTTP cookie manager
2026-01-27 17:19:56,564 WARN o.a.j.p.h.s.HTTPSamplerBase: Existing CookieManager HTTP cookie manager superseded by HTTP cookie manager
2026-01-27 17:19:56,598 WARN o.a.j.p.h.s.HTTPSamplerBase: Existing CookieManager HTTP cookie manager superseded by HTTP cookie manager
2026-01-27 17:19:56,600 INFO o.a.j.t.JMeterThread: Thread is done: User threads 1-161
2026-01-27 17:19:56,601 INFO o.a.j.t.JMeterThread: Thread finished: User threads 1-161
2026-01-27 17:19:56,602 WARN o.a.j.p.h.s.HTTPSamplerBase: Existing CookieManager HTTP cookie manager superseded by HTTP cookie manager
2026-01-27 17:19:56,686 WARN o.a.j.p.h.s.HTTPSamplerBase: Existing CookieManager HTTP cookie manager superseded by HTTP cookie manager
2026-01-27 17:19:56,691 WARN o.a.j.p.h.s.HTTPSamplerBase: Existing CookieManager HTTP cookie manager superseded by HTTP cookie manager
2026-01-27 17:19:56,707 WARN o.a.j.p.h.s.HTTPSamplerBase: Existing CookieManager HTTP cookie manager superseded by HTTP cookie manager
2026-01-27 17:19:56,757 INFO o.a.j.t.JMeterThread: Thread is done: User threads 1-319
2026-01-27 17:19:56,757 INFO o.a.j.t.JMeterThread: Thread finished: User threads 1-319
2026-01-27 17:19:56,764 WARN o.a.j.p.h.s.HTTPSamplerBase: Existing CookieManager HTTP cookie manager superseded by HTTP cookie manager
2026-01-27 17:19:56,770 WARN o.a.j.p.h.s.HTTPSamplerBase: Existing CookieManager HTTP cookie manager superseded by HTTP cookie manager
2026-01-27 17:19:56,771 INFO o.a.j.t.JMeterThread: Thread is done: User threads 1-51
2026-01-27 17:19:56,771 INFO o.a.j.t.JMeterThread: Thread finished: User threads 1-51
2026-01-27 17:19:56,783 WARN o.a.j.p.h.s.HTTPSamplerBase: Existing CookieManager HTTP cookie manager superseded by HTTP cookie manager
2026-01-27 17:19:56,784 WARN o.a.j.p.h.s.HTTPSamplerBase: Existing CookieManager HTTP cookie manager superseded by HTTP cookie manager
2026-01-27 17:19:56,788 INFO o.a.j.t.JMeterThread: Thread is done: User threads 1-57
2026-01-27 17:19:56,788 INFO o.a.j.t.JMeterThread: Thread finished: User threads 1-57
2026-01-27 17:19:56,798 WARN o.a.j.p.h.s.HTTPSamplerBase: Existing CookieManager HTTP cookie manager superseded by HTTP cookie manager
2026-01-27 17:19:56,798 WARN o.a.j.p.h.s.HTTPSamplerBase: Existing CookieManager HTTP cookie manager superseded by HTTP cookie manager
2026-01-27 17:19:56,812 WARN o.a.j.p.h.s.HTTPSamplerBase: Existing CookieManager HTTP cookie manager superseded by HTTP cookie manager
2026-01-27 17:19:56,863 WARN o.a.j.p.h.s.HTTPSamplerBase: Existing CookieManager HTTP cookie manager superseded by HTTP cookie manager
2026-01-27 17:19:56,886 WARN o.a.j.p.h.s.HTTPSamplerBase: Existing CookieManager HTTP cookie manager superseded by HTTP cookie manager
2026-01-27 17:19:56,895 WARN o.a.j.p.h.s.HTTPSamplerBase: Existing CookieManager HTTP cookie manager superseded by HTTP cookie manager
2026-01-27 17:19:56,935 INFO o.a.j.t.JMeterThread: Thread is done: User threads 1-204
2026-01-27 17:19:56,935 INFO o.a.j.t.JMeterThread: Thread finished: User threads 1-204
2026-01-27 17:19:56,945 INFO o.a.j.t.JMeterThread: Thread is done: User threads 1-1
2026-01-27 17:19:56,945 WARN o.a.j.p.h.s.HTTPSamplerBase: Existing CookieManager HTTP cookie manager superseded by HTTP cookie manager
2026-01-27 17:19:56,945 INFO o.a.j.t.JMeterThread: Thread finished: User threads 1-1
2026-01-27 17:19:56,946 WARN o.a.j.p.h.s.HTTPSamplerBase: Existing CookieManager HTTP cookie manager superseded by HTTP cookie manager
2026-01-27 17:19:56,964 INFO o.a.j.t.JMeterThread: Thread is done: User threads 1-94
2026-01-27 17:19:56,964 INFO o.a.j.t.JMeterThread: Thread finished: User threads 1-94
2026-01-27 17:19:56,976 WARN o.a.j.p.h.s.HTTPSamplerBase: Existing CookieManager HTTP cookie manager superseded by HTTP cookie manager
2026-01-27 17:19:56,977 INFO o.a.j.t.JMeterThread: Thread is done: User threads 1-160
2026-01-27 17:19:56,977 INFO o.a.j.t.JMeterThread: Thread finished: User threads 1-160
2026-01-27 17:19:56,979 WARN o.a.j.p.h.s.HTTPSamplerBase: Existing CookieManager HTTP cookie manager superseded by HTTP cookie manager
2026-01-27 17:19:56,994 INFO o.a.j.t.JMeterThread: Thread is done: User threads 1-146
2026-01-27 17:19:56,994 INFO o.a.j.t.JMeterThread: Thread finished: User threads 1-146
2026-01-27 17:19:57,035 WARN o.a.j.p.h.s.HTTPSamplerBase: Existing CookieManager HTTP cookie manager superseded by HTTP cookie manager
2026-01-27 17:19:57,083 WARN o.a.j.p.h.s.HTTPSamplerBase: Existing CookieManager HTTP cookie manager superseded by HTTP cookie manager
2026-01-27 17:19:57,104 WARN o.a.j.p.h.s.HTTPSamplerBase: Existing CookieManager HTTP cookie manager superseded by HTTP cookie manager
2026-01-27 17:19:57,107 INFO o.a.j.t.JMeterThread: Thread is done: User threads 1-77
2026-01-27 17:19:57,107 INFO o.a.j.t.JMeterThread: Thread finished: User threads 1-77
2026-01-27 17:19:57,116 WARN o.a.j.p.h.s.HTTPSamplerBase: Existing CookieManager HTTP cookie manager superseded by HTTP cookie manager
2026-01-27 17:19:57,176 INFO o.a.j.t.JMeterThread: Thread is done: User threads 1-218
2026-01-27 17:19:57,176 INFO o.a.j.t.JMeterThread: Thread finished: User threads 1-218
2026-01-27 17:19:57,183 WARN o.a.j.p.h.s.HTTPSamplerBase: Existing CookieManager HTTP cookie manager superseded by HTTP cookie manager
2026-01-27 17:19:57,200 INFO o.a.j.t.JMeterThread: Thread is done: User threads 1-25
2026-01-27 17:19:57,200 INFO o.a.j.t.JMeterThread: Thread finished: User threads 1-25
2026-01-27 17:19:57,212 WARN o.a.j.p.h.s.HTTPSamplerBase: Existing CookieManager HTTP cookie manager superseded by HTTP cookie manager
2026-01-27 17:19:57,214 INFO o.a.j.t.JMeterThread: Thread is done: User threads 1-116
2026-01-27 17:19:57,214 INFO o.a.j.t.JMeterThread: Thread finished: User threads 1-116
2026-01-27 17:19:57,220 INFO o.a.j.t.JMeterThread: Thread is done: User threads 1-81
2026-01-27 17:19:57,220 INFO o.a.j.t.JMeterThread: Thread finished: User threads 1-81
2026-01-27 17:19:57,276 WARN o.a.j.p.h.s.HTTPSamplerBase: Existing CookieManager HTTP cookie manager superseded by HTTP cookie manager
2026-01-27 17:19:57,282 INFO o.a.j.t.JMeterThread: Thread is done: User threads 1-41
2026-01-27 17:19:57,282 INFO o.a.j.t.JMeterThread: Thread finished: User threads 1-41
2026-01-27 17:19:57,298 WARN o.a.j.p.h.s.HTTPSamplerBase: Existing CookieManager HTTP cookie manager superseded by HTTP cookie manager
2026-01-27 17:19:57,300 WARN o.a.j.p.h.s.HTTPSamplerBase: Existing CookieManager HTTP cookie manager superseded by HTTP cookie manager
2026-01-27 17:19:57,300 INFO o.a.j.t.JMeterThread: Thread is done: User threads 1-190
2026-01-27 17:19:57,300 INFO o.a.j.t.JMeterThread: Thread finished: User threads 1-190
2026-01-27 17:19:57,301 WARN o.a.j.p.h.s.HTTPSamplerBase: Existing CookieManager HTTP cookie manager superseded by HTTP cookie manager
2026-01-27 17:19:57,335 WARN o.a.j.p.h.s.HTTPSamplerBase: Existing CookieManager HTTP cookie manager superseded by HTTP cookie manager
2026-01-27 17:19:57,339 WARN o.a.j.p.h.s.HTTPSamplerBase: Existing CookieManager HTTP cookie manager superseded by HTTP cookie manager
2026-01-27 17:19:57,345 INFO o.a.j.t.JMeterThread: Thread is done: User threads 1-64
2026-01-27 17:19:57,345 INFO o.a.j.t.JMeterThread: Thread finished: User threads 1-64
2026-01-27 17:19:57,365 WARN o.a.j.p.h.s.HTTPSamplerBase: Existing CookieManager HTTP cookie manager superseded by HTTP cookie manager
2026-01-27 17:19:57,370 WARN o.a.j.p.h.s.HTTPSamplerBase: Existing CookieManager HTTP cookie manager superseded by HTTP cookie manager
2026-01-27 17:19:57,372 INFO o.a.j.t.JMeterThread: Thread is done: User threads 1-246
2026-01-27 17:19:57,372 INFO o.a.j.t.JMeterThread: Thread finished: User threads 1-246
2026-01-27 17:19:57,376 INFO o.a.j.t.JMeterThread: Thread is done: User threads 1-74
2026-01-27 17:19:57,376 INFO o.a.j.t.JMeterThread: Thread finished: User threads 1-74
2026-01-27 17:19:57,378 INFO o.a.j.t.JMeterThread: Thread is done: User threads 1-341
2026-01-27 17:19:57,379 INFO o.a.j.t.JMeterThread: Thread finished: User threads 1-341
2026-01-27 17:19:57,384 WARN o.a.j.p.h.s.HTTPSamplerBase: Existing CookieManager HTTP cookie manager superseded by HTTP cookie manager
2026-01-27 17:19:57,408 INFO o.a.j.t.JMeterThread: Thread is done: User threads 1-110
2026-01-27 17:19:57,408 INFO o.a.j.t.JMeterThread: Thread finished: User threads 1-110
2026-01-27 17:19:57,415 WARN o.a.j.p.h.s.HTTPSamplerBase: Existing CookieManager HTTP cookie manager superseded by HTTP cookie manager
2026-01-27 17:19:57,420 WARN o.a.j.p.h.s.HTTPSamplerBase: Existing CookieManager HTTP cookie manager superseded by HTTP cookie manager
2026-01-27 17:19:57,451 WARN o.a.j.p.h.s.HTTPSamplerBase: Existing CookieManager HTTP cookie manager superseded by HTTP cookie manager
2026-01-27 17:19:57,464 WARN o.a.j.p.h.s.HTTPSamplerBase: Existing CookieManager HTTP cookie manager superseded by HTTP cookie manager
2026-01-27 17:19:57,465 INFO o.a.j.t.JMeterThread: Thread is done: User threads 1-3
2026-01-27 17:19:57,466 INFO o.a.j.t.JMeterThread: Thread finished: User threads 1-3
2026-01-27 17:19:57,475 INFO o.a.j.t.JMeterThread: Thread is done: User threads 1-256
2026-01-27 17:19:57,475 INFO o.a.j.t.JMeterThread: Thread finished: User threads 1-256
2026-01-27 17:19:57,479 WARN o.a.j.p.h.s.HTTPSamplerBase: Existing CookieManager HTTP cookie manager superseded by HTTP cookie manager
2026-01-27 17:19:57,479 WARN o.a.j.p.h.s.HTTPSamplerBase: Existing CookieManager HTTP cookie manager superseded by HTTP cookie manager
2026-01-27 17:19:57,506 WARN o.a.j.p.h.s.HTTPSamplerBase: Existing CookieManager HTTP cookie manager superseded by HTTP cookie manager
2026-01-27 17:19:57,542 WARN o.a.j.p.h.s.HTTPSamplerBase: Existing CookieManager HTTP cookie manager superseded by HTTP cookie manager
2026-01-27 17:19:57,543 INFO o.a.j.t.JMeterThread: Thread is done: User threads 1-305
2026-01-27 17:19:57,543 INFO o.a.j.t.JMeterThread: Thread finished: User threads 1-305
2026-01-27 17:19:57,547 INFO o.a.j.t.JMeterThread: Thread is done: User threads 1-50
2026-01-27 17:19:57,547 INFO o.a.j.t.JMeterThread: Thread finished: User threads 1-50
2026-01-27 17:19:57,551 WARN o.a.j.p.h.s.HTTPSamplerBase: Existing CookieManager HTTP cookie manager superseded by HTTP cookie manager
2026-01-27 17:19:57,554 WARN o.a.j.p.h.s.HTTPSamplerBase: Existing CookieManager HTTP cookie manager superseded by HTTP cookie manager
2026-01-27 17:19:57,555 INFO o.a.j.t.JMeterThread: Thread is done: User threads 1-199
2026-01-27 17:19:57,555 INFO o.a.j.t.JMeterThread: Thread finished: User threads 1-199
2026-01-27 17:19:57,558 INFO o.a.j.t.JMeterThread: Thread is done: User threads 1-166
2026-01-27 17:19:57,559 INFO o.a.j.t.JMeterThread: Thread finished: User threads 1-166
2026-01-27 17:19:57,568 INFO o.a.j.t.JMeterThread: Thread is done: User threads 1-76
2026-01-27 17:19:57,568 INFO o.a.j.t.JMeterThread: Thread finished: User threads 1-76
2026-01-27 17:19:57,628 WARN o.a.j.p.h.s.HTTPSamplerBase: Existing CookieManager HTTP cookie manager superseded by HTTP cookie manager
2026-01-27 17:19:57,632 INFO o.a.j.t.JMeterThread: Thread is done: User threads 1-27
2026-01-27 17:19:57,632 INFO o.a.j.t.JMeterThread: Thread finished: User threads 1-27
2026-01-27 17:19:57,663 WARN o.a.j.p.h.s.HTTPSamplerBase: Existing CookieManager HTTP cookie manager superseded by HTTP cookie manager
2026-01-27 17:19:57,671 WARN o.a.j.p.h.s.HTTPSamplerBase: Existing CookieManager HTTP cookie manager superseded by HTTP cookie manager
2026-01-27 17:19:57,702 WARN o.a.j.p.h.s.HTTPSamplerBase: Existing CookieManager HTTP cookie manager superseded by HTTP cookie manager
2026-01-27 17:19:57,710 WARN o.a.j.p.h.s.HTTPSamplerBase: Existing CookieManager HTTP cookie manager superseded by HTTP cookie manager
2026-01-27 17:19:57,719 WARN o.a.j.p.h.s.HTTPSamplerBase: Existing CookieManager HTTP cookie manager superseded by HTTP cookie manager
2026-01-27 17:19:57,745 WARN o.a.j.p.h.s.HTTPSamplerBase: Existing CookieManager HTTP cookie manager superseded by HTTP cookie manager
2026-01-27 17:19:57,759 WARN o.a.j.p.h.s.HTTPSamplerBase: Existing CookieManager HTTP cookie manager superseded by HTTP cookie manager
2026-01-27 17:19:57,767 WARN o.a.j.p.h.s.HTTPSamplerBase: Existing CookieManager HTTP cookie manager superseded by HTTP cookie manager
2026-01-27 17:19:57,804 WARN o.a.j.p.h.s.HTTPSamplerBase: Existing CookieManager HTTP cookie manager superseded by HTTP cookie manager
2026-01-27 17:19:57,824 WARN o.a.j.p.h.s.HTTPSamplerBase: Existing CookieManager HTTP cookie manager superseded by HTTP cookie manager
2026-01-27 17:19:57,831 WARN o.a.j.p.h.s.HTTPSamplerBase: Existing CookieManager HTTP cookie manager superseded by HTTP cookie manager
2026-01-27 17:19:57,836 WARN o.a.j.p.h.s.HTTPSamplerBase: Existing CookieManager HTTP cookie manager superseded by HTTP cookie manager
2026-01-27 17:19:57,872 WARN o.a.j.p.h.s.HTTPSamplerBase: Existing CookieManager HTTP cookie manager superseded by HTTP cookie manager
2026-01-27 17:19:57,873 WARN o.a.j.p.h.s.HTTPSamplerBase: Existing CookieManager HTTP cookie manager superseded by HTTP cookie manager
2026-01-27 17:19:57,880 WARN o.a.j.p.h.s.HTTPSamplerBase: Existing CookieManager HTTP cookie manager superseded by HTTP cookie manager
2026-01-27 17:19:57,887 WARN o.a.j.p.h.s.HTTPSamplerBase: Existing CookieManager HTTP cookie manager superseded by HTTP cookie manager
2026-01-27 17:19:57,894 INFO o.a.j.t.JMeterThread: Thread is done: User threads 1-132
2026-01-27 17:19:57,905 INFO o.a.j.t.JMeterThread: Thread is done: User threads 1-4
2026-01-27 17:19:57,907 INFO o.a.j.t.JMeterThread: Thread finished: User threads 1-132
2026-01-27 17:19:57,905 WARN o.a.j.p.h.s.HTTPSamplerBase: Existing CookieManager HTTP cookie manager superseded by HTTP cookie manager
2026-01-27 17:19:57,907 INFO o.a.j.t.JMeterThread: Thread finished: User threads 1-4
2026-01-27 17:19:57,908 WARN o.a.j.p.h.s.HTTPSamplerBase: Existing CookieManager HTTP cookie manager superseded by HTTP cookie manager
2026-01-27 17:19:57,960 WARN o.a.j.p.h.s.HTTPSamplerBase: Existing CookieManager HTTP cookie manager superseded by HTTP cookie manager
2026-01-27 17:19:57,962 WARN o.a.j.p.h.s.HTTPSamplerBase: Existing CookieManager HTTP cookie manager superseded by HTTP cookie manager
2026-01-27 17:19:57,984 WARN o.a.j.p.h.s.HTTPSamplerBase: Existing CookieManager HTTP cookie manager superseded by HTTP cookie manager
2026-01-27 17:19:58,006 INFO o.a.j.t.JMeterThread: Thread is done: User threads 1-372
2026-01-27 17:19:58,006 INFO o.a.j.t.JMeterThread: Thread finished: User threads 1-372
2026-01-27 17:19:58,018 WARN o.a.j.p.h.s.HTTPSamplerBase: Existing CookieManager HTTP cookie manager superseded by HTTP cookie manager
2026-01-27 17:19:58,034 INFO o.a.j.t.JMeterThread: Thread is done: User threads 1-125
2026-01-27 17:19:58,035 INFO o.a.j.t.JMeterThread: Thread finished: User threads 1-125
2026-01-27 17:19:58,035 WARN o.a.j.p.h.s.HTTPSamplerBase: Existing CookieManager HTTP cookie manager superseded by HTTP cookie manager
2026-01-27 17:19:58,038 WARN o.a.j.p.h.s.HTTPSamplerBase: Existing CookieManager HTTP cookie manager superseded by HTTP cookie manager
2026-01-27 17:19:58,044 INFO o.a.j.t.JMeterThread: Thread is done: User threads 1-106
2026-01-27 17:19:58,044 INFO o.a.j.t.JMeterThread: Thread finished: User threads 1-106
2026-01-27 17:19:58,085 WARN o.a.j.p.h.s.HTTPSamplerBase: Existing CookieManager HTTP cookie manager superseded by HTTP cookie manager
2026-01-27 17:19:58,110 WARN o.a.j.p.h.s.HTTPSamplerBase: Existing CookieManager HTTP cookie manager superseded by HTTP cookie manager
2026-01-27 17:19:58,111 WARN o.a.j.p.h.s.HTTPSamplerBase: Existing CookieManager HTTP cookie manager superseded by HTTP cookie manager
2026-01-27 17:19:58,130 INFO o.a.j.t.JMeterThread: Thread is done: User threads 1-68
2026-01-27 17:19:58,130 INFO o.a.j.t.JMeterThread: Thread finished: User threads 1-68
2026-01-27 17:19:58,152 WARN o.a.j.p.h.s.HTTPSamplerBase: Existing CookieManager HTTP cookie manager superseded by HTTP cookie manager
2026-01-27 17:19:58,152 INFO o.a.j.t.JMeterThread: Thread is done: User threads 1-185
2026-01-27 17:19:58,152 INFO o.a.j.t.JMeterThread: Thread finished: User threads 1-185
2026-01-27 17:19:58,169 WARN o.a.j.p.h.s.HTTPSamplerBase: Existing CookieManager HTTP cookie manager superseded by HTTP cookie manager
2026-01-27 17:19:58,197 WARN o.a.j.p.h.s.HTTPSamplerBase: Existing CookieManager HTTP cookie manager superseded by HTTP cookie manager
2026-01-27 17:19:58,197 INFO o.a.j.t.JMeterThread: Thread is done: User threads 1-167
2026-01-27 17:19:58,198 INFO o.a.j.t.JMeterThread: Thread finished: User threads 1-167
2026-01-27 17:19:58,203 INFO o.a.j.t.JMeterThread: Thread is done: User threads 1-136
2026-01-27 17:19:58,203 INFO o.a.j.t.JMeterThread: Thread finished: User threads 1-136
2026-01-27 17:19:58,219 INFO o.a.j.t.JMeterThread: Thread is done: User threads 1-28
2026-01-27 17:19:58,219 INFO o.a.j.t.JMeterThread: Thread finished: User threads 1-28
2026-01-27 17:19:58,240 WARN o.a.j.p.h.s.HTTPSamplerBase: Existing CookieManager HTTP cookie manager superseded by HTTP cookie manager
2026-01-27 17:19:58,251 WARN o.a.j.p.h.s.HTTPSamplerBase: Existing CookieManager HTTP cookie manager superseded by HTTP cookie manager
2026-01-27 17:19:58,260 WARN o.a.j.p.h.s.HTTPSamplerBase: Existing CookieManager HTTP cookie manager superseded by HTTP cookie manager
2026-01-27 17:19:58,267 WARN o.a.j.p.h.s.HTTPSamplerBase: Existing CookieManager HTTP cookie manager superseded by HTTP cookie manager
2026-01-27 17:19:58,271 WARN o.a.j.p.h.s.HTTPSamplerBase: Existing CookieManager HTTP cookie manager superseded by HTTP cookie manager
2026-01-27 17:19:58,273 WARN o.a.j.p.h.s.HTTPSamplerBase: Existing CookieManager HTTP cookie manager superseded by HTTP cookie manager
2026-01-27 17:19:58,297 WARN o.a.j.p.h.s.HTTPSamplerBase: Existing CookieManager HTTP cookie manager superseded by HTTP cookie manager
2026-01-27 17:19:58,298 WARN o.a.j.p.h.s.HTTPSamplerBase: Existing CookieManager HTTP cookie manager superseded by HTTP cookie manager
2026-01-27 17:19:58,304 WARN o.a.j.p.h.s.HTTPSamplerBase: Existing CookieManager HTTP cookie manager superseded by HTTP cookie manager
2026-01-27 17:19:58,316 WARN o.a.j.p.h.s.HTTPSamplerBase: Existing CookieManager HTTP cookie manager superseded by HTTP cookie manager
2026-01-27 17:19:58,334 WARN o.a.j.p.h.s.HTTPSamplerBase: Existing CookieManager HTTP cookie manager superseded by HTTP cookie manager
2026-01-27 17:19:58,343 INFO o.a.j.t.JMeterThread: Thread is done: User threads 1-165
2026-01-27 17:19:58,343 INFO o.a.j.t.JMeterThread: Thread finished: User threads 1-165
2026-01-27 17:19:58,349 WARN o.a.j.p.h.s.HTTPSamplerBase: Existing CookieManager HTTP cookie manager superseded by HTTP cookie manager
2026-01-27 17:19:58,352 INFO o.a.j.t.JMeterThread: Thread is done: User threads 1-8
2026-01-27 17:19:58,352 INFO o.a.j.t.JMeterThread: Thread finished: User threads 1-8
2026-01-27 17:19:58,359 WARN o.a.j.p.h.s.HTTPSamplerBase: Existing CookieManager HTTP cookie manager superseded by HTTP cookie manager
2026-01-27 17:19:58,372 INFO o.a.j.t.JMeterThread: Thread is done: User threads 1-276
2026-01-27 17:19:58,372 INFO o.a.j.t.JMeterThread: Thread finished: User threads 1-276
2026-01-27 17:19:58,405 WARN o.a.j.p.h.s.HTTPSamplerBase: Existing CookieManager HTTP cookie manager superseded by HTTP cookie manager
2026-01-27 17:19:58,423 INFO o.a.j.t.JMeterThread: Thread is done: User threads 1-159
2026-01-27 17:19:58,423 INFO o.a.j.t.JMeterThread: Thread finished: User threads 1-159
2026-01-27 17:19:58,426 INFO o.a.j.t.JMeterThread: Thread is done: User threads 1-227
2026-01-27 17:19:58,426 INFO o.a.j.t.JMeterThread: Thread finished: User threads 1-227
2026-01-27 17:19:58,443 WARN o.a.j.p.h.s.HTTPSamplerBase: Existing CookieManager HTTP cookie manager superseded by HTTP cookie manager
2026-01-27 17:19:58,469 WARN o.a.j.p.h.s.HTTPSamplerBase: Existing CookieManager HTTP cookie manager superseded by HTTP cookie manager
2026-01-27 17:19:58,471 WARN o.a.j.p.h.s.HTTPSamplerBase: Existing CookieManager HTTP cookie manager superseded by HTTP cookie manager
2026-01-27 17:19:58,503 INFO o.a.j.t.JMeterThread: Thread is done: User threads 1-89
2026-01-27 17:19:58,503 INFO o.a.j.t.JMeterThread: Thread finished: User threads 1-89
2026-01-27 17:19:58,548 WARN o.a.j.p.h.s.HTTPSamplerBase: Existing CookieManager HTTP cookie manager superseded by HTTP cookie manager
2026-01-27 17:19:58,553 WARN o.a.j.p.h.s.HTTPSamplerBase: Existing CookieManager HTTP cookie manager superseded by HTTP cookie manager
2026-01-27 17:19:58,564 INFO o.a.j.t.JMeterThread: Thread is done: User threads 1-195
2026-01-27 17:19:58,564 INFO o.a.j.t.JMeterThread: Thread finished: User threads 1-195
2026-01-27 17:19:58,573 INFO o.a.j.t.JMeterThread: Thread is done: User threads 1-98
2026-01-27 17:19:58,573 INFO o.a.j.t.JMeterThread: Thread finished: User threads 1-98
2026-01-27 17:19:58,576 INFO o.a.j.t.JMeterThread: Thread is done: User threads 1-235
2026-01-27 17:19:58,576 INFO o.a.j.t.JMeterThread: Thread finished: User threads 1-235
2026-01-27 17:19:58,589 WARN o.a.j.p.h.s.HTTPSamplerBase: Existing CookieManager HTTP cookie manager superseded by HTTP cookie manager
2026-01-27 17:19:58,603 WARN o.a.j.p.h.s.HTTPSamplerBase: Existing CookieManager HTTP cookie manager superseded by HTTP cookie manager
2026-01-27 17:19:58,614 WARN o.a.j.p.h.s.HTTPSamplerBase: Existing CookieManager HTTP cookie manager superseded by HTTP cookie manager
2026-01-27 17:19:58,620 WARN o.a.j.p.h.s.HTTPSamplerBase: Existing CookieManager HTTP cookie manager superseded by HTTP cookie manager
2026-01-27 17:19:58,627 WARN o.a.j.p.h.s.HTTPSamplerBase: Existing CookieManager HTTP cookie manager superseded by HTTP cookie manager
2026-01-27 17:19:58,628 WARN o.a.j.p.h.s.HTTPSamplerBase: Existing CookieManager HTTP cookie manager superseded by HTTP cookie manager
2026-01-27 17:19:58,639 WARN o.a.j.p.h.s.HTTPSamplerBase: Existing CookieManager HTTP cookie manager superseded by HTTP cookie manager
2026-01-27 17:19:58,664 INFO o.a.j.t.JMeterThread: Thread is done: User threads 1-183
2026-01-27 17:19:58,664 INFO o.a.j.t.JMeterThread: Thread finished: User threads 1-183
2026-01-27 17:19:58,669 WARN o.a.j.p.h.s.HTTPSamplerBase: Existing CookieManager HTTP cookie manager superseded by HTTP cookie manager
2026-01-27 17:19:58,669 WARN o.a.j.p.h.s.HTTPSamplerBase: Existing CookieManager HTTP cookie manager superseded by HTTP cookie manager
2026-01-27 17:19:58,675 INFO o.a.j.t.JMeterThread: Thread is done: User threads 1-118
2026-01-27 17:19:58,675 INFO o.a.j.t.JMeterThread: Thread finished: User threads 1-118
2026-01-27 17:19:58,679 WARN o.a.j.p.h.s.HTTPSamplerBase: Existing CookieManager HTTP cookie manager superseded by HTTP cookie manager
2026-01-27 17:19:58,682 WARN o.a.j.p.h.s.HTTPSamplerBase: Existing CookieManager HTTP cookie manager superseded by HTTP cookie manager
2026-01-27 17:19:58,696 WARN o.a.j.p.h.s.HTTPSamplerBase: Existing CookieManager HTTP cookie manager superseded by HTTP cookie manager
2026-01-27 17:19:58,711 INFO o.a.j.t.JMeterThread: Thread is done: User threads 1-134
2026-01-27 17:19:58,711 INFO o.a.j.t.JMeterThread: Thread finished: User threads 1-134
2026-01-27 17:19:58,712 INFO o.a.j.t.JMeterThread: Thread is done: User threads 1-119
2026-01-27 17:19:58,712 INFO o.a.j.t.JMeterThread: Thread finished: User threads 1-119
2026-01-27 17:19:58,737 WARN o.a.j.p.h.s.HTTPSamplerBase: Existing CookieManager HTTP cookie manager superseded by HTTP cookie manager
2026-01-27 17:19:58,738 INFO o.a.j.t.JMeterThread: Thread is done: User threads 1-212
2026-01-27 17:19:58,738 INFO o.a.j.t.JMeterThread: Thread finished: User threads 1-212
2026-01-27 17:19:58,739 INFO o.a.j.t.JMeterThread: Thread is done: User threads 1-220
2026-01-27 17:19:58,739 INFO o.a.j.t.JMeterThread: Thread finished: User threads 1-220
2026-01-27 17:19:58,813 WARN o.a.j.p.h.s.HTTPSamplerBase: Existing CookieManager HTTP cookie manager superseded by HTTP cookie manager
2026-01-27 17:19:58,818 WARN o.a.j.p.h.s.HTTPSamplerBase: Existing CookieManager HTTP cookie manager superseded by HTTP cookie manager
2026-01-27 17:19:58,823 WARN o.a.j.p.h.s.HTTPSamplerBase: Existing CookieManager HTTP cookie manager superseded by HTTP cookie manager
2026-01-27 17:19:58,852 INFO o.a.j.t.JMeterThread: Thread is done: User threads 1-213
2026-01-27 17:19:58,853 INFO o.a.j.t.JMeterThread: Thread finished: User threads 1-213
2026-01-27 17:19:58,862 WARN o.a.j.p.h.s.HTTPSamplerBase: Existing CookieManager HTTP cookie manager superseded by HTTP cookie manager
2026-01-27 17:19:58,866 WARN o.a.j.p.h.s.HTTPSamplerBase: Existing CookieManager HTTP cookie manager superseded by HTTP cookie manager
2026-01-27 17:19:58,871 WARN o.a.j.p.h.s.HTTPSamplerBase: Existing CookieManager HTTP cookie manager superseded by HTTP cookie manager
2026-01-27 17:19:58,874 INFO o.a.j.t.JMeterThread: Thread is done: User threads 1-11
2026-01-27 17:19:58,874 INFO o.a.j.t.JMeterThread: Thread finished: User threads 1-11
2026-01-27 17:19:58,876 INFO o.a.j.t.JMeterThread: Thread is done: User threads 1-131
2026-01-27 17:19:58,876 INFO o.a.j.t.JMeterThread: Thread finished: User threads 1-131
2026-01-27 17:19:58,884 WARN o.a.j.p.h.s.HTTPSamplerBase: Existing CookieManager HTTP cookie manager superseded by HTTP cookie manager
2026-01-27 17:19:58,888 WARN o.a.j.p.h.s.HTTPSamplerBase: Existing CookieManager HTTP cookie manager superseded by HTTP cookie manager
2026-01-27 17:19:58,921 WARN o.a.j.p.h.s.HTTPSamplerBase: Existing CookieManager HTTP cookie manager superseded by HTTP cookie manager
2026-01-27 17:19:58,928 INFO o.a.j.t.JMeterThread: Thread is done: User threads 1-219
2026-01-27 17:19:58,928 INFO o.a.j.t.JMeterThread: Thread finished: User threads 1-219
2026-01-27 17:19:58,952 WARN o.a.j.p.h.s.HTTPSamplerBase: Existing CookieManager HTTP cookie manager superseded by HTTP cookie manager
2026-01-27 17:19:59,015 WARN o.a.j.p.h.s.HTTPSamplerBase: Existing CookieManager HTTP cookie manager superseded by HTTP cookie manager
2026-01-27 17:19:59,028 INFO o.a.j.t.JMeterThread: Thread is done: User threads 1-20
2026-01-27 17:19:59,028 INFO o.a.j.t.JMeterThread: Thread finished: User threads 1-20
2026-01-27 17:19:59,056 WARN o.a.j.p.h.s.HTTPSamplerBase: Existing CookieManager HTTP cookie manager superseded by HTTP cookie manager
2026-01-27 17:19:59,058 WARN o.a.j.p.h.s.HTTPSamplerBase: Existing CookieManager HTTP cookie manager superseded by HTTP cookie manager
2026-01-27 17:19:59,063 WARN o.a.j.p.h.s.HTTPSamplerBase: Existing CookieManager HTTP cookie manager superseded by HTTP cookie manager
2026-01-27 17:19:59,081 WARN o.a.j.p.h.s.HTTPSamplerBase: Existing CookieManager HTTP cookie manager superseded by HTTP cookie manager
2026-01-27 17:19:59,081 INFO o.a.j.t.JMeterThread: Thread is done: User threads 1-157
2026-01-27 17:19:59,081 INFO o.a.j.t.JMeterThread: Thread finished: User threads 1-157
2026-01-27 17:19:59,098 WARN o.a.j.p.h.s.HTTPSamplerBase: Existing CookieManager HTTP cookie manager superseded by HTTP cookie manager
2026-01-27 17:19:59,103 INFO o.a.j.t.JMeterThread: Thread is done: User threads 1-389
2026-01-27 17:19:59,103 INFO o.a.j.t.JMeterThread: Thread finished: User threads 1-389
2026-01-27 17:19:59,116 WARN o.a.j.p.h.s.HTTPSamplerBase: Existing CookieManager HTTP cookie manager superseded by HTTP cookie manager
2026-01-27 17:19:59,134 WARN o.a.j.p.h.s.HTTPSamplerBase: Existing CookieManager HTTP cookie manager superseded by HTTP cookie manager
2026-01-27 17:19:59,147 WARN o.a.j.p.h.s.HTTPSamplerBase: Existing CookieManager HTTP cookie manager superseded by HTTP cookie manager
2026-01-27 17:19:59,164 WARN o.a.j.p.h.s.HTTPSamplerBase: Existing CookieManager HTTP cookie manager superseded by HTTP cookie manager
2026-01-27 17:19:59,165 INFO o.a.j.t.JMeterThread: Thread is done: User threads 1-356
2026-01-27 17:19:59,165 INFO o.a.j.t.JMeterThread: Thread finished: User threads 1-356
2026-01-27 17:19:59,173 WARN o.a.j.p.h.s.HTTPSamplerBase: Existing CookieManager HTTP cookie manager superseded by HTTP cookie manager
2026-01-27 17:19:59,173 WARN o.a.j.p.h.s.HTTPSamplerBase: Existing CookieManager HTTP cookie manager superseded by HTTP cookie manager
2026-01-27 17:19:59,178 INFO o.a.j.t.JMeterThread: Thread is done: User threads 1-244
2026-01-27 17:19:59,179 INFO o.a.j.t.JMeterThread: Thread finished: User threads 1-244
2026-01-27 17:19:59,188 WARN o.a.j.p.h.s.HTTPSamplerBase: Existing CookieManager HTTP cookie manager superseded by HTTP cookie manager
2026-01-27 17:19:59,207 WARN o.a.j.p.h.s.HTTPSamplerBase: Existing CookieManager HTTP cookie manager superseded by HTTP cookie manager
2026-01-27 17:19:59,264 INFO o.a.j.t.JMeterThread: Thread is done: User threads 1-339
2026-01-27 17:19:59,264 INFO o.a.j.t.JMeterThread: Thread finished: User threads 1-339
2026-01-27 17:19:59,275 WARN o.a.j.p.h.s.HTTPSamplerBase: Existing CookieManager HTTP cookie manager superseded by HTTP cookie manager
2026-01-27 17:19:59,275 WARN o.a.j.p.h.s.HTTPSamplerBase: Existing CookieManager HTTP cookie manager superseded by HTTP cookie manager
2026-01-27 17:19:59,275 INFO o.a.j.t.JMeterThread: Thread is done: User threads 1-336
2026-01-27 17:19:59,275 INFO o.a.j.t.JMeterThread: Thread finished: User threads 1-336
2026-01-27 17:19:59,315 INFO o.a.j.t.JMeterThread: Thread is done: User threads 1-186
2026-01-27 17:19:59,315 INFO o.a.j.t.JMeterThread: Thread finished: User threads 1-186
2026-01-27 17:19:59,319 WARN o.a.j.p.h.s.HTTPSamplerBase: Existing CookieManager HTTP cookie manager superseded by HTTP cookie manager
2026-01-27 17:19:59,331 WARN o.a.j.p.h.s.HTTPSamplerBase: Existing CookieManager HTTP cookie manager superseded by HTTP cookie manager
2026-01-27 17:19:59,339 WARN o.a.j.p.h.s.HTTPSamplerBase: Existing CookieManager HTTP cookie manager superseded by HTTP cookie manager
2026-01-27 17:19:59,369 INFO o.a.j.t.JMeterThread: Thread is done: User threads 1-316
2026-01-27 17:19:59,369 WARN o.a.j.p.h.s.HTTPSamplerBase: Existing CookieManager HTTP cookie manager superseded by HTTP cookie manager
2026-01-27 17:19:59,369 INFO o.a.j.t.JMeterThread: Thread finished: User threads 1-316
2026-01-27 17:19:59,382 INFO o.a.j.t.JMeterThread: Thread is done: User threads 1-107
2026-01-27 17:19:59,382 INFO o.a.j.t.JMeterThread: Thread finished: User threads 1-107
2026-01-27 17:19:59,398 INFO o.a.j.t.JMeterThread: Thread is done: User threads 1-140
2026-01-27 17:19:59,398 INFO o.a.j.t.JMeterThread: Thread finished: User threads 1-140
2026-01-27 17:19:59,399 INFO o.a.j.t.JMeterThread: Thread is done: User threads 1-14
2026-01-27 17:19:59,399 INFO o.a.j.t.JMeterThread: Thread finished: User threads 1-14
2026-01-27 17:19:59,401 WARN o.a.j.p.h.s.HTTPSamplerBase: Existing CookieManager HTTP cookie manager superseded by HTTP cookie manager
2026-01-27 17:19:59,419 INFO o.a.j.t.JMeterThread: Thread is done: User threads 1-31
2026-01-27 17:19:59,419 INFO o.a.j.t.JMeterThread: Thread finished: User threads 1-31
2026-01-27 17:19:59,423 WARN o.a.j.p.h.s.HTTPSamplerBase: Existing CookieManager HTTP cookie manager superseded by HTTP cookie manager
2026-01-27 17:19:59,426 INFO o.a.j.t.JMeterThread: Thread is done: User threads 1-149
2026-01-27 17:19:59,426 INFO o.a.j.t.JMeterThread: Thread finished: User threads 1-149
2026-01-27 17:19:59,431 INFO o.a.j.t.JMeterThread: Thread is done: User threads 1-80
2026-01-27 17:19:59,431 INFO o.a.j.t.JMeterThread: Thread finished: User threads 1-80
2026-01-27 17:19:59,441 WARN o.a.j.p.h.s.HTTPSamplerBase: Existing CookieManager HTTP cookie manager superseded by HTTP cookie manager
2026-01-27 17:19:59,447 INFO o.a.j.t.JMeterThread: Thread is done: User threads 1-103
2026-01-27 17:19:59,447 INFO o.a.j.t.JMeterThread: Thread finished: User threads 1-103
2026-01-27 17:19:59,496 WARN o.a.j.p.h.s.HTTPSamplerBase: Existing CookieManager HTTP cookie manager superseded by HTTP cookie manager
2026-01-27 17:19:59,512 WARN o.a.j.p.h.s.HTTPSamplerBase: Existing CookieManager HTTP cookie manager superseded by HTTP cookie manager
2026-01-27 17:19:59,516 INFO o.a.j.t.JMeterThread: Thread is done: User threads 1-18
2026-01-27 17:19:59,516 INFO o.a.j.t.JMeterThread: Thread finished: User threads 1-18
2026-01-27 17:19:59,538 WARN o.a.j.p.h.s.HTTPSamplerBase: Existing CookieManager HTTP cookie manager superseded by HTTP cookie manager
2026-01-27 17:19:59,538 INFO o.a.j.t.JMeterThread: Thread is done: User threads 1-243
2026-01-27 17:19:59,538 INFO o.a.j.t.JMeterThread: Thread finished: User threads 1-243
2026-01-27 17:19:59,548 INFO o.a.j.t.JMeterThread: Thread is done: User threads 1-126
2026-01-27 17:19:59,548 INFO o.a.j.t.JMeterThread: Thread finished: User threads 1-126
2026-01-27 17:19:59,559 WARN o.a.j.p.h.s.HTTPSamplerBase: Existing CookieManager HTTP cookie manager superseded by HTTP cookie manager
2026-01-27 17:19:59,559 INFO o.a.j.t.JMeterThread: Thread is done: User threads 1-181
2026-01-27 17:19:59,559 INFO o.a.j.t.JMeterThread: Thread finished: User threads 1-181
2026-01-27 17:19:59,561 INFO o.a.j.t.JMeterThread: Thread is done: User threads 1-172
2026-01-27 17:19:59,561 INFO o.a.j.t.JMeterThread: Thread finished: User threads 1-172
2026-01-27 17:19:59,562 WARN o.a.j.p.h.s.HTTPSamplerBase: Existing CookieManager HTTP cookie manager superseded by HTTP cookie manager
2026-01-27 17:19:59,565 WARN o.a.j.p.h.s.HTTPSamplerBase: Existing CookieManager HTTP cookie manager superseded by HTTP cookie manager
2026-01-27 17:19:59,575 WARN o.a.j.p.h.s.HTTPSamplerBase: Existing CookieManager HTTP cookie manager superseded by HTTP cookie manager
2026-01-27 17:19:59,582 WARN o.a.j.p.h.s.HTTPSamplerBase: Existing CookieManager HTTP cookie manager superseded by HTTP cookie manager
2026-01-27 17:19:59,600 WARN o.a.j.p.h.s.HTTPSamplerBase: Existing CookieManager HTTP cookie manager superseded by HTTP cookie manager
2026-01-27 17:19:59,607 WARN o.a.j.p.h.s.HTTPSamplerBase: Existing CookieManager HTTP cookie manager superseded by HTTP cookie manager
2026-01-27 17:19:59,607 WARN o.a.j.p.h.s.HTTPSamplerBase: Existing CookieManager HTTP cookie manager superseded by HTTP cookie manager
2026-01-27 17:19:59,609 WARN o.a.j.p.h.s.HTTPSamplerBase: Existing CookieManager HTTP cookie manager superseded by HTTP cookie manager
2026-01-27 17:19:59,652 WARN o.a.j.p.h.s.HTTPSamplerBase: Existing CookieManager HTTP cookie manager superseded by HTTP cookie manager
2026-01-27 17:19:59,683 WARN o.a.j.p.h.s.HTTPSamplerBase: Existing CookieManager HTTP cookie manager superseded by HTTP cookie manager
2026-01-27 17:19:59,691 INFO o.a.j.t.JMeterThread: Thread is done: User threads 1-288
2026-01-27 17:19:59,691 INFO o.a.j.t.JMeterThread: Thread finished: User threads 1-288
2026-01-27 17:19:59,691 WARN o.a.j.p.h.s.HTTPSamplerBase: Existing CookieManager HTTP cookie manager superseded by HTTP cookie manager
2026-01-27 17:19:59,712 INFO o.a.j.t.JMeterThread: Thread is done: User threads 1-55
2026-01-27 17:19:59,713 INFO o.a.j.t.JMeterThread: Thread finished: User threads 1-55
2026-01-27 17:19:59,722 INFO o.a.j.t.JMeterThread: Thread is done: User threads 1-90
2026-01-27 17:19:59,722 INFO o.a.j.t.JMeterThread: Thread finished: User threads 1-90
2026-01-27 17:19:59,728 WARN o.a.j.p.h.s.HTTPSamplerBase: Existing CookieManager HTTP cookie manager superseded by HTTP cookie manager
2026-01-27 17:19:59,738 WARN o.a.j.p.h.s.HTTPSamplerBase: Existing CookieManager HTTP cookie manager superseded by HTTP cookie manager
2026-01-27 17:19:59,746 WARN o.a.j.p.h.s.HTTPSamplerBase: Existing CookieManager HTTP cookie manager superseded by HTTP cookie manager
2026-01-27 17:19:59,758 INFO o.a.j.t.JMeterThread: Thread is done: User threads 1-293
2026-01-27 17:19:59,758 INFO o.a.j.t.JMeterThread: Thread finished: User threads 1-293
2026-01-27 17:19:59,775 WARN o.a.j.p.h.s.HTTPSamplerBase: Existing CookieManager HTTP cookie manager superseded by HTTP cookie manager
2026-01-27 17:19:59,784 WARN o.a.j.p.h.s.HTTPSamplerBase: Existing CookieManager HTTP cookie manager superseded by HTTP cookie manager
2026-01-27 17:19:59,799 WARN o.a.j.p.h.s.HTTPSamplerBase: Existing CookieManager HTTP cookie manager superseded by HTTP cookie manager
2026-01-27 17:19:59,811 WARN o.a.j.p.h.s.HTTPSamplerBase: Existing CookieManager HTTP cookie manager superseded by HTTP cookie manager
2026-01-27 17:19:59,812 INFO o.a.j.t.JMeterThread: Thread is done: User threads 1-47
2026-01-27 17:19:59,812 WARN o.a.j.p.h.s.HTTPSamplerBase: Existing CookieManager HTTP cookie manager superseded by HTTP cookie manager
2026-01-27 17:19:59,812 INFO o.a.j.t.JMeterThread: Thread finished: User threads 1-47
2026-01-27 17:19:59,827 WARN o.a.j.p.h.s.HTTPSamplerBase: Existing CookieManager HTTP cookie manager superseded by HTTP cookie manager
2026-01-27 17:19:59,827 WARN o.a.j.p.h.s.HTTPSamplerBase: Existing CookieManager HTTP cookie manager superseded by HTTP cookie manager
2026-01-27 17:19:59,839 WARN o.a.j.p.h.s.HTTPSamplerBase: Existing CookieManager HTTP cookie manager superseded by HTTP cookie manager
2026-01-27 17:19:59,840 WARN o.a.j.p.h.s.HTTPSamplerBase: Existing CookieManager HTTP cookie manager superseded by HTTP cookie manager
2026-01-27 17:19:59,862 INFO o.a.j.t.JMeterThread: Thread is done: User threads 1-60
2026-01-27 17:19:59,862 INFO o.a.j.t.JMeterThread: Thread finished: User threads 1-60
2026-01-27 17:19:59,869 WARN o.a.j.p.h.s.HTTPSamplerBase: Existing CookieManager HTTP cookie manager superseded by HTTP cookie manager
2026-01-27 17:19:59,891 INFO o.a.j.t.JMeterThread: Thread is done: User threads 1-15
2026-01-27 17:19:59,891 INFO o.a.j.t.JMeterThread: Thread finished: User threads 1-15
2026-01-27 17:19:59,916 WARN o.a.j.p.h.s.HTTPSamplerBase: Existing CookieManager HTTP cookie manager superseded by HTTP cookie manager
2026-01-27 17:19:59,948 WARN o.a.j.p.h.s.HTTPSamplerBase: Existing CookieManager HTTP cookie manager superseded by HTTP cookie manager
2026-01-27 17:19:59,972 INFO o.a.j.t.JMeterThread: Thread is done: User threads 1-88
2026-01-27 17:19:59,972 INFO o.a.j.t.JMeterThread: Thread finished: User threads 1-88
2026-01-27 17:19:59,983 INFO o.a.j.t.JMeterThread: Thread is done: User threads 1-124
2026-01-27 17:19:59,983 INFO o.a.j.t.JMeterThread: Thread finished: User threads 1-124
2026-01-27 17:19:59,988 INFO o.a.j.t.JMeterThread: Thread is done: User threads 1-279
2026-01-27 17:19:59,988 INFO o.a.j.t.JMeterThread: Thread finished: User threads 1-279
2026-01-27 17:19:59,995 WARN o.a.j.p.h.s.HTTPSamplerBase: Existing CookieManager HTTP cookie manager superseded by HTTP cookie manager
2026-01-27 17:20:00,001 INFO o.a.j.r.Summariser: summary +  15333 in 00:00:30 =  511.1/s Avg:   641 Min:     7 Max:  5662 Err:     0 (0.00%) Active: 354 Started: 500 Finished: 146
2026-01-27 17:20:00,002 INFO o.a.j.r.Summariser: summary =  62356 in 00:01:49 =  570.2/s Avg:   514 Min:     3 Max:  5815 Err:    28 (0.04%)
2026-01-27 17:20:00,002 WARN o.a.j.p.h.s.HTTPSamplerBase: Existing CookieManager HTTP cookie manager superseded by HTTP cookie manager
2026-01-27 17:20:00,005 INFO o.a.j.t.JMeterThread: Thread is done: User threads 1-113
2026-01-27 17:20:00,005 INFO o.a.j.t.JMeterThread: Thread finished: User threads 1-113
2026-01-27 17:20:00,016 INFO o.a.j.t.JMeterThread: Thread is done: User threads 1-320
2026-01-27 17:20:00,016 INFO o.a.j.t.JMeterThread: Thread finished: User threads 1-320
2026-01-27 17:20:00,031 INFO o.a.j.t.JMeterThread: Thread is done: User threads 1-353
2026-01-27 17:20:00,031 INFO o.a.j.t.JMeterThread: Thread finished: User threads 1-353
2026-01-27 17:20:00,064 WARN o.a.j.p.h.s.HTTPSamplerBase: Existing CookieManager HTTP cookie manager superseded by HTTP cookie manager
2026-01-27 17:20:00,116 WARN o.a.j.p.h.s.HTTPSamplerBase: Existing CookieManager HTTP cookie manager superseded by HTTP cookie manager
2026-01-27 17:20:00,121 INFO o.a.j.t.JMeterThread: Thread is done: User threads 1-171
2026-01-27 17:20:00,121 INFO o.a.j.t.JMeterThread: Thread finished: User threads 1-171
2026-01-27 17:20:00,135 WARN o.a.j.p.h.s.HTTPSamplerBase: Existing CookieManager HTTP cookie manager superseded by HTTP cookie manager
2026-01-27 17:20:00,175 INFO o.a.j.t.JMeterThread: Thread is done: User threads 1-386
2026-01-27 17:20:00,175 INFO o.a.j.t.JMeterThread: Thread finished: User threads 1-386
2026-01-27 17:20:00,196 INFO o.a.j.t.JMeterThread: Thread is done: User threads 1-292
2026-01-27 17:20:00,196 INFO o.a.j.t.JMeterThread: Thread finished: User threads 1-292
2026-01-27 17:20:00,215 WARN o.a.j.p.h.s.HTTPSamplerBase: Existing CookieManager HTTP cookie manager superseded by HTTP cookie manager
2026-01-27 17:20:00,245 WARN o.a.j.p.h.s.HTTPSamplerBase: Existing CookieManager HTTP cookie manager superseded by HTTP cookie manager
2026-01-27 17:20:00,262 INFO o.a.j.t.JMeterThread: Thread is done: User threads 1-476
2026-01-27 17:20:00,262 INFO o.a.j.t.JMeterThread: Thread finished: User threads 1-476
2026-01-27 17:20:00,268 INFO o.a.j.t.JMeterThread: Thread is done: User threads 1-58
2026-01-27 17:20:00,269 INFO o.a.j.t.JMeterThread: Thread finished: User threads 1-58
2026-01-27 17:20:00,269 INFO o.a.j.t.JMeterThread: Thread is done: User threads 1-265
2026-01-27 17:20:00,269 INFO o.a.j.t.JMeterThread: Thread finished: User threads 1-265
2026-01-27 17:20:00,287 INFO o.a.j.t.JMeterThread: Thread is done: User threads 1-324
2026-01-27 17:20:00,287 INFO o.a.j.t.JMeterThread: Thread finished: User threads 1-324
2026-01-27 17:20:00,316 INFO o.a.j.t.JMeterThread: Thread is done: User threads 1-117
2026-01-27 17:20:00,316 INFO o.a.j.t.JMeterThread: Thread finished: User threads 1-117
2026-01-27 17:20:00,329 WARN o.a.j.p.h.s.HTTPSamplerBase: Existing CookieManager HTTP cookie manager superseded by HTTP cookie manager
2026-01-27 17:20:00,336 INFO o.a.j.t.JMeterThread: Thread is done: User threads 1-95
2026-01-27 17:20:00,336 INFO o.a.j.t.JMeterThread: Thread finished: User threads 1-95
2026-01-27 17:20:00,341 INFO o.a.j.t.JMeterThread: Thread is done: User threads 1-274
2026-01-27 17:20:00,341 INFO o.a.j.t.JMeterThread: Thread finished: User threads 1-274
2026-01-27 17:20:00,354 INFO o.a.j.t.JMeterThread: Thread is done: User threads 1-176
2026-01-27 17:20:00,354 INFO o.a.j.t.JMeterThread: Thread finished: User threads 1-176
2026-01-27 17:20:00,356 WARN o.a.j.p.h.s.HTTPSamplerBase: Existing CookieManager HTTP cookie manager superseded by HTTP cookie manager
2026-01-27 17:20:00,369 INFO o.a.j.t.JMeterThread: Thread is done: User threads 1-26
2026-01-27 17:20:00,369 INFO o.a.j.t.JMeterThread: Thread finished: User threads 1-26
2026-01-27 17:20:00,373 WARN o.a.j.p.h.s.HTTPSamplerBase: Existing CookieManager HTTP cookie manager superseded by HTTP cookie manager
2026-01-27 17:20:00,374 INFO o.a.j.t.JMeterThread: Thread is done: User threads 1-326
2026-01-27 17:20:00,374 INFO o.a.j.t.JMeterThread: Thread finished: User threads 1-326
2026-01-27 17:20:00,427 WARN o.a.j.p.h.s.HTTPSamplerBase: Existing CookieManager HTTP cookie manager superseded by HTTP cookie manager
2026-01-27 17:20:00,430 WARN o.a.j.p.h.s.HTTPSamplerBase: Existing CookieManager HTTP cookie manager superseded by HTTP cookie manager
2026-01-27 17:20:00,432 INFO o.a.j.t.JMeterThread: Thread is done: User threads 1-418
2026-01-27 17:20:00,432 INFO o.a.j.t.JMeterThread: Thread finished: User threads 1-418
2026-01-27 17:20:00,458 WARN o.a.j.p.h.s.HTTPSamplerBase: Existing CookieManager HTTP cookie manager superseded by HTTP cookie manager
2026-01-27 17:20:00,467 WARN o.a.j.p.h.s.HTTPSamplerBase: Existing CookieManager HTTP cookie manager superseded by HTTP cookie manager
2026-01-27 17:20:00,476 INFO o.a.j.t.JMeterThread: Thread is done: User threads 1-189
2026-01-27 17:20:00,476 INFO o.a.j.t.JMeterThread: Thread finished: User threads 1-189
2026-01-27 17:20:00,562 INFO o.a.j.t.JMeterThread: Thread is done: User threads 1-22
2026-01-27 17:20:00,562 INFO o.a.j.t.JMeterThread: Thread finished: User threads 1-22
2026-01-27 17:20:00,569 INFO o.a.j.t.JMeterThread: Thread is done: User threads 1-12
2026-01-27 17:20:00,569 INFO o.a.j.t.JMeterThread: Thread finished: User threads 1-12
2026-01-27 17:20:00,595 WARN o.a.j.p.h.s.HTTPSamplerBase: Existing CookieManager HTTP cookie manager superseded by HTTP cookie manager
2026-01-27 17:20:00,598 WARN o.a.j.p.h.s.HTTPSamplerBase: Existing CookieManager HTTP cookie manager superseded by HTTP cookie manager
2026-01-27 17:20:00,606 WARN o.a.j.p.h.s.HTTPSamplerBase: Existing CookieManager HTTP cookie manager superseded by HTTP cookie manager
2026-01-27 17:20:00,606 INFO o.a.j.t.JMeterThread: Thread is done: User threads 1-143
2026-01-27 17:20:00,606 INFO o.a.j.t.JMeterThread: Thread finished: User threads 1-143
2026-01-27 17:20:00,616 WARN o.a.j.p.h.s.HTTPSamplerBase: Existing CookieManager HTTP cookie manager superseded by HTTP cookie manager
2026-01-27 17:20:00,618 WARN o.a.j.p.h.s.HTTPSamplerBase: Existing CookieManager HTTP cookie manager superseded by HTTP cookie manager
2026-01-27 17:20:00,617 WARN o.a.j.p.h.s.HTTPSamplerBase: Existing CookieManager HTTP cookie manager superseded by HTTP cookie manager
2026-01-27 17:20:00,625 INFO o.a.j.t.JMeterThread: Thread is done: User threads 1-286
2026-01-27 17:20:00,625 INFO o.a.j.t.JMeterThread: Thread finished: User threads 1-286
2026-01-27 17:20:00,634 INFO o.a.j.t.JMeterThread: Thread is done: User threads 1-404
2026-01-27 17:20:00,634 INFO o.a.j.t.JMeterThread: Thread finished: User threads 1-404
2026-01-27 17:20:00,643 WARN o.a.j.p.h.s.HTTPSamplerBase: Existing CookieManager HTTP cookie manager superseded by HTTP cookie manager
2026-01-27 17:20:00,644 WARN o.a.j.p.h.s.HTTPSamplerBase: Existing CookieManager HTTP cookie manager superseded by HTTP cookie manager
2026-01-27 17:20:00,648 WARN o.a.j.p.h.s.HTTPSamplerBase: Existing CookieManager HTTP cookie manager superseded by HTTP cookie manager
2026-01-27 17:20:00,668 INFO o.a.j.t.JMeterThread: Thread is done: User threads 1-75
2026-01-27 17:20:00,668 INFO o.a.j.t.JMeterThread: Thread finished: User threads 1-75
2026-01-27 17:20:00,672 INFO o.a.j.t.JMeterThread: Thread is done: User threads 1-174
2026-01-27 17:20:00,672 INFO o.a.j.t.JMeterThread: Thread finished: User threads 1-174
2026-01-27 17:20:00,690 WARN o.a.j.p.h.s.HTTPSamplerBase: Existing CookieManager HTTP cookie manager superseded by HTTP cookie manager
2026-01-27 17:20:00,696 WARN o.a.j.p.h.s.HTTPSamplerBase: Existing CookieManager HTTP cookie manager superseded by HTTP cookie manager
2026-01-27 17:20:00,713 WARN o.a.j.p.h.s.HTTPSamplerBase: Existing CookieManager HTTP cookie manager superseded by HTTP cookie manager
2026-01-27 17:20:00,714 INFO o.a.j.t.JMeterThread: Thread is done: User threads 1-54
2026-01-27 17:20:00,714 INFO o.a.j.t.JMeterThread: Thread finished: User threads 1-54
2026-01-27 17:20:00,719 INFO o.a.j.t.JMeterThread: Thread is done: User threads 1-264
2026-01-27 17:20:00,719 INFO o.a.j.t.JMeterThread: Thread finished: User threads 1-264
2026-01-27 17:20:00,726 WARN o.a.j.p.h.s.HTTPSamplerBase: Existing CookieManager HTTP cookie manager superseded by HTTP cookie manager
2026-01-27 17:20:00,749 WARN o.a.j.p.h.s.HTTPSamplerBase: Existing CookieManager HTTP cookie manager superseded by HTTP cookie manager
2026-01-27 17:20:00,766 WARN o.a.j.p.h.s.HTTPSamplerBase: Existing CookieManager HTTP cookie manager superseded by HTTP cookie manager
2026-01-27 17:20:00,766 INFO o.a.j.t.JMeterThread: Thread is done: User threads 1-153
2026-01-27 17:20:00,766 INFO o.a.j.t.JMeterThread: Thread finished: User threads 1-153
2026-01-27 17:20:00,778 WARN o.a.j.p.h.s.HTTPSamplerBase: Existing CookieManager HTTP cookie manager superseded by HTTP cookie manager
2026-01-27 17:20:00,780 WARN o.a.j.p.h.s.HTTPSamplerBase: Existing CookieManager HTTP cookie manager superseded by HTTP cookie manager
2026-01-27 17:20:00,806 WARN o.a.j.p.h.s.HTTPSamplerBase: Existing CookieManager HTTP cookie manager superseded by HTTP cookie manager
2026-01-27 17:20:00,812 WARN o.a.j.p.h.s.HTTPSamplerBase: Existing CookieManager HTTP cookie manager superseded by HTTP cookie manager
2026-01-27 17:20:00,821 INFO o.a.j.t.JMeterThread: Thread is done: User threads 1-474
2026-01-27 17:20:00,821 INFO o.a.j.t.JMeterThread: Thread finished: User threads 1-474
2026-01-27 17:20:00,825 WARN o.a.j.p.h.s.HTTPSamplerBase: Existing CookieManager HTTP cookie manager superseded by HTTP cookie manager
2026-01-27 17:20:00,837 INFO o.a.j.t.JMeterThread: Thread is done: User threads 1-66
2026-01-27 17:20:00,837 INFO o.a.j.t.JMeterThread: Thread finished: User threads 1-66
2026-01-27 17:20:00,846 INFO o.a.j.t.JMeterThread: Thread is done: User threads 1-144
2026-01-27 17:20:00,846 INFO o.a.j.t.JMeterThread: Thread finished: User threads 1-144
2026-01-27 17:20:00,860 WARN o.a.j.p.h.s.HTTPSamplerBase: Existing CookieManager HTTP cookie manager superseded by HTTP cookie manager
2026-01-27 17:20:00,864 INFO o.a.j.t.JMeterThread: Thread is done: User threads 1-138
2026-01-27 17:20:00,864 INFO o.a.j.t.JMeterThread: Thread finished: User threads 1-138
2026-01-27 17:20:00,871 INFO o.a.j.t.JMeterThread: Thread is done: User threads 1-284
2026-01-27 17:20:00,871 INFO o.a.j.t.JMeterThread: Thread finished: User threads 1-284
2026-01-27 17:20:00,887 WARN o.a.j.p.h.s.HTTPSamplerBase: Existing CookieManager HTTP cookie manager superseded by HTTP cookie manager
2026-01-27 17:20:00,892 INFO o.a.j.t.JMeterThread: Thread is done: User threads 1-277
2026-01-27 17:20:00,892 INFO o.a.j.t.JMeterThread: Thread finished: User threads 1-277
2026-01-27 17:20:00,907 WARN o.a.j.p.h.s.HTTPSamplerBase: Existing CookieManager HTTP cookie manager superseded by HTTP cookie manager
2026-01-27 17:20:00,908 INFO o.a.j.t.JMeterThread: Thread is done: User threads 1-69
2026-01-27 17:20:00,908 INFO o.a.j.t.JMeterThread: Thread finished: User threads 1-69
2026-01-27 17:20:00,931 WARN o.a.j.p.h.s.HTTPSamplerBase: Existing CookieManager HTTP cookie manager superseded by HTTP cookie manager
2026-01-27 17:20:00,932 WARN o.a.j.p.h.s.HTTPSamplerBase: Existing CookieManager HTTP cookie manager superseded by HTTP cookie manager
2026-01-27 17:20:00,936 WARN o.a.j.p.h.s.HTTPSamplerBase: Existing CookieManager HTTP cookie manager superseded by HTTP cookie manager
2026-01-27 17:20:00,937 INFO o.a.j.t.JMeterThread: Thread is done: User threads 1-92
2026-01-27 17:20:00,938 INFO o.a.j.t.JMeterThread: Thread finished: User threads 1-92
2026-01-27 17:20:00,941 INFO o.a.j.t.JMeterThread: Thread is done: User threads 1-177
2026-01-27 17:20:00,941 INFO o.a.j.t.JMeterThread: Thread finished: User threads 1-177
2026-01-27 17:20:00,943 INFO o.a.j.t.JMeterThread: Thread is done: User threads 1-280
2026-01-27 17:20:00,943 INFO o.a.j.t.JMeterThread: Thread finished: User threads 1-280
2026-01-27 17:20:00,946 WARN o.a.j.p.h.s.HTTPSamplerBase: Existing CookieManager HTTP cookie manager superseded by HTTP cookie manager
2026-01-27 17:20:00,949 WARN o.a.j.p.h.s.HTTPSamplerBase: Existing CookieManager HTTP cookie manager superseded by HTTP cookie manager
2026-01-27 17:20:00,965 WARN o.a.j.p.h.s.HTTPSamplerBase: Existing CookieManager HTTP cookie manager superseded by HTTP cookie manager
2026-01-27 17:20:00,992 INFO o.a.j.t.JMeterThread: Thread is done: User threads 1-151
2026-01-27 17:20:00,992 INFO o.a.j.t.JMeterThread: Thread finished: User threads 1-151
2026-01-27 17:20:01,046 WARN o.a.j.p.h.s.HTTPSamplerBase: Existing CookieManager HTTP cookie manager superseded by HTTP cookie manager
2026-01-27 17:20:01,076 WARN o.a.j.p.h.s.HTTPSamplerBase: Existing CookieManager HTTP cookie manager superseded by HTTP cookie manager
2026-01-27 17:20:01,085 INFO o.a.j.t.JMeterThread: Thread is done: User threads 1-342
2026-01-27 17:20:01,085 INFO o.a.j.t.JMeterThread: Thread finished: User threads 1-342
2026-01-27 17:20:01,088 INFO o.a.j.t.JMeterThread: Thread is done: User threads 1-108
2026-01-27 17:20:01,088 INFO o.a.j.t.JMeterThread: Thread finished: User threads 1-108
2026-01-27 17:20:01,109 INFO o.a.j.t.JMeterThread: Thread is done: User threads 1-194
2026-01-27 17:20:01,110 INFO o.a.j.t.JMeterThread: Thread finished: User threads 1-194
2026-01-27 17:20:01,121 WARN o.a.j.p.h.s.HTTPSamplerBase: Existing CookieManager HTTP cookie manager superseded by HTTP cookie manager
2026-01-27 17:20:01,125 WARN o.a.j.p.h.s.HTTPSamplerBase: Existing CookieManager HTTP cookie manager superseded by HTTP cookie manager
2026-01-27 17:20:01,129 INFO o.a.j.t.JMeterThread: Thread is done: User threads 1-158
2026-01-27 17:20:01,129 INFO o.a.j.t.JMeterThread: Thread finished: User threads 1-158
2026-01-27 17:20:01,162 WARN o.a.j.p.h.s.HTTPSamplerBase: Existing CookieManager HTTP cookie manager superseded by HTTP cookie manager
2026-01-27 17:20:01,167 WARN o.a.j.p.h.s.HTTPSamplerBase: Existing CookieManager HTTP cookie manager superseded by HTTP cookie manager
2026-01-27 17:20:01,190 WARN o.a.j.p.h.s.HTTPSamplerBase: Existing CookieManager HTTP cookie manager superseded by HTTP cookie manager
2026-01-27 17:20:01,203 WARN o.a.j.p.h.s.HTTPSamplerBase: Existing CookieManager HTTP cookie manager superseded by HTTP cookie manager
2026-01-27 17:20:01,207 INFO o.a.j.t.JMeterThread: Thread is done: User threads 1-23
2026-01-27 17:20:01,207 INFO o.a.j.t.JMeterThread: Thread finished: User threads 1-23
2026-01-27 17:20:01,226 WARN o.a.j.p.h.s.HTTPSamplerBase: Existing CookieManager HTTP cookie manager superseded by HTTP cookie manager
2026-01-27 17:20:01,232 WARN o.a.j.p.h.s.HTTPSamplerBase: Existing CookieManager HTTP cookie manager superseded by HTTP cookie manager
2026-01-27 17:20:01,234 INFO o.a.j.t.JMeterThread: Thread is done: User threads 1-46
2026-01-27 17:20:01,235 INFO o.a.j.t.JMeterThread: Thread finished: User threads 1-46
2026-01-27 17:20:01,240 WARN o.a.j.p.h.s.HTTPSamplerBase: Existing CookieManager HTTP cookie manager superseded by HTTP cookie manager
2026-01-27 17:20:01,249 WARN o.a.j.p.h.s.HTTPSamplerBase: Existing CookieManager HTTP cookie manager superseded by HTTP cookie manager
2026-01-27 17:20:01,264 WARN o.a.j.p.h.s.HTTPSamplerBase: Existing CookieManager HTTP cookie manager superseded by HTTP cookie manager
2026-01-27 17:20:01,268 INFO o.a.j.t.JMeterThread: Thread is done: User threads 1-9
2026-01-27 17:20:01,268 INFO o.a.j.t.JMeterThread: Thread finished: User threads 1-9
2026-01-27 17:20:01,317 INFO o.a.j.t.JMeterThread: Thread is done: User threads 1-329
2026-01-27 17:20:01,317 INFO o.a.j.t.JMeterThread: Thread finished: User threads 1-329
2026-01-27 17:20:01,341 WARN o.a.j.p.h.s.HTTPSamplerBase: Existing CookieManager HTTP cookie manager superseded by HTTP cookie manager
2026-01-27 17:20:01,354 WARN o.a.j.p.h.s.HTTPSamplerBase: Existing CookieManager HTTP cookie manager superseded by HTTP cookie manager
2026-01-27 17:20:01,354 INFO o.a.j.t.JMeterThread: Thread is done: User threads 1-261
2026-01-27 17:20:01,354 INFO o.a.j.t.JMeterThread: Thread finished: User threads 1-261
2026-01-27 17:20:01,369 WARN o.a.j.p.h.s.HTTPSamplerBase: Existing CookieManager HTTP cookie manager superseded by HTTP cookie manager
2026-01-27 17:20:01,403 WARN o.a.j.p.h.s.HTTPSamplerBase: Existing CookieManager HTTP cookie manager superseded by HTTP cookie manager
2026-01-27 17:20:01,408 INFO o.a.j.t.JMeterThread: Thread is done: User threads 1-99
2026-01-27 17:20:01,408 INFO o.a.j.t.JMeterThread: Thread finished: User threads 1-99
2026-01-27 17:20:01,435 INFO o.a.j.t.JMeterThread: Thread is done: User threads 1-206
2026-01-27 17:20:01,435 INFO o.a.j.t.JMeterThread: Thread finished: User threads 1-206
2026-01-27 17:20:01,450 INFO o.a.j.t.JMeterThread: Thread is done: User threads 1-312
2026-01-27 17:20:01,450 INFO o.a.j.t.JMeterThread: Thread finished: User threads 1-312
2026-01-27 17:20:01,450 WARN o.a.j.p.h.s.HTTPSamplerBase: Existing CookieManager HTTP cookie manager superseded by HTTP cookie manager
2026-01-27 17:20:01,455 WARN o.a.j.p.h.s.HTTPSamplerBase: Existing CookieManager HTTP cookie manager superseded by HTTP cookie manager
2026-01-27 17:20:01,460 WARN o.a.j.p.h.s.HTTPSamplerBase: Existing CookieManager HTTP cookie manager superseded by HTTP cookie manager
2026-01-27 17:20:01,472 WARN o.a.j.p.h.s.HTTPSamplerBase: Existing CookieManager HTTP cookie manager superseded by HTTP cookie manager
2026-01-27 17:20:01,477 WARN o.a.j.p.h.s.HTTPSamplerBase: Existing CookieManager HTTP cookie manager superseded by HTTP cookie manager
2026-01-27 17:20:01,494 INFO o.a.j.t.JMeterThread: Thread is done: User threads 1-291
2026-01-27 17:20:01,494 INFO o.a.j.t.JMeterThread: Thread finished: User threads 1-291
2026-01-27 17:20:01,508 INFO o.a.j.t.JMeterThread: Thread is done: User threads 1-270
2026-01-27 17:20:01,508 INFO o.a.j.t.JMeterThread: Thread finished: User threads 1-270
2026-01-27 17:20:01,511 INFO o.a.j.t.JMeterThread: Thread is done: User threads 1-65
2026-01-27 17:20:01,511 INFO o.a.j.t.JMeterThread: Thread finished: User threads 1-65
2026-01-27 17:20:01,521 INFO o.a.j.t.JMeterThread: Thread is done: User threads 1-472
2026-01-27 17:20:01,521 INFO o.a.j.t.JMeterThread: Thread finished: User threads 1-472
2026-01-27 17:20:01,522 WARN o.a.j.p.h.s.HTTPSamplerBase: Existing CookieManager HTTP cookie manager superseded by HTTP cookie manager
2026-01-27 17:20:01,554 INFO o.a.j.t.JMeterThread: Thread is done: User threads 1-142
2026-01-27 17:20:01,554 INFO o.a.j.t.JMeterThread: Thread is done: User threads 1-178
2026-01-27 17:20:01,554 INFO o.a.j.t.JMeterThread: Thread finished: User threads 1-142
2026-01-27 17:20:01,554 INFO o.a.j.t.JMeterThread: Thread finished: User threads 1-178
2026-01-27 17:20:01,607 INFO o.a.j.t.JMeterThread: Thread is done: User threads 1-82
2026-01-27 17:20:01,607 INFO o.a.j.t.JMeterThread: Thread finished: User threads 1-82
2026-01-27 17:20:01,651 WARN o.a.j.p.h.s.HTTPSamplerBase: Existing CookieManager HTTP cookie manager superseded by HTTP cookie manager
2026-01-27 17:20:01,659 WARN o.a.j.p.h.s.HTTPSamplerBase: Existing CookieManager HTTP cookie manager superseded by HTTP cookie manager
2026-01-27 17:20:01,672 INFO o.a.j.t.JMeterThread: Thread is done: User threads 1-224
2026-01-27 17:20:01,672 INFO o.a.j.t.JMeterThread: Thread finished: User threads 1-224
2026-01-27 17:20:01,676 INFO o.a.j.t.JMeterThread: Thread is done: User threads 1-39
2026-01-27 17:20:01,676 WARN o.a.j.p.h.s.HTTPSamplerBase: Existing CookieManager HTTP cookie manager superseded by HTTP cookie manager
2026-01-27 17:20:01,676 INFO o.a.j.t.JMeterThread: Thread finished: User threads 1-39
2026-01-27 17:20:01,679 INFO o.a.j.t.JMeterThread: Thread is done: User threads 1-203
2026-01-27 17:20:01,679 INFO o.a.j.t.JMeterThread: Thread finished: User threads 1-203
2026-01-27 17:20:01,695 INFO o.a.j.t.JMeterThread: Thread is done: User threads 1-228
2026-01-27 17:20:01,695 INFO o.a.j.t.JMeterThread: Thread finished: User threads 1-228
2026-01-27 17:20:01,716 WARN o.a.j.p.h.s.HTTPSamplerBase: Existing CookieManager HTTP cookie manager superseded by HTTP cookie manager
2026-01-27 17:20:01,755 WARN o.a.j.p.h.s.HTTPSamplerBase: Existing CookieManager HTTP cookie manager superseded by HTTP cookie manager
2026-01-27 17:20:01,755 WARN o.a.j.p.h.s.HTTPSamplerBase: Existing CookieManager HTTP cookie manager superseded by HTTP cookie manager
2026-01-27 17:20:01,758 INFO o.a.j.t.JMeterThread: Thread is done: User threads 1-179
2026-01-27 17:20:01,758 INFO o.a.j.t.JMeterThread: Thread finished: User threads 1-179
2026-01-27 17:20:01,759 WARN o.a.j.p.h.s.HTTPSamplerBase: Existing CookieManager HTTP cookie manager superseded by HTTP cookie manager
2026-01-27 17:20:01,769 INFO o.a.j.t.JMeterThread: Thread is done: User threads 1-33
2026-01-27 17:20:01,769 INFO o.a.j.t.JMeterThread: Thread finished: User threads 1-33
2026-01-27 17:20:01,780 WARN o.a.j.p.h.s.HTTPSamplerBase: Existing CookieManager HTTP cookie manager superseded by HTTP cookie manager
2026-01-27 17:20:01,801 WARN o.a.j.p.h.s.HTTPSamplerBase: Existing CookieManager HTTP cookie manager superseded by HTTP cookie manager
2026-01-27 17:20:01,802 INFO o.a.j.t.JMeterThread: Thread is done: User threads 1-24
2026-01-27 17:20:01,802 INFO o.a.j.t.JMeterThread: Thread finished: User threads 1-24
2026-01-27 17:20:01,802 INFO o.a.j.t.JMeterThread: Thread is done: User threads 1-311
2026-01-27 17:20:01,802 INFO o.a.j.t.JMeterThread: Thread finished: User threads 1-311
2026-01-27 17:20:01,805 WARN o.a.j.p.h.s.HTTPSamplerBase: Existing CookieManager HTTP cookie manager superseded by HTTP cookie manager
2026-01-27 17:20:01,811 INFO o.a.j.t.JMeterThread: Thread is done: User threads 1-209
2026-01-27 17:20:01,812 INFO o.a.j.t.JMeterThread: Thread finished: User threads 1-209
2026-01-27 17:20:01,815 WARN o.a.j.p.h.s.HTTPSamplerBase: Existing CookieManager HTTP cookie manager superseded by HTTP cookie manager
2026-01-27 17:20:01,816 INFO o.a.j.t.JMeterThread: Thread is done: User threads 1-303
2026-01-27 17:20:01,816 INFO o.a.j.t.JMeterThread: Thread finished: User threads 1-303
2026-01-27 17:20:01,831 INFO o.a.j.t.JMeterThread: Thread is done: User threads 1-323
2026-01-27 17:20:01,831 INFO o.a.j.t.JMeterThread: Thread finished: User threads 1-323
2026-01-27 17:20:01,840 INFO o.a.j.t.JMeterThread: Thread is done: User threads 1-249
2026-01-27 17:20:01,840 INFO o.a.j.t.JMeterThread: Thread finished: User threads 1-249
2026-01-27 17:20:01,841 WARN o.a.j.p.h.s.HTTPSamplerBase: Existing CookieManager HTTP cookie manager superseded by HTTP cookie manager
2026-01-27 17:20:01,853 WARN o.a.j.p.h.s.HTTPSamplerBase: Existing CookieManager HTTP cookie manager superseded by HTTP cookie manager
2026-01-27 17:20:01,866 WARN o.a.j.p.h.s.HTTPSamplerBase: Existing CookieManager HTTP cookie manager superseded by HTTP cookie manager
2026-01-27 17:20:01,892 INFO o.a.j.t.JMeterThread: Thread is done: User threads 1-133
2026-01-27 17:20:01,892 INFO o.a.j.t.JMeterThread: Thread finished: User threads 1-133
2026-01-27 17:20:01,896 INFO o.a.j.t.JMeterThread: Thread is done: User threads 1-85
2026-01-27 17:20:01,896 INFO o.a.j.t.JMeterThread: Thread finished: User threads 1-85
2026-01-27 17:20:01,904 INFO o.a.j.t.JMeterThread: Thread is done: User threads 1-251
2026-01-27 17:20:01,906 INFO o.a.j.t.JMeterThread: Thread finished: User threads 1-251
2026-01-27 17:20:01,914 WARN o.a.j.p.h.s.HTTPSamplerBase: Existing CookieManager HTTP cookie manager superseded by HTTP cookie manager
2026-01-27 17:20:01,917 INFO o.a.j.t.JMeterThread: Thread is done: User threads 1-86
2026-01-27 17:20:01,917 INFO o.a.j.t.JMeterThread: Thread finished: User threads 1-86
2026-01-27 17:20:01,929 INFO o.a.j.t.JMeterThread: Thread is done: User threads 1-300
2026-01-27 17:20:01,929 INFO o.a.j.t.JMeterThread: Thread finished: User threads 1-300
2026-01-27 17:20:01,948 WARN o.a.j.p.h.s.HTTPSamplerBase: Existing CookieManager HTTP cookie manager superseded by HTTP cookie manager
2026-01-27 17:20:01,949 WARN o.a.j.p.h.s.HTTPSamplerBase: Existing CookieManager HTTP cookie manager superseded by HTTP cookie manager
2026-01-27 17:20:01,949 INFO o.a.j.t.JMeterThread: Thread is done: User threads 1-56
2026-01-27 17:20:01,949 INFO o.a.j.t.JMeterThread: Thread finished: User threads 1-56
2026-01-27 17:20:01,949 INFO o.a.j.t.JMeterThread: Thread is done: User threads 1-362
2026-01-27 17:20:01,949 INFO o.a.j.t.JMeterThread: Thread finished: User threads 1-362
2026-01-27 17:20:01,953 WARN o.a.j.p.h.s.HTTPSamplerBase: Existing CookieManager HTTP cookie manager superseded by HTTP cookie manager
2026-01-27 17:20:01,971 INFO o.a.j.t.JMeterThread: Thread is done: User threads 1-445
2026-01-27 17:20:01,972 INFO o.a.j.t.JMeterThread: Thread finished: User threads 1-445
2026-01-27 17:20:01,984 INFO o.a.j.t.JMeterThread: Thread is done: User threads 1-238
2026-01-27 17:20:01,984 INFO o.a.j.t.JMeterThread: Thread finished: User threads 1-238
2026-01-27 17:20:01,987 WARN o.a.j.p.h.s.HTTPSamplerBase: Existing CookieManager HTTP cookie manager superseded by HTTP cookie manager
2026-01-27 17:20:01,990 INFO o.a.j.t.JMeterThread: Thread is done: User threads 1-150
2026-01-27 17:20:01,990 INFO o.a.j.t.JMeterThread: Thread finished: User threads 1-150
2026-01-27 17:20:02,001 INFO o.a.j.t.JMeterThread: Thread is done: User threads 1-170
2026-01-27 17:20:02,001 INFO o.a.j.t.JMeterThread: Thread finished: User threads 1-170
2026-01-27 17:20:02,019 WARN o.a.j.p.h.s.HTTPSamplerBase: Existing CookieManager HTTP cookie manager superseded by HTTP cookie manager
2026-01-27 17:20:02,027 WARN o.a.j.p.h.s.HTTPSamplerBase: Existing CookieManager HTTP cookie manager superseded by HTTP cookie manager
2026-01-27 17:20:02,028 WARN o.a.j.p.h.s.HTTPSamplerBase: Existing CookieManager HTTP cookie manager superseded by HTTP cookie manager
2026-01-27 17:20:02,058 WARN o.a.j.p.h.s.HTTPSamplerBase: Existing CookieManager HTTP cookie manager superseded by HTTP cookie manager
2026-01-27 17:20:02,086 WARN o.a.j.p.h.s.HTTPSamplerBase: Existing CookieManager HTTP cookie manager superseded by HTTP cookie manager
2026-01-27 17:20:02,086 INFO o.a.j.t.JMeterThread: Thread is done: User threads 1-402
2026-01-27 17:20:02,086 INFO o.a.j.t.JMeterThread: Thread finished: User threads 1-402
2026-01-27 17:20:02,093 INFO o.a.j.t.JMeterThread: Thread is done: User threads 1-67
2026-01-27 17:20:02,093 INFO o.a.j.t.JMeterThread: Thread finished: User threads 1-67
2026-01-27 17:20:02,178 WARN o.a.j.p.h.s.HTTPSamplerBase: Existing CookieManager HTTP cookie manager superseded by HTTP cookie manager
2026-01-27 17:20:02,194 WARN o.a.j.p.h.s.HTTPSamplerBase: Existing CookieManager HTTP cookie manager superseded by HTTP cookie manager
2026-01-27 17:20:02,196 INFO o.a.j.t.JMeterThread: Thread is done: User threads 1-348
2026-01-27 17:20:02,196 INFO o.a.j.t.JMeterThread: Thread finished: User threads 1-348
2026-01-27 17:20:02,202 INFO o.a.j.t.JMeterThread: Thread is done: User threads 1-109
2026-01-27 17:20:02,202 INFO o.a.j.t.JMeterThread: Thread finished: User threads 1-109
2026-01-27 17:20:02,217 INFO o.a.j.t.JMeterThread: Thread is done: User threads 1-61
2026-01-27 17:20:02,217 INFO o.a.j.t.JMeterThread: Thread finished: User threads 1-61
2026-01-27 17:20:02,225 INFO o.a.j.t.JMeterThread: Thread is done: User threads 1-349
2026-01-27 17:20:02,225 WARN o.a.j.p.h.s.HTTPSamplerBase: Existing CookieManager HTTP cookie manager superseded by HTTP cookie manager
2026-01-27 17:20:02,225 INFO o.a.j.t.JMeterThread: Thread finished: User threads 1-349
2026-01-27 17:20:02,240 INFO o.a.j.t.JMeterThread: Thread is done: User threads 1-148
2026-01-27 17:20:02,240 INFO o.a.j.t.JMeterThread: Thread finished: User threads 1-148
2026-01-27 17:20:02,246 WARN o.a.j.p.h.s.HTTPSamplerBase: Existing CookieManager HTTP cookie manager superseded by HTTP cookie manager
2026-01-27 17:20:02,247 WARN o.a.j.p.h.s.HTTPSamplerBase: Existing CookieManager HTTP cookie manager superseded by HTTP cookie manager
2026-01-27 17:20:02,252 WARN o.a.j.p.h.s.HTTPSamplerBase: Existing CookieManager HTTP cookie manager superseded by HTTP cookie manager
2026-01-27 17:20:02,256 INFO o.a.j.t.JMeterThread: Thread is done: User threads 1-498
2026-01-27 17:20:02,256 INFO o.a.j.t.JMeterThread: Thread is done: User threads 1-357
2026-01-27 17:20:02,256 INFO o.a.j.t.JMeterThread: Thread finished: User threads 1-498
2026-01-27 17:20:02,256 INFO o.a.j.t.JMeterThread: Thread finished: User threads 1-357
2026-01-27 17:20:02,284 INFO o.a.j.t.JMeterThread: Thread is done: User threads 1-273
2026-01-27 17:20:02,284 INFO o.a.j.t.JMeterThread: Thread finished: User threads 1-273
2026-01-27 17:20:02,295 WARN o.a.j.p.h.s.HTTPSamplerBase: Existing CookieManager HTTP cookie manager superseded by HTTP cookie manager
2026-01-27 17:20:02,299 INFO o.a.j.t.JMeterThread: Thread is done: User threads 1-216
2026-01-27 17:20:02,299 INFO o.a.j.t.JMeterThread: Thread finished: User threads 1-216
2026-01-27 17:20:02,320 WARN o.a.j.p.h.s.HTTPSamplerBase: Existing CookieManager HTTP cookie manager superseded by HTTP cookie manager
2026-01-27 17:20:02,333 INFO o.a.j.t.JMeterThread: Thread is done: User threads 1-182
2026-01-27 17:20:02,333 INFO o.a.j.t.JMeterThread: Thread finished: User threads 1-182
2026-01-27 17:20:02,350 INFO o.a.j.t.JMeterThread: Thread is done: User threads 1-102
2026-01-27 17:20:02,350 INFO o.a.j.t.JMeterThread: Thread finished: User threads 1-102
2026-01-27 17:20:02,358 WARN o.a.j.p.h.s.HTTPSamplerBase: Existing CookieManager HTTP cookie manager superseded by HTTP cookie manager
2026-01-27 17:20:02,368 INFO o.a.j.t.JMeterThread: Thread is done: User threads 1-332
2026-01-27 17:20:02,368 INFO o.a.j.t.JMeterThread: Thread finished: User threads 1-332
2026-01-27 17:20:02,373 WARN o.a.j.p.h.s.HTTPSamplerBase: Existing CookieManager HTTP cookie manager superseded by HTTP cookie manager
2026-01-27 17:20:02,407 WARN o.a.j.p.h.s.HTTPSamplerBase: Existing CookieManager HTTP cookie manager superseded by HTTP cookie manager
2026-01-27 17:20:02,415 WARN o.a.j.p.h.s.HTTPSamplerBase: Existing CookieManager HTTP cookie manager superseded by HTTP cookie manager
2026-01-27 17:20:02,419 INFO o.a.j.t.JMeterThread: Thread is done: User threads 1-485
2026-01-27 17:20:02,419 INFO o.a.j.t.JMeterThread: Thread finished: User threads 1-485
2026-01-27 17:20:02,419 INFO o.a.j.t.JMeterThread: Thread is done: User threads 1-112
2026-01-27 17:20:02,419 INFO o.a.j.t.JMeterThread: Thread finished: User threads 1-112
2026-01-27 17:20:02,433 INFO o.a.j.t.JMeterThread: Thread is done: User threads 1-225
2026-01-27 17:20:02,433 INFO o.a.j.t.JMeterThread: Thread finished: User threads 1-225
2026-01-27 17:20:02,433 INFO o.a.j.t.JMeterThread: Thread is done: User threads 1-240
2026-01-27 17:20:02,433 INFO o.a.j.t.JMeterThread: Thread finished: User threads 1-240
2026-01-27 17:20:02,451 INFO o.a.j.t.JMeterThread: Thread is done: User threads 1-409
2026-01-27 17:20:02,451 WARN o.a.j.p.h.s.HTTPSamplerBase: Existing CookieManager HTTP cookie manager superseded by HTTP cookie manager
2026-01-27 17:20:02,451 INFO o.a.j.t.JMeterThread: Thread finished: User threads 1-409
2026-01-27 17:20:02,486 WARN o.a.j.p.h.s.HTTPSamplerBase: Existing CookieManager HTTP cookie manager superseded by HTTP cookie manager
2026-01-27 17:20:02,487 INFO o.a.j.t.JMeterThread: Thread is done: User threads 1-37
2026-01-27 17:20:02,487 INFO o.a.j.t.JMeterThread: Thread finished: User threads 1-37
2026-01-27 17:20:02,509 INFO o.a.j.t.JMeterThread: Thread is done: User threads 1-141
2026-01-27 17:20:02,509 INFO o.a.j.t.JMeterThread: Thread finished: User threads 1-141
2026-01-27 17:20:02,513 WARN o.a.j.p.h.s.HTTPSamplerBase: Existing CookieManager HTTP cookie manager superseded by HTTP cookie manager
2026-01-27 17:20:02,547 WARN o.a.j.p.h.s.HTTPSamplerBase: Existing CookieManager HTTP cookie manager superseded by HTTP cookie manager
2026-01-27 17:20:02,592 WARN o.a.j.p.h.s.HTTPSamplerBase: Existing CookieManager HTTP cookie manager superseded by HTTP cookie manager
2026-01-27 17:20:02,594 WARN o.a.j.p.h.s.HTTPSamplerBase: Existing CookieManager HTTP cookie manager superseded by HTTP cookie manager
2026-01-27 17:20:02,599 WARN o.a.j.p.h.s.HTTPSamplerBase: Existing CookieManager HTTP cookie manager superseded by HTTP cookie manager
2026-01-27 17:20:02,605 WARN o.a.j.p.h.s.HTTPSamplerBase: Existing CookieManager HTTP cookie manager superseded by HTTP cookie manager
2026-01-27 17:20:02,637 WARN o.a.j.p.h.s.HTTPSamplerBase: Existing CookieManager HTTP cookie manager superseded by HTTP cookie manager
2026-01-27 17:20:02,647 INFO o.a.j.t.JMeterThread: Thread is done: User threads 1-379
2026-01-27 17:20:02,648 INFO o.a.j.t.JMeterThread: Thread finished: User threads 1-379
2026-01-27 17:20:02,649 INFO o.a.j.t.JMeterThread: Thread is done: User threads 1-175
2026-01-27 17:20:02,649 INFO o.a.j.t.JMeterThread: Thread finished: User threads 1-175
2026-01-27 17:20:02,662 INFO o.a.j.t.JMeterThread: Thread is done: User threads 1-417
2026-01-27 17:20:02,662 INFO o.a.j.t.JMeterThread: Thread finished: User threads 1-417
2026-01-27 17:20:02,682 WARN o.a.j.p.h.s.HTTPSamplerBase: Existing CookieManager HTTP cookie manager superseded by HTTP cookie manager
2026-01-27 17:20:02,696 INFO o.a.j.t.JMeterThread: Thread is done: User threads 1-147
2026-01-27 17:20:02,696 INFO o.a.j.t.JMeterThread: Thread finished: User threads 1-147
2026-01-27 17:20:02,713 INFO o.a.j.t.JMeterThread: Thread is done: User threads 1-388
2026-01-27 17:20:02,713 INFO o.a.j.t.JMeterThread: Thread finished: User threads 1-388
2026-01-27 17:20:02,754 INFO o.a.j.t.JMeterThread: Thread is done: User threads 1-101
2026-01-27 17:20:02,754 INFO o.a.j.t.JMeterThread: Thread finished: User threads 1-101
2026-01-27 17:20:02,764 WARN o.a.j.p.h.s.HTTPSamplerBase: Existing CookieManager HTTP cookie manager superseded by HTTP cookie manager
2026-01-27 17:20:02,767 WARN o.a.j.p.h.s.HTTPSamplerBase: Existing CookieManager HTTP cookie manager superseded by HTTP cookie manager
2026-01-27 17:20:02,800 INFO o.a.j.t.JMeterThread: Thread is done: User threads 1-263
2026-01-27 17:20:02,800 INFO o.a.j.t.JMeterThread: Thread finished: User threads 1-263
2026-01-27 17:20:02,805 WARN o.a.j.p.h.s.HTTPSamplerBase: Existing CookieManager HTTP cookie manager superseded by HTTP cookie manager
2026-01-27 17:20:02,812 INFO o.a.j.t.JMeterThread: Thread is done: User threads 1-281
2026-01-27 17:20:02,812 INFO o.a.j.t.JMeterThread: Thread finished: User threads 1-281
2026-01-27 17:20:02,814 WARN o.a.j.p.h.s.HTTPSamplerBase: Existing CookieManager HTTP cookie manager superseded by HTTP cookie manager
2026-01-27 17:20:02,845 WARN o.a.j.p.h.s.HTTPSamplerBase: Existing CookieManager HTTP cookie manager superseded by HTTP cookie manager
2026-01-27 17:20:02,856 INFO o.a.j.t.JMeterThread: Thread is done: User threads 1-494
2026-01-27 17:20:02,856 INFO o.a.j.t.JMeterThread: Thread finished: User threads 1-494
2026-01-27 17:20:02,859 INFO o.a.j.t.JMeterThread: Thread is done: User threads 1-229
2026-01-27 17:20:02,859 INFO o.a.j.t.JMeterThread: Thread finished: User threads 1-229
2026-01-27 17:20:02,862 INFO o.a.j.t.JMeterThread: Thread is done: User threads 1-254
2026-01-27 17:20:02,862 INFO o.a.j.t.JMeterThread: Thread finished: User threads 1-254
2026-01-27 17:20:02,880 INFO o.a.j.t.JMeterThread: Thread is done: User threads 1-258
2026-01-27 17:20:02,880 INFO o.a.j.t.JMeterThread: Thread finished: User threads 1-258
2026-01-27 17:20:02,882 INFO o.a.j.t.JMeterThread: Thread is done: User threads 1-62
2026-01-27 17:20:02,883 INFO o.a.j.t.JMeterThread: Thread finished: User threads 1-62
2026-01-27 17:20:02,884 INFO o.a.j.t.JMeterThread: Thread is done: User threads 1-247
2026-01-27 17:20:02,884 INFO o.a.j.t.JMeterThread: Thread finished: User threads 1-247
2026-01-27 17:20:02,903 WARN o.a.j.p.h.s.HTTPSamplerBase: Existing CookieManager HTTP cookie manager superseded by HTTP cookie manager
2026-01-27 17:20:02,903 INFO o.a.j.t.JMeterThread: Thread is done: User threads 1-459
2026-01-27 17:20:02,903 INFO o.a.j.t.JMeterThread: Thread finished: User threads 1-459
2026-01-27 17:20:02,946 INFO o.a.j.t.JMeterThread: Thread is done: User threads 1-285
2026-01-27 17:20:02,946 INFO o.a.j.t.JMeterThread: Thread finished: User threads 1-285
2026-01-27 17:20:02,951 WARN o.a.j.p.h.s.HTTPSamplerBase: Existing CookieManager HTTP cookie manager superseded by HTTP cookie manager
2026-01-27 17:20:02,954 INFO o.a.j.t.JMeterThread: Thread is done: User threads 1-347
2026-01-27 17:20:02,954 INFO o.a.j.t.JMeterThread: Thread finished: User threads 1-347
2026-01-27 17:20:02,966 WARN o.a.j.p.h.s.HTTPSamplerBase: Existing CookieManager HTTP cookie manager superseded by HTTP cookie manager
2026-01-27 17:20:03,022 INFO o.a.j.t.JMeterThread: Thread is done: User threads 1-236
2026-01-27 17:20:03,023 INFO o.a.j.t.JMeterThread: Thread finished: User threads 1-236
2026-01-27 17:20:03,033 WARN o.a.j.p.h.s.HTTPSamplerBase: Existing CookieManager HTTP cookie manager superseded by HTTP cookie manager
2026-01-27 17:20:03,042 WARN o.a.j.p.h.s.HTTPSamplerBase: Existing CookieManager HTTP cookie manager superseded by HTTP cookie manager
2026-01-27 17:20:03,044 INFO o.a.j.t.JMeterThread: Thread is done: User threads 1-420
2026-01-27 17:20:03,044 INFO o.a.j.t.JMeterThread: Thread finished: User threads 1-420
2026-01-27 17:20:03,051 INFO o.a.j.t.JMeterThread: Thread is done: User threads 1-111
2026-01-27 17:20:03,051 INFO o.a.j.t.JMeterThread: Thread finished: User threads 1-111
2026-01-27 17:20:03,057 WARN o.a.j.p.h.s.HTTPSamplerBase: Existing CookieManager HTTP cookie manager superseded by HTTP cookie manager
2026-01-27 17:20:03,058 WARN o.a.j.p.h.s.HTTPSamplerBase: Existing CookieManager HTTP cookie manager superseded by HTTP cookie manager
2026-01-27 17:20:03,059 WARN o.a.j.p.h.s.HTTPSamplerBase: Existing CookieManager HTTP cookie manager superseded by HTTP cookie manager
2026-01-27 17:20:03,064 INFO o.a.j.t.JMeterThread: Thread is done: User threads 1-137
2026-01-27 17:20:03,064 INFO o.a.j.t.JMeterThread: Thread finished: User threads 1-137
2026-01-27 17:20:03,080 INFO o.a.j.t.JMeterThread: Thread is done: User threads 1-17
2026-01-27 17:20:03,080 INFO o.a.j.t.JMeterThread: Thread finished: User threads 1-17
2026-01-27 17:20:03,083 WARN o.a.j.p.h.s.HTTPSamplerBase: Existing CookieManager HTTP cookie manager superseded by HTTP cookie manager
2026-01-27 17:20:03,084 WARN o.a.j.p.h.s.HTTPSamplerBase: Existing CookieManager HTTP cookie manager superseded by HTTP cookie manager
2026-01-27 17:20:03,099 WARN o.a.j.p.h.s.HTTPSamplerBase: Existing CookieManager HTTP cookie manager superseded by HTTP cookie manager
2026-01-27 17:20:03,129 WARN o.a.j.p.h.s.HTTPSamplerBase: Existing CookieManager HTTP cookie manager superseded by HTTP cookie manager
2026-01-27 17:20:03,153 WARN o.a.j.p.h.s.HTTPSamplerBase: Existing CookieManager HTTP cookie manager superseded by HTTP cookie manager
2026-01-27 17:20:03,160 INFO o.a.j.t.JMeterThread: Thread is done: User threads 1-289
2026-01-27 17:20:03,160 INFO o.a.j.t.JMeterThread: Thread finished: User threads 1-289
2026-01-27 17:20:03,190 WARN o.a.j.p.h.s.HTTPSamplerBase: Existing CookieManager HTTP cookie manager superseded by HTTP cookie manager
2026-01-27 17:20:03,207 WARN o.a.j.p.h.s.HTTPSamplerBase: Existing CookieManager HTTP cookie manager superseded by HTTP cookie manager
2026-01-27 17:20:03,209 WARN o.a.j.p.h.s.HTTPSamplerBase: Existing CookieManager HTTP cookie manager superseded by HTTP cookie manager
2026-01-27 17:20:03,210 INFO o.a.j.t.JMeterThread: Thread is done: User threads 1-405
2026-01-27 17:20:03,210 INFO o.a.j.t.JMeterThread: Thread finished: User threads 1-405
2026-01-27 17:20:03,224 WARN o.a.j.p.h.s.HTTPSamplerBase: Existing CookieManager HTTP cookie manager superseded by HTTP cookie manager
2026-01-27 17:20:03,255 WARN o.a.j.p.h.s.HTTPSamplerBase: Existing CookieManager HTTP cookie manager superseded by HTTP cookie manager
2026-01-27 17:20:03,256 WARN o.a.j.p.h.s.HTTPSamplerBase: Existing CookieManager HTTP cookie manager superseded by HTTP cookie manager
2026-01-27 17:20:03,260 INFO o.a.j.t.JMeterThread: Thread is done: User threads 1-215
2026-01-27 17:20:03,260 INFO o.a.j.t.JMeterThread: Thread finished: User threads 1-215
2026-01-27 17:20:03,270 INFO o.a.j.t.JMeterThread: Thread is done: User threads 1-21
2026-01-27 17:20:03,270 INFO o.a.j.t.JMeterThread: Thread finished: User threads 1-21
2026-01-27 17:20:03,278 WARN o.a.j.p.h.s.HTTPSamplerBase: Existing CookieManager HTTP cookie manager superseded by HTTP cookie manager
2026-01-27 17:20:03,289 WARN o.a.j.p.h.s.HTTPSamplerBase: Existing CookieManager HTTP cookie manager superseded by HTTP cookie manager
2026-01-27 17:20:03,292 INFO o.a.j.t.JMeterThread: Thread is done: User threads 1-168
2026-01-27 17:20:03,292 INFO o.a.j.t.JMeterThread: Thread finished: User threads 1-168
2026-01-27 17:20:03,307 INFO o.a.j.t.JMeterThread: Thread is done: User threads 1-454
2026-01-27 17:20:03,307 INFO o.a.j.t.JMeterThread: Thread finished: User threads 1-454
2026-01-27 17:20:03,308 WARN o.a.j.p.h.s.HTTPSamplerBase: Existing CookieManager HTTP cookie manager superseded by HTTP cookie manager
2026-01-27 17:20:03,315 WARN o.a.j.p.h.s.HTTPSamplerBase: Existing CookieManager HTTP cookie manager superseded by HTTP cookie manager
2026-01-27 17:20:03,327 WARN o.a.j.p.h.s.HTTPSamplerBase: Existing CookieManager HTTP cookie manager superseded by HTTP cookie manager
2026-01-27 17:20:03,341 WARN o.a.j.p.h.s.HTTPSamplerBase: Existing CookieManager HTTP cookie manager superseded by HTTP cookie manager
2026-01-27 17:20:03,350 WARN o.a.j.p.h.s.HTTPSamplerBase: Existing CookieManager HTTP cookie manager superseded by HTTP cookie manager
2026-01-27 17:20:03,357 WARN o.a.j.p.h.s.HTTPSamplerBase: Existing CookieManager HTTP cookie manager superseded by HTTP cookie manager
2026-01-27 17:20:03,392 INFO o.a.j.t.JMeterThread: Thread is done: User threads 1-488
2026-01-27 17:20:03,392 INFO o.a.j.t.JMeterThread: Thread finished: User threads 1-488
2026-01-27 17:20:03,406 WARN o.a.j.p.h.s.HTTPSamplerBase: Existing CookieManager HTTP cookie manager superseded by HTTP cookie manager
2026-01-27 17:20:03,494 INFO o.a.j.t.JMeterThread: Thread is done: User threads 1-207
2026-01-27 17:20:03,495 INFO o.a.j.t.JMeterThread: Thread finished: User threads 1-207
2026-01-27 17:20:03,511 WARN o.a.j.p.h.s.HTTPSamplerBase: Existing CookieManager HTTP cookie manager superseded by HTTP cookie manager
2026-01-27 17:20:03,515 INFO o.a.j.t.JMeterThread: Thread is done: User threads 1-278
2026-01-27 17:20:03,515 INFO o.a.j.t.JMeterThread: Thread finished: User threads 1-278
2026-01-27 17:20:03,540 INFO o.a.j.t.JMeterThread: Thread is done: User threads 1-327
2026-01-27 17:20:03,540 INFO o.a.j.t.JMeterThread: Thread finished: User threads 1-327
2026-01-27 17:20:03,543 WARN o.a.j.p.h.s.HTTPSamplerBase: Existing CookieManager HTTP cookie manager superseded by HTTP cookie manager
2026-01-27 17:20:03,548 WARN o.a.j.p.h.s.HTTPSamplerBase: Existing CookieManager HTTP cookie manager superseded by HTTP cookie manager
2026-01-27 17:20:03,558 WARN o.a.j.p.h.s.HTTPSamplerBase: Existing CookieManager HTTP cookie manager superseded by HTTP cookie manager
2026-01-27 17:20:03,571 INFO o.a.j.t.JMeterThread: Thread is done: User threads 1-262
2026-01-27 17:20:03,572 INFO o.a.j.t.JMeterThread: Thread finished: User threads 1-262
2026-01-27 17:20:03,609 INFO o.a.j.t.JMeterThread: Thread is done: User threads 1-378
2026-01-27 17:20:03,609 INFO o.a.j.t.JMeterThread: Thread finished: User threads 1-378
2026-01-27 17:20:03,610 WARN o.a.j.p.h.s.HTTPSamplerBase: Existing CookieManager HTTP cookie manager superseded by HTTP cookie manager
2026-01-27 17:20:03,630 INFO o.a.j.t.JMeterThread: Thread is done: User threads 1-431
2026-01-27 17:20:03,630 INFO o.a.j.t.JMeterThread: Thread finished: User threads 1-431
2026-01-27 17:20:03,642 INFO o.a.j.t.JMeterThread: Thread is done: User threads 1-230
2026-01-27 17:20:03,642 INFO o.a.j.t.JMeterThread: Thread finished: User threads 1-230
2026-01-27 17:20:03,644 WARN o.a.j.p.h.s.HTTPSamplerBase: Existing CookieManager HTTP cookie manager superseded by HTTP cookie manager
2026-01-27 17:20:03,653 WARN o.a.j.p.h.s.HTTPSamplerBase: Existing CookieManager HTTP cookie manager superseded by HTTP cookie manager
2026-01-27 17:20:03,661 WARN o.a.j.p.h.s.HTTPSamplerBase: Existing CookieManager HTTP cookie manager superseded by HTTP cookie manager
2026-01-27 17:20:03,662 WARN o.a.j.p.h.s.HTTPSamplerBase: Existing CookieManager HTTP cookie manager superseded by HTTP cookie manager
2026-01-27 17:20:03,677 WARN o.a.j.p.h.s.HTTPSamplerBase: Existing CookieManager HTTP cookie manager superseded by HTTP cookie manager
2026-01-27 17:20:03,691 INFO o.a.j.t.JMeterThread: Thread is done: User threads 1-464
2026-01-27 17:20:03,692 INFO o.a.j.t.JMeterThread: Thread finished: User threads 1-464
2026-01-27 17:20:03,697 INFO o.a.j.t.JMeterThread: Thread is done: User threads 1-333
2026-01-27 17:20:03,697 INFO o.a.j.t.JMeterThread: Thread finished: User threads 1-333
2026-01-27 17:20:03,702 INFO o.a.j.t.JMeterThread: Thread is done: User threads 1-97
2026-01-27 17:20:03,702 INFO o.a.j.t.JMeterThread: Thread finished: User threads 1-97
2026-01-27 17:20:03,703 INFO o.a.j.t.JMeterThread: Thread is done: User threads 1-198
2026-01-27 17:20:03,703 INFO o.a.j.t.JMeterThread: Thread finished: User threads 1-198
2026-01-27 17:20:03,732 INFO o.a.j.t.JMeterThread: Thread is done: User threads 1-367
2026-01-27 17:20:03,732 INFO o.a.j.t.JMeterThread: Thread finished: User threads 1-367
2026-01-27 17:20:03,762 WARN o.a.j.p.h.s.HTTPSamplerBase: Existing CookieManager HTTP cookie manager superseded by HTTP cookie manager
2026-01-27 17:20:03,763 WARN o.a.j.p.h.s.HTTPSamplerBase: Existing CookieManager HTTP cookie manager superseded by HTTP cookie manager
2026-01-27 17:20:03,803 WARN o.a.j.p.h.s.HTTPSamplerBase: Existing CookieManager HTTP cookie manager superseded by HTTP cookie manager
2026-01-27 17:20:03,814 WARN o.a.j.p.h.s.HTTPSamplerBase: Existing CookieManager HTTP cookie manager superseded by HTTP cookie manager
2026-01-27 17:20:03,844 INFO o.a.j.t.JMeterThread: Thread is done: User threads 1-154
2026-01-27 17:20:03,844 INFO o.a.j.t.JMeterThread: Thread finished: User threads 1-154
2026-01-27 17:20:03,874 WARN o.a.j.p.h.s.HTTPSamplerBase: Existing CookieManager HTTP cookie manager superseded by HTTP cookie manager
2026-01-27 17:20:03,875 WARN o.a.j.p.h.s.HTTPSamplerBase: Existing CookieManager HTTP cookie manager superseded by HTTP cookie manager
2026-01-27 17:20:03,877 INFO o.a.j.t.JMeterThread: Thread is done: User threads 1-414
2026-01-27 17:20:03,877 INFO o.a.j.t.JMeterThread: Thread finished: User threads 1-414
2026-01-27 17:20:03,920 WARN o.a.j.p.h.s.HTTPSamplerBase: Existing CookieManager HTTP cookie manager superseded by HTTP cookie manager
2026-01-27 17:20:03,924 INFO o.a.j.t.JMeterThread: Thread is done: User threads 1-364
2026-01-27 17:20:03,924 INFO o.a.j.t.JMeterThread: Thread finished: User threads 1-364
2026-01-27 17:20:03,928 WARN o.a.j.p.h.s.HTTPSamplerBase: Existing CookieManager HTTP cookie manager superseded by HTTP cookie manager
2026-01-27 17:20:03,930 INFO o.a.j.t.JMeterThread: Thread is done: User threads 1-299
2026-01-27 17:20:03,930 INFO o.a.j.t.JMeterThread: Thread finished: User threads 1-299
2026-01-27 17:20:03,960 WARN o.a.j.p.h.s.HTTPSamplerBase: Existing CookieManager HTTP cookie manager superseded by HTTP cookie manager
2026-01-27 17:20:03,970 INFO o.a.j.t.JMeterThread: Thread is done: User threads 1-481
2026-01-27 17:20:03,970 INFO o.a.j.t.JMeterThread: Thread finished: User threads 1-481
2026-01-27 17:20:04,000 WARN o.a.j.p.h.s.HTTPSamplerBase: Existing CookieManager HTTP cookie manager superseded by HTTP cookie manager
2026-01-27 17:20:04,007 WARN o.a.j.p.h.s.HTTPSamplerBase: Existing CookieManager HTTP cookie manager superseded by HTTP cookie manager
2026-01-27 17:20:04,053 WARN o.a.j.p.h.s.HTTPSamplerBase: Existing CookieManager HTTP cookie manager superseded by HTTP cookie manager
2026-01-27 17:20:04,059 INFO o.a.j.t.JMeterThread: Thread is done: User threads 1-187
2026-01-27 17:20:04,060 INFO o.a.j.t.JMeterThread: Thread finished: User threads 1-187
2026-01-27 17:20:04,064 INFO o.a.j.t.JMeterThread: Thread is done: User threads 1-496
2026-01-27 17:20:04,064 INFO o.a.j.t.JMeterThread: Thread finished: User threads 1-496
2026-01-27 17:20:04,077 WARN o.a.j.p.h.s.HTTPSamplerBase: Existing CookieManager HTTP cookie manager superseded by HTTP cookie manager
2026-01-27 17:20:04,079 WARN o.a.j.p.h.s.HTTPSamplerBase: Existing CookieManager HTTP cookie manager superseded by HTTP cookie manager
2026-01-27 17:20:04,084 WARN o.a.j.p.h.s.HTTPSamplerBase: Existing CookieManager HTTP cookie manager superseded by HTTP cookie manager
2026-01-27 17:20:04,094 WARN o.a.j.p.h.s.HTTPSamplerBase: Existing CookieManager HTTP cookie manager superseded by HTTP cookie manager
2026-01-27 17:20:04,109 INFO o.a.j.t.JMeterThread: Thread is done: User threads 1-295
2026-01-27 17:20:04,109 INFO o.a.j.t.JMeterThread: Thread finished: User threads 1-295
2026-01-27 17:20:04,112 INFO o.a.j.t.JMeterThread: Thread is done: User threads 1-163
2026-01-27 17:20:04,112 INFO o.a.j.t.JMeterThread: Thread finished: User threads 1-163
2026-01-27 17:20:04,131 WARN o.a.j.p.h.s.HTTPSamplerBase: Existing CookieManager HTTP cookie manager superseded by HTTP cookie manager
2026-01-27 17:20:04,143 INFO o.a.j.t.JMeterThread: Thread is done: User threads 1-334
2026-01-27 17:20:04,143 INFO o.a.j.t.JMeterThread: Thread finished: User threads 1-334
2026-01-27 17:20:04,148 INFO o.a.j.t.JMeterThread: Thread is done: User threads 1-184
2026-01-27 17:20:04,148 INFO o.a.j.t.JMeterThread: Thread finished: User threads 1-184
2026-01-27 17:20:04,171 INFO o.a.j.t.JMeterThread: Thread is done: User threads 1-222
2026-01-27 17:20:04,171 INFO o.a.j.t.JMeterThread: Thread finished: User threads 1-222
2026-01-27 17:20:04,171 INFO o.a.j.t.JMeterThread: Thread is done: User threads 1-401
2026-01-27 17:20:04,172 INFO o.a.j.t.JMeterThread: Thread finished: User threads 1-401
2026-01-27 17:20:04,178 INFO o.a.j.t.JMeterThread: Thread is done: User threads 1-226
2026-01-27 17:20:04,178 INFO o.a.j.t.JMeterThread: Thread finished: User threads 1-226
2026-01-27 17:20:04,183 INFO o.a.j.t.JMeterThread: Thread is done: User threads 1-473
2026-01-27 17:20:04,184 INFO o.a.j.t.JMeterThread: Thread finished: User threads 1-473
2026-01-27 17:20:04,184 INFO o.a.j.t.JMeterThread: Thread is done: User threads 1-460
2026-01-27 17:20:04,184 INFO o.a.j.t.JMeterThread: Thread finished: User threads 1-460
2026-01-27 17:20:04,185 INFO o.a.j.t.JMeterThread: Thread is done: User threads 1-201
2026-01-27 17:20:04,185 INFO o.a.j.t.JMeterThread: Thread finished: User threads 1-201
2026-01-27 17:20:04,218 INFO o.a.j.t.JMeterThread: Thread is done: User threads 1-221
2026-01-27 17:20:04,218 INFO o.a.j.t.JMeterThread: Thread finished: User threads 1-221
2026-01-27 17:20:04,219 INFO o.a.j.t.JMeterThread: Thread is done: User threads 1-180
2026-01-27 17:20:04,219 INFO o.a.j.t.JMeterThread: Thread finished: User threads 1-180
2026-01-27 17:20:04,227 INFO o.a.j.t.JMeterThread: Thread is done: User threads 1-423
2026-01-27 17:20:04,227 INFO o.a.j.t.JMeterThread: Thread finished: User threads 1-423
2026-01-27 17:20:04,245 WARN o.a.j.p.h.s.HTTPSamplerBase: Existing CookieManager HTTP cookie manager superseded by HTTP cookie manager
2026-01-27 17:20:04,271 WARN o.a.j.p.h.s.HTTPSamplerBase: Existing CookieManager HTTP cookie manager superseded by HTTP cookie manager
2026-01-27 17:20:04,304 WARN o.a.j.p.h.s.HTTPSamplerBase: Existing CookieManager HTTP cookie manager superseded by HTTP cookie manager
2026-01-27 17:20:04,304 INFO o.a.j.t.JMeterThread: Thread is done: User threads 1-275
2026-01-27 17:20:04,304 INFO o.a.j.t.JMeterThread: Thread finished: User threads 1-275
2026-01-27 17:20:04,313 WARN o.a.j.p.h.s.HTTPSamplerBase: Existing CookieManager HTTP cookie manager superseded by HTTP cookie manager
2026-01-27 17:20:04,347 INFO o.a.j.t.JMeterThread: Thread is done: User threads 1-310
2026-01-27 17:20:04,347 INFO o.a.j.t.JMeterThread: Thread finished: User threads 1-310
2026-01-27 17:20:04,348 INFO o.a.j.t.JMeterThread: Thread is done: User threads 1-374
2026-01-27 17:20:04,348 INFO o.a.j.t.JMeterThread: Thread finished: User threads 1-374
2026-01-27 17:20:04,366 WARN o.a.j.p.h.s.HTTPSamplerBase: Existing CookieManager HTTP cookie manager superseded by HTTP cookie manager
2026-01-27 17:20:04,373 WARN o.a.j.p.h.s.HTTPSamplerBase: Existing CookieManager HTTP cookie manager superseded by HTTP cookie manager
2026-01-27 17:20:04,373 INFO o.a.j.t.JMeterThread: Thread is done: User threads 1-415
2026-01-27 17:20:04,373 INFO o.a.j.t.JMeterThread: Thread finished: User threads 1-415
2026-01-27 17:20:04,401 INFO o.a.j.t.JMeterThread: Thread is done: User threads 1-241
2026-01-27 17:20:04,401 WARN o.a.j.p.h.s.HTTPSamplerBase: Existing CookieManager HTTP cookie manager superseded by HTTP cookie manager
2026-01-27 17:20:04,402 WARN o.a.j.p.h.s.HTTPSamplerBase: Existing CookieManager HTTP cookie manager superseded by HTTP cookie manager
2026-01-27 17:20:04,406 INFO o.a.j.t.JMeterThread: Thread is done: User threads 1-200
2026-01-27 17:20:04,406 INFO o.a.j.t.JMeterThread: Thread finished: User threads 1-200
2026-01-27 17:20:04,407 INFO o.a.j.t.JMeterThread: Thread is done: User threads 1-313
2026-01-27 17:20:04,408 INFO o.a.j.t.JMeterThread: Thread finished: User threads 1-313
2026-01-27 17:20:04,409 INFO o.a.j.t.JMeterThread: Thread is done: User threads 1-217
2026-01-27 17:20:04,409 INFO o.a.j.t.JMeterThread: Thread finished: User threads 1-217
2026-01-27 17:20:04,401 INFO o.a.j.t.JMeterThread: Thread finished: User threads 1-241
2026-01-27 17:20:04,423 WARN o.a.j.p.h.s.HTTPSamplerBase: Existing CookieManager HTTP cookie manager superseded by HTTP cookie manager
2026-01-27 17:20:04,439 WARN o.a.j.p.h.s.HTTPSamplerBase: Existing CookieManager HTTP cookie manager superseded by HTTP cookie manager
2026-01-27 17:20:04,441 INFO o.a.j.t.JMeterThread: Thread is done: User threads 1-162
2026-01-27 17:20:04,441 INFO o.a.j.t.JMeterThread: Thread finished: User threads 1-162
2026-01-27 17:20:04,442 WARN o.a.j.p.h.s.HTTPSamplerBase: Existing CookieManager HTTP cookie manager superseded by HTTP cookie manager
2026-01-27 17:20:04,458 WARN o.a.j.p.h.s.HTTPSamplerBase: Existing CookieManager HTTP cookie manager superseded by HTTP cookie manager
2026-01-27 17:20:04,459 INFO o.a.j.t.JMeterThread: Thread is done: User threads 1-449
2026-01-27 17:20:04,459 INFO o.a.j.t.JMeterThread: Thread finished: User threads 1-449
2026-01-27 17:20:04,466 INFO o.a.j.t.JMeterThread: Thread is done: User threads 1-242
2026-01-27 17:20:04,466 INFO o.a.j.t.JMeterThread: Thread finished: User threads 1-242
2026-01-27 17:20:04,472 WARN o.a.j.p.h.s.HTTPSamplerBase: Existing CookieManager HTTP cookie manager superseded by HTTP cookie manager
2026-01-27 17:20:04,481 WARN o.a.j.p.h.s.HTTPSamplerBase: Existing CookieManager HTTP cookie manager superseded by HTTP cookie manager
2026-01-27 17:20:04,486 WARN o.a.j.p.h.s.HTTPSamplerBase: Existing CookieManager HTTP cookie manager superseded by HTTP cookie manager
2026-01-27 17:20:04,502 INFO o.a.j.t.JMeterThread: Thread is done: User threads 1-446
2026-01-27 17:20:04,502 INFO o.a.j.t.JMeterThread: Thread finished: User threads 1-446
2026-01-27 17:20:04,504 WARN o.a.j.p.h.s.HTTPSamplerBase: Existing CookieManager HTTP cookie manager superseded by HTTP cookie manager
2026-01-27 17:20:04,524 WARN o.a.j.p.h.s.HTTPSamplerBase: Existing CookieManager HTTP cookie manager superseded by HTTP cookie manager
2026-01-27 17:20:04,576 WARN o.a.j.p.h.s.HTTPSamplerBase: Existing CookieManager HTTP cookie manager superseded by HTTP cookie manager
2026-01-27 17:20:04,581 WARN o.a.j.p.h.s.HTTPSamplerBase: Existing CookieManager HTTP cookie manager superseded by HTTP cookie manager
2026-01-27 17:20:04,582 INFO o.a.j.t.JMeterThread: Thread is done: User threads 1-419
2026-01-27 17:20:04,582 INFO o.a.j.t.JMeterThread: Thread finished: User threads 1-419
2026-01-27 17:20:04,594 WARN o.a.j.p.h.s.HTTPSamplerBase: Existing CookieManager HTTP cookie manager superseded by HTTP cookie manager
2026-01-27 17:20:04,611 INFO o.a.j.t.JMeterThread: Thread is done: User threads 1-470
2026-01-27 17:20:04,611 INFO o.a.j.t.JMeterThread: Thread finished: User threads 1-470
2026-01-27 17:20:04,624 WARN o.a.j.p.h.s.HTTPSamplerBase: Existing CookieManager HTTP cookie manager superseded by HTTP cookie manager
2026-01-27 17:20:04,648 WARN o.a.j.p.h.s.HTTPSamplerBase: Existing CookieManager HTTP cookie manager superseded by HTTP cookie manager
2026-01-27 17:20:04,650 INFO o.a.j.t.JMeterThread: Thread is done: User threads 1-307
2026-01-27 17:20:04,650 INFO o.a.j.t.JMeterThread: Thread finished: User threads 1-307
2026-01-27 17:20:04,660 WARN o.a.j.p.h.s.HTTPSamplerBase: Existing CookieManager HTTP cookie manager superseded by HTTP cookie manager
2026-01-27 17:20:04,671 INFO o.a.j.t.JMeterThread: Thread is done: User threads 1-214
2026-01-27 17:20:04,671 INFO o.a.j.t.JMeterThread: Thread finished: User threads 1-214
2026-01-27 17:20:04,672 WARN o.a.j.p.h.s.HTTPSamplerBase: Existing CookieManager HTTP cookie manager superseded by HTTP cookie manager
2026-01-27 17:20:04,679 WARN o.a.j.p.h.s.HTTPSamplerBase: Existing CookieManager HTTP cookie manager superseded by HTTP cookie manager
2026-01-27 17:20:04,686 WARN o.a.j.p.h.s.HTTPSamplerBase: Existing CookieManager HTTP cookie manager superseded by HTTP cookie manager
2026-01-27 17:20:04,702 WARN o.a.j.p.h.s.HTTPSamplerBase: Existing CookieManager HTTP cookie manager superseded by HTTP cookie manager
2026-01-27 17:20:04,708 INFO o.a.j.t.JMeterThread: Thread is done: User threads 1-475
2026-01-27 17:20:04,712 INFO o.a.j.t.JMeterThread: Thread finished: User threads 1-475
2026-01-27 17:20:04,714 INFO o.a.j.t.JMeterThread: Thread is done: User threads 1-321
2026-01-27 17:20:04,714 INFO o.a.j.t.JMeterThread: Thread finished: User threads 1-321
2026-01-27 17:20:04,719 WARN o.a.j.p.h.s.HTTPSamplerBase: Existing CookieManager HTTP cookie manager superseded by HTTP cookie manager
2026-01-27 17:20:04,739 INFO o.a.j.t.JMeterThread: Thread is done: User threads 1-422
2026-01-27 17:20:04,739 INFO o.a.j.t.JMeterThread: Thread finished: User threads 1-422
2026-01-27 17:20:04,741 INFO o.a.j.t.JMeterThread: Thread is done: User threads 1-325
2026-01-27 17:20:04,741 INFO o.a.j.t.JMeterThread: Thread finished: User threads 1-325
2026-01-27 17:20:04,746 WARN o.a.j.p.h.s.HTTPSamplerBase: Existing CookieManager HTTP cookie manager superseded by HTTP cookie manager
2026-01-27 17:20:04,775 INFO o.a.j.t.JMeterThread: Thread is done: User threads 1-444
2026-01-27 17:20:04,775 INFO o.a.j.t.JMeterThread: Thread finished: User threads 1-444
2026-01-27 17:20:04,787 INFO o.a.j.t.JMeterThread: Thread is done: User threads 1-451
2026-01-27 17:20:04,787 INFO o.a.j.t.JMeterThread: Thread finished: User threads 1-451
2026-01-27 17:20:04,807 WARN o.a.j.p.h.s.HTTPSamplerBase: Existing CookieManager HTTP cookie manager superseded by HTTP cookie manager
2026-01-27 17:20:04,820 WARN o.a.j.p.h.s.HTTPSamplerBase: Existing CookieManager HTTP cookie manager superseded by HTTP cookie manager
2026-01-27 17:20:04,828 WARN o.a.j.p.h.s.HTTPSamplerBase: Existing CookieManager HTTP cookie manager superseded by HTTP cookie manager
2026-01-27 17:20:04,835 INFO o.a.j.t.JMeterThread: Thread is done: User threads 1-250
2026-01-27 17:20:04,835 INFO o.a.j.t.JMeterThread: Thread finished: User threads 1-250
2026-01-27 17:20:04,849 WARN o.a.j.p.h.s.HTTPSamplerBase: Existing CookieManager HTTP cookie manager superseded by HTTP cookie manager
2026-01-27 17:20:04,851 WARN o.a.j.p.h.s.HTTPSamplerBase: Existing CookieManager HTTP cookie manager superseded by HTTP cookie manager
2026-01-27 17:20:04,851 WARN o.a.j.p.h.s.HTTPSamplerBase: Existing CookieManager HTTP cookie manager superseded by HTTP cookie manager
2026-01-27 17:20:04,856 INFO o.a.j.t.JMeterThread: Thread is done: User threads 1-232
2026-01-27 17:20:04,856 INFO o.a.j.t.JMeterThread: Thread finished: User threads 1-232
2026-01-27 17:20:04,858 WARN o.a.j.p.h.s.HTTPSamplerBase: Existing CookieManager HTTP cookie manager superseded by HTTP cookie manager
2026-01-27 17:20:04,873 WARN o.a.j.p.h.s.HTTPSamplerBase: Existing CookieManager HTTP cookie manager superseded by HTTP cookie manager
2026-01-27 17:20:04,887 WARN o.a.j.p.h.s.HTTPSamplerBase: Existing CookieManager HTTP cookie manager superseded by HTTP cookie manager
2026-01-27 17:20:04,887 INFO o.a.j.t.JMeterThread: Thread is done: User threads 1-211
2026-01-27 17:20:04,887 INFO o.a.j.t.JMeterThread: Thread finished: User threads 1-211
2026-01-27 17:20:04,902 WARN o.a.j.p.h.s.HTTPSamplerBase: Existing CookieManager HTTP cookie manager superseded by HTTP cookie manager
2026-01-27 17:20:04,910 WARN o.a.j.p.h.s.HTTPSamplerBase: Existing CookieManager HTTP cookie manager superseded by HTTP cookie manager
2026-01-27 17:20:04,942 INFO o.a.j.t.JMeterThread: Thread is done: User threads 1-468
2026-01-27 17:20:04,943 INFO o.a.j.t.JMeterThread: Thread finished: User threads 1-468
2026-01-27 17:20:04,943 INFO o.a.j.t.JMeterThread: Thread is done: User threads 1-461
2026-01-27 17:20:04,943 INFO o.a.j.t.JMeterThread: Thread finished: User threads 1-461
2026-01-27 17:20:04,951 INFO o.a.j.t.JMeterThread: Thread is done: User threads 1-269
2026-01-27 17:20:04,951 INFO o.a.j.t.JMeterThread: Thread finished: User threads 1-269
2026-01-27 17:20:04,971 INFO o.a.j.t.JMeterThread: Thread is done: User threads 1-267
2026-01-27 17:20:04,971 INFO o.a.j.t.JMeterThread: Thread finished: User threads 1-267
2026-01-27 17:20:04,977 INFO o.a.j.t.JMeterThread: Thread is done: User threads 1-363
2026-01-27 17:20:04,977 INFO o.a.j.t.JMeterThread: Thread finished: User threads 1-363
2026-01-27 17:20:04,995 INFO o.a.j.t.JMeterThread: Thread is done: User threads 1-283
2026-01-27 17:20:04,995 INFO o.a.j.t.JMeterThread: Thread finished: User threads 1-283
2026-01-27 17:20:04,997 WARN o.a.j.p.h.s.HTTPSamplerBase: Existing CookieManager HTTP cookie manager superseded by HTTP cookie manager
2026-01-27 17:20:05,004 INFO o.a.j.t.JMeterThread: Thread is done: User threads 1-259
2026-01-27 17:20:05,004 INFO o.a.j.t.JMeterThread: Thread finished: User threads 1-259
2026-01-27 17:20:05,005 INFO o.a.j.t.JMeterThread: Thread is done: User threads 1-381
2026-01-27 17:20:05,005 INFO o.a.j.t.JMeterThread: Thread finished: User threads 1-381
2026-01-27 17:20:05,019 WARN o.a.j.p.h.s.HTTPSamplerBase: Existing CookieManager HTTP cookie manager superseded by HTTP cookie manager
2026-01-27 17:20:05,033 INFO o.a.j.t.JMeterThread: Thread is done: User threads 1-395
2026-01-27 17:20:05,033 INFO o.a.j.t.JMeterThread: Thread finished: User threads 1-395
2026-01-27 17:20:05,049 WARN o.a.j.p.h.s.HTTPSamplerBase: Existing CookieManager HTTP cookie manager superseded by HTTP cookie manager
2026-01-27 17:20:05,053 WARN o.a.j.p.h.s.HTTPSamplerBase: Existing CookieManager HTTP cookie manager superseded by HTTP cookie manager
2026-01-27 17:20:05,066 WARN o.a.j.p.h.s.HTTPSamplerBase: Existing CookieManager HTTP cookie manager superseded by HTTP cookie manager
2026-01-27 17:20:05,068 WARN o.a.j.p.h.s.HTTPSamplerBase: Existing CookieManager HTTP cookie manager superseded by HTTP cookie manager
2026-01-27 17:20:05,070 WARN o.a.j.p.h.s.HTTPSamplerBase: Existing CookieManager HTTP cookie manager superseded by HTTP cookie manager
2026-01-27 17:20:05,072 INFO o.a.j.t.JMeterThread: Thread is done: User threads 1-73
2026-01-27 17:20:05,072 INFO o.a.j.t.JMeterThread: Thread finished: User threads 1-73
2026-01-27 17:20:05,087 WARN o.a.j.p.h.s.HTTPSamplerBase: Existing CookieManager HTTP cookie manager superseded by HTTP cookie manager
2026-01-27 17:20:05,087 WARN o.a.j.p.h.s.HTTPSamplerBase: Existing CookieManager HTTP cookie manager superseded by HTTP cookie manager
2026-01-27 17:20:05,089 WARN o.a.j.p.h.s.HTTPSamplerBase: Existing CookieManager HTTP cookie manager superseded by HTTP cookie manager
2026-01-27 17:20:05,090 WARN o.a.j.p.h.s.HTTPSamplerBase: Existing CookieManager HTTP cookie manager superseded by HTTP cookie manager
2026-01-27 17:20:05,097 INFO o.a.j.t.JMeterThread: Thread is done: User threads 1-355
2026-01-27 17:20:05,097 INFO o.a.j.t.JMeterThread: Thread finished: User threads 1-355
2026-01-27 17:20:05,101 INFO o.a.j.t.JMeterThread: Thread is done: User threads 1-455
2026-01-27 17:20:05,101 INFO o.a.j.t.JMeterThread: Thread finished: User threads 1-455
2026-01-27 17:20:05,104 WARN o.a.j.p.h.s.HTTPSamplerBase: Existing CookieManager HTTP cookie manager superseded by HTTP cookie manager
2026-01-27 17:20:05,128 WARN o.a.j.p.h.s.HTTPSamplerBase: Existing CookieManager HTTP cookie manager superseded by HTTP cookie manager
2026-01-27 17:20:05,152 INFO o.a.j.t.JMeterThread: Thread is done: User threads 1-268
2026-01-27 17:20:05,152 INFO o.a.j.t.JMeterThread: Thread finished: User threads 1-268
2026-01-27 17:20:05,161 WARN o.a.j.p.h.s.HTTPSamplerBase: Existing CookieManager HTTP cookie manager superseded by HTTP cookie manager
2026-01-27 17:20:05,169 INFO o.a.j.t.JMeterThread: Thread is done: User threads 1-380
2026-01-27 17:20:05,169 INFO o.a.j.t.JMeterThread: Thread finished: User threads 1-380
2026-01-27 17:20:05,180 WARN o.a.j.p.h.s.HTTPSamplerBase: Existing CookieManager HTTP cookie manager superseded by HTTP cookie manager
2026-01-27 17:20:05,206 INFO o.a.j.t.JMeterThread: Thread is done: User threads 1-368
2026-01-27 17:20:05,206 INFO o.a.j.t.JMeterThread: Thread finished: User threads 1-368
2026-01-27 17:20:05,211 WARN o.a.j.p.h.s.HTTPSamplerBase: Existing CookieManager HTTP cookie manager superseded by HTTP cookie manager
2026-01-27 17:20:05,226 INFO o.a.j.t.JMeterThread: Thread is done: User threads 1-491
2026-01-27 17:20:05,226 INFO o.a.j.t.JMeterThread: Thread finished: User threads 1-491
2026-01-27 17:20:05,226 INFO o.a.j.t.JMeterThread: Thread is done: User threads 1-306
2026-01-27 17:20:05,226 INFO o.a.j.t.JMeterThread: Thread finished: User threads 1-306
2026-01-27 17:20:05,238 WARN o.a.j.p.h.s.HTTPSamplerBase: Existing CookieManager HTTP cookie manager superseded by HTTP cookie manager
2026-01-27 17:20:05,246 WARN o.a.j.p.h.s.HTTPSamplerBase: Existing CookieManager HTTP cookie manager superseded by HTTP cookie manager
2026-01-27 17:20:05,259 WARN o.a.j.p.h.s.HTTPSamplerBase: Existing CookieManager HTTP cookie manager superseded by HTTP cookie manager
2026-01-27 17:20:05,262 WARN o.a.j.p.h.s.HTTPSamplerBase: Existing CookieManager HTTP cookie manager superseded by HTTP cookie manager
2026-01-27 17:20:05,283 WARN o.a.j.p.h.s.HTTPSamplerBase: Existing CookieManager HTTP cookie manager superseded by HTTP cookie manager
2026-01-27 17:20:05,310 WARN o.a.j.p.h.s.HTTPSamplerBase: Existing CookieManager HTTP cookie manager superseded by HTTP cookie manager
2026-01-27 17:20:05,329 WARN o.a.j.p.h.s.HTTPSamplerBase: Existing CookieManager HTTP cookie manager superseded by HTTP cookie manager
2026-01-27 17:20:05,329 INFO o.a.j.t.JMeterThread: Thread is done: User threads 1-360
2026-01-27 17:20:05,329 INFO o.a.j.t.JMeterThread: Thread finished: User threads 1-360
2026-01-27 17:20:05,340 WARN o.a.j.p.h.s.HTTPSamplerBase: Existing CookieManager HTTP cookie manager superseded by HTTP cookie manager
2026-01-27 17:20:05,342 WARN o.a.j.p.h.s.HTTPSamplerBase: Existing CookieManager HTTP cookie manager superseded by HTTP cookie manager
2026-01-27 17:20:05,368 INFO o.a.j.t.JMeterThread: Thread is done: User threads 1-205
2026-01-27 17:20:05,368 INFO o.a.j.t.JMeterThread: Thread finished: User threads 1-205
2026-01-27 17:20:05,372 INFO o.a.j.t.JMeterThread: Thread is done: User threads 1-317
2026-01-27 17:20:05,372 INFO o.a.j.t.JMeterThread: Thread finished: User threads 1-317
2026-01-27 17:20:05,374 INFO o.a.j.t.JMeterThread: Thread is done: User threads 1-429
2026-01-27 17:20:05,374 INFO o.a.j.t.JMeterThread: Thread finished: User threads 1-429
2026-01-27 17:20:05,379 WARN o.a.j.p.h.s.HTTPSamplerBase: Existing CookieManager HTTP cookie manager superseded by HTTP cookie manager
2026-01-27 17:20:05,380 INFO o.a.j.t.JMeterThread: Thread is done: User threads 1-434
2026-01-27 17:20:05,380 INFO o.a.j.t.JMeterThread: Thread finished: User threads 1-434
2026-01-27 17:20:05,390 INFO o.a.j.t.JMeterThread: Thread is done: User threads 1-403
2026-01-27 17:20:05,390 INFO o.a.j.t.JMeterThread: Thread finished: User threads 1-403
2026-01-27 17:20:05,406 INFO o.a.j.t.JMeterThread: Thread is done: User threads 1-359
2026-01-27 17:20:05,406 INFO o.a.j.t.JMeterThread: Thread finished: User threads 1-359
2026-01-27 17:20:05,414 WARN o.a.j.p.h.s.HTTPSamplerBase: Existing CookieManager HTTP cookie manager superseded by HTTP cookie manager
2026-01-27 17:20:05,416 WARN o.a.j.p.h.s.HTTPSamplerBase: Existing CookieManager HTTP cookie manager superseded by HTTP cookie manager
2026-01-27 17:20:05,427 INFO o.a.j.t.JMeterThread: Thread is done: User threads 1-375
2026-01-27 17:20:05,427 INFO o.a.j.t.JMeterThread: Thread finished: User threads 1-375
2026-01-27 17:20:05,435 WARN o.a.j.p.h.s.HTTPSamplerBase: Existing CookieManager HTTP cookie manager superseded by HTTP cookie manager
2026-01-27 17:20:05,441 WARN o.a.j.p.h.s.HTTPSamplerBase: Existing CookieManager HTTP cookie manager superseded by HTTP cookie manager
2026-01-27 17:20:05,448 WARN o.a.j.p.h.s.HTTPSamplerBase: Existing CookieManager HTTP cookie manager superseded by HTTP cookie manager
2026-01-27 17:20:05,456 WARN o.a.j.p.h.s.HTTPSamplerBase: Existing CookieManager HTTP cookie manager superseded by HTTP cookie manager
2026-01-27 17:20:05,472 INFO o.a.j.t.JMeterThread: Thread is done: User threads 1-408
2026-01-27 17:20:05,472 INFO o.a.j.t.JMeterThread: Thread finished: User threads 1-408
2026-01-27 17:20:05,473 WARN o.a.j.p.h.s.HTTPSamplerBase: Existing CookieManager HTTP cookie manager superseded by HTTP cookie manager
2026-01-27 17:20:05,473 INFO o.a.j.t.JMeterThread: Thread is done: User threads 1-436
2026-01-27 17:20:05,473 INFO o.a.j.t.JMeterThread: Thread finished: User threads 1-436
2026-01-27 17:20:05,492 WARN o.a.j.p.h.s.HTTPSamplerBase: Existing CookieManager HTTP cookie manager superseded by HTTP cookie manager
2026-01-27 17:20:05,519 INFO o.a.j.t.JMeterThread: Thread is done: User threads 1-173
2026-01-27 17:20:05,519 INFO o.a.j.t.JMeterThread: Thread finished: User threads 1-173
2026-01-27 17:20:05,522 INFO o.a.j.t.JMeterThread: Thread is done: User threads 1-433
2026-01-27 17:20:05,522 INFO o.a.j.t.JMeterThread: Thread finished: User threads 1-433
2026-01-27 17:20:05,525 INFO o.a.j.t.JMeterThread: Thread is done: User threads 1-350
2026-01-27 17:20:05,525 WARN o.a.j.p.h.s.HTTPSamplerBase: Existing CookieManager HTTP cookie manager superseded by HTTP cookie manager
2026-01-27 17:20:05,525 INFO o.a.j.t.JMeterThread: Thread finished: User threads 1-350
2026-01-27 17:20:05,555 INFO o.a.j.t.JMeterThread: Thread is done: User threads 1-384
2026-01-27 17:20:05,555 INFO o.a.j.t.JMeterThread: Thread finished: User threads 1-384
2026-01-27 17:20:05,571 INFO o.a.j.t.JMeterThread: Thread is done: User threads 1-302
2026-01-27 17:20:05,571 INFO o.a.j.t.JMeterThread: Thread finished: User threads 1-302
2026-01-27 17:20:05,572 INFO o.a.j.t.JMeterThread: Thread is done: User threads 1-397
2026-01-27 17:20:05,572 INFO o.a.j.t.JMeterThread: Thread finished: User threads 1-397
2026-01-27 17:20:05,572 INFO o.a.j.t.JMeterThread: Thread is done: User threads 1-361
2026-01-27 17:20:05,572 INFO o.a.j.t.JMeterThread: Thread finished: User threads 1-361
2026-01-27 17:20:05,572 WARN o.a.j.p.h.s.HTTPSamplerBase: Existing CookieManager HTTP cookie manager superseded by HTTP cookie manager
2026-01-27 17:20:05,590 WARN o.a.j.p.h.s.HTTPSamplerBase: Existing CookieManager HTTP cookie manager superseded by HTTP cookie manager
2026-01-27 17:20:05,611 INFO o.a.j.t.JMeterThread: Thread is done: User threads 1-343
2026-01-27 17:20:05,611 INFO o.a.j.t.JMeterThread: Thread finished: User threads 1-343
2026-01-27 17:20:05,620 WARN o.a.j.p.h.s.HTTPSamplerBase: Existing CookieManager HTTP cookie manager superseded by HTTP cookie manager
2026-01-27 17:20:05,622 INFO o.a.j.t.JMeterThread: Thread is done: User threads 1-424
2026-01-27 17:20:05,622 INFO o.a.j.t.JMeterThread: Thread finished: User threads 1-424
2026-01-27 17:20:05,631 INFO o.a.j.t.JMeterThread: Thread is done: User threads 1-391
2026-01-27 17:20:05,631 INFO o.a.j.t.JMeterThread: Thread finished: User threads 1-391
2026-01-27 17:20:05,640 INFO o.a.j.t.JMeterThread: Thread is done: User threads 1-32
2026-01-27 17:20:05,640 INFO o.a.j.t.JMeterThread: Thread finished: User threads 1-32
2026-01-27 17:20:05,647 INFO o.a.j.t.JMeterThread: Thread is done: User threads 1-257
2026-01-27 17:20:05,647 INFO o.a.j.t.JMeterThread: Thread finished: User threads 1-257
2026-01-27 17:20:05,649 INFO o.a.j.t.JMeterThread: Thread is done: User threads 1-338
2026-01-27 17:20:05,650 INFO o.a.j.t.JMeterThread: Thread finished: User threads 1-338
2026-01-27 17:20:05,651 INFO o.a.j.t.JMeterThread: Thread is done: User threads 1-412
2026-01-27 17:20:05,651 INFO o.a.j.t.JMeterThread: Thread finished: User threads 1-412
2026-01-27 17:20:05,658 WARN o.a.j.p.h.s.HTTPSamplerBase: Existing CookieManager HTTP cookie manager superseded by HTTP cookie manager
2026-01-27 17:20:05,659 WARN o.a.j.p.h.s.HTTPSamplerBase: Existing CookieManager HTTP cookie manager superseded by HTTP cookie manager
2026-01-27 17:20:05,659 INFO o.a.j.t.JMeterThread: Thread is done: User threads 1-358
2026-01-27 17:20:05,660 INFO o.a.j.t.JMeterThread: Thread finished: User threads 1-358
2026-01-27 17:20:05,681 INFO o.a.j.t.JMeterThread: Thread is done: User threads 1-87
2026-01-27 17:20:05,681 INFO o.a.j.t.JMeterThread: Thread finished: User threads 1-87
2026-01-27 17:20:05,681 WARN o.a.j.p.h.s.HTTPSamplerBase: Existing CookieManager HTTP cookie manager superseded by HTTP cookie manager
2026-01-27 17:20:05,681 INFO o.a.j.t.JMeterThread: Thread is done: User threads 1-407
2026-01-27 17:20:05,681 INFO o.a.j.t.JMeterThread: Thread finished: User threads 1-407
2026-01-27 17:20:05,688 INFO o.a.j.t.JMeterThread: Thread is done: User threads 1-248
2026-01-27 17:20:05,688 INFO o.a.j.t.JMeterThread: Thread finished: User threads 1-248
2026-01-27 17:20:05,698 INFO o.a.j.t.JMeterThread: Thread is done: User threads 1-322
2026-01-27 17:20:05,698 INFO o.a.j.t.JMeterThread: Thread finished: User threads 1-322
2026-01-27 17:20:05,710 INFO o.a.j.t.JMeterThread: Thread is done: User threads 1-328
2026-01-27 17:20:05,710 INFO o.a.j.t.JMeterThread: Thread finished: User threads 1-328
2026-01-27 17:20:05,711 WARN o.a.j.p.h.s.HTTPSamplerBase: Existing CookieManager HTTP cookie manager superseded by HTTP cookie manager
2026-01-27 17:20:05,729 INFO o.a.j.t.JMeterThread: Thread is done: User threads 1-467
2026-01-27 17:20:05,729 INFO o.a.j.t.JMeterThread: Thread finished: User threads 1-467
2026-01-27 17:20:05,731 INFO o.a.j.t.JMeterThread: Thread is done: User threads 1-314
2026-01-27 17:20:05,731 INFO o.a.j.t.JMeterThread: Thread finished: User threads 1-314
2026-01-27 17:20:05,735 INFO o.a.j.t.JMeterThread: Thread is done: User threads 1-435
2026-01-27 17:20:05,735 INFO o.a.j.t.JMeterThread: Thread finished: User threads 1-435
2026-01-27 17:20:05,750 INFO o.a.j.t.JMeterThread: Thread is done: User threads 1-255
2026-01-27 17:20:05,750 INFO o.a.j.t.JMeterThread: Thread finished: User threads 1-255
2026-01-27 17:20:05,760 WARN o.a.j.p.h.s.HTTPSamplerBase: Existing CookieManager HTTP cookie manager superseded by HTTP cookie manager
2026-01-27 17:20:05,763 INFO o.a.j.t.JMeterThread: Thread is done: User threads 1-410
2026-01-27 17:20:05,763 INFO o.a.j.t.JMeterThread: Thread finished: User threads 1-410
2026-01-27 17:20:05,764 INFO o.a.j.t.JMeterThread: Thread is done: User threads 1-370
2026-01-27 17:20:05,764 INFO o.a.j.t.JMeterThread: Thread finished: User threads 1-370
2026-01-27 17:20:05,765 WARN o.a.j.p.h.s.HTTPSamplerBase: Existing CookieManager HTTP cookie manager superseded by HTTP cookie manager
2026-01-27 17:20:05,768 INFO o.a.j.t.JMeterThread: Thread is done: User threads 1-499
2026-01-27 17:20:05,768 INFO o.a.j.t.JMeterThread: Thread finished: User threads 1-499
2026-01-27 17:20:05,788 INFO o.a.j.t.JMeterThread: Thread is done: User threads 1-155
2026-01-27 17:20:05,788 INFO o.a.j.t.JMeterThread: Thread finished: User threads 1-155
2026-01-27 17:20:05,805 INFO o.a.j.t.JMeterThread: Thread is done: User threads 1-208
2026-01-27 17:20:05,805 INFO o.a.j.t.JMeterThread: Thread finished: User threads 1-208
2026-01-27 17:20:05,818 INFO o.a.j.t.JMeterThread: Thread is done: User threads 1-287
2026-01-27 17:20:05,818 INFO o.a.j.t.JMeterThread: Thread finished: User threads 1-287
2026-01-27 17:20:05,834 WARN o.a.j.p.h.s.HTTPSamplerBase: Existing CookieManager HTTP cookie manager superseded by HTTP cookie manager
2026-01-27 17:20:05,834 WARN o.a.j.p.h.s.HTTPSamplerBase: Existing CookieManager HTTP cookie manager superseded by HTTP cookie manager
2026-01-27 17:20:05,849 WARN o.a.j.p.h.s.HTTPSamplerBase: Existing CookieManager HTTP cookie manager superseded by HTTP cookie manager
2026-01-27 17:20:05,864 WARN o.a.j.p.h.s.HTTPSamplerBase: Existing CookieManager HTTP cookie manager superseded by HTTP cookie manager
2026-01-27 17:20:05,873 INFO o.a.j.t.JMeterThread: Thread is done: User threads 1-487
2026-01-27 17:20:05,873 INFO o.a.j.t.JMeterThread: Thread finished: User threads 1-487
2026-01-27 17:20:05,874 WARN o.a.j.p.h.s.HTTPSamplerBase: Existing CookieManager HTTP cookie manager superseded by HTTP cookie manager
2026-01-27 17:20:05,899 WARN o.a.j.p.h.s.HTTPSamplerBase: Existing CookieManager HTTP cookie manager superseded by HTTP cookie manager
2026-01-27 17:20:05,904 INFO o.a.j.t.JMeterThread: Thread is done: User threads 1-114
2026-01-27 17:20:05,904 INFO o.a.j.t.JMeterThread: Thread finished: User threads 1-114
2026-01-27 17:20:05,919 WARN o.a.j.p.h.s.HTTPSamplerBase: Existing CookieManager HTTP cookie manager superseded by HTTP cookie manager
2026-01-27 17:20:05,920 WARN o.a.j.p.h.s.HTTPSamplerBase: Existing CookieManager HTTP cookie manager superseded by HTTP cookie manager
2026-01-27 17:20:05,926 INFO o.a.j.t.JMeterThread: Thread is done: User threads 1-439
2026-01-27 17:20:05,926 INFO o.a.j.t.JMeterThread: Thread finished: User threads 1-439
2026-01-27 17:20:05,954 WARN o.a.j.p.h.s.HTTPSamplerBase: Existing CookieManager HTTP cookie manager superseded by HTTP cookie manager
2026-01-27 17:20:05,956 WARN o.a.j.p.h.s.HTTPSamplerBase: Existing CookieManager HTTP cookie manager superseded by HTTP cookie manager
2026-01-27 17:20:05,956 WARN o.a.j.p.h.s.HTTPSamplerBase: Existing CookieManager HTTP cookie manager superseded by HTTP cookie manager
2026-01-27 17:20:05,956 INFO o.a.j.t.JMeterThread: Thread is done: User threads 1-390
2026-01-27 17:20:05,956 INFO o.a.j.t.JMeterThread: Thread finished: User threads 1-390
2026-01-27 17:20:05,963 WARN o.a.j.p.h.s.HTTPSamplerBase: Existing CookieManager HTTP cookie manager superseded by HTTP cookie manager
2026-01-27 17:20:05,977 WARN o.a.j.p.h.s.HTTPSamplerBase: Existing CookieManager HTTP cookie manager superseded by HTTP cookie manager
2026-01-27 17:20:05,977 INFO o.a.j.t.JMeterThread: Thread is done: User threads 1-297
2026-01-27 17:20:05,977 INFO o.a.j.t.JMeterThread: Thread finished: User threads 1-297
2026-01-27 17:20:05,992 INFO o.a.j.t.JMeterThread: Thread is done: User threads 1-427
2026-01-27 17:20:05,992 INFO o.a.j.t.JMeterThread: Thread finished: User threads 1-427
2026-01-27 17:20:06,010 WARN o.a.j.p.h.s.HTTPSamplerBase: Existing CookieManager HTTP cookie manager superseded by HTTP cookie manager
2026-01-27 17:20:06,011 WARN o.a.j.p.h.s.HTTPSamplerBase: Existing CookieManager HTTP cookie manager superseded by HTTP cookie manager
2026-01-27 17:20:06,015 WARN o.a.j.p.h.s.HTTPSamplerBase: Existing CookieManager HTTP cookie manager superseded by HTTP cookie manager
2026-01-27 17:20:06,029 WARN o.a.j.p.h.s.HTTPSamplerBase: Existing CookieManager HTTP cookie manager superseded by HTTP cookie manager
2026-01-27 17:20:06,032 INFO o.a.j.t.JMeterThread: Thread is done: User threads 1-393
2026-01-27 17:20:06,032 INFO o.a.j.t.JMeterThread: Thread finished: User threads 1-393
2026-01-27 17:20:06,038 INFO o.a.j.t.JMeterThread: Thread is done: User threads 1-272
2026-01-27 17:20:06,038 WARN o.a.j.p.h.s.HTTPSamplerBase: Existing CookieManager HTTP cookie manager superseded by HTTP cookie manager
2026-01-27 17:20:06,038 INFO o.a.j.t.JMeterThread: Thread finished: User threads 1-272
2026-01-27 17:20:06,045 INFO o.a.j.t.JMeterThread: Thread is done: User threads 1-416
2026-01-27 17:20:06,045 INFO o.a.j.t.JMeterThread: Thread finished: User threads 1-416
2026-01-27 17:20:06,050 WARN o.a.j.p.h.s.HTTPSamplerBase: Existing CookieManager HTTP cookie manager superseded by HTTP cookie manager
2026-01-27 17:20:06,064 WARN o.a.j.p.h.s.HTTPSamplerBase: Existing CookieManager HTTP cookie manager superseded by HTTP cookie manager
2026-01-27 17:20:06,084 WARN o.a.j.p.h.s.HTTPSamplerBase: Existing CookieManager HTTP cookie manager superseded by HTTP cookie manager
2026-01-27 17:20:06,085 INFO o.a.j.t.JMeterThread: Thread is done: User threads 1-192
2026-01-27 17:20:06,085 INFO o.a.j.t.JMeterThread: Thread finished: User threads 1-192
2026-01-27 17:20:06,090 WARN o.a.j.p.h.s.HTTPSamplerBase: Existing CookieManager HTTP cookie manager superseded by HTTP cookie manager
2026-01-27 17:20:06,090 INFO o.a.j.t.JMeterThread: Thread is done: User threads 1-385
2026-01-27 17:20:06,090 INFO o.a.j.t.JMeterThread: Thread finished: User threads 1-385
2026-01-27 17:20:06,100 INFO o.a.j.t.JMeterThread: Thread is done: User threads 1-59
2026-01-27 17:20:06,100 INFO o.a.j.t.JMeterThread: Thread finished: User threads 1-59
2026-01-27 17:20:06,101 WARN o.a.j.p.h.s.HTTPSamplerBase: Existing CookieManager HTTP cookie manager superseded by HTTP cookie manager
2026-01-27 17:20:06,137 INFO o.a.j.t.JMeterThread: Thread is done: User threads 1-335
2026-01-27 17:20:06,137 INFO o.a.j.t.JMeterThread: Thread finished: User threads 1-335
2026-01-27 17:20:06,147 WARN o.a.j.p.h.s.HTTPSamplerBase: Existing CookieManager HTTP cookie manager superseded by HTTP cookie manager
2026-01-27 17:20:06,154 WARN o.a.j.p.h.s.HTTPSamplerBase: Existing CookieManager HTTP cookie manager superseded by HTTP cookie manager
2026-01-27 17:20:06,158 WARN o.a.j.p.h.s.HTTPSamplerBase: Existing CookieManager HTTP cookie manager superseded by HTTP cookie manager
2026-01-27 17:20:06,175 WARN o.a.j.p.h.s.HTTPSamplerBase: Existing CookieManager HTTP cookie manager superseded by HTTP cookie manager
2026-01-27 17:20:06,188 WARN o.a.j.p.h.s.HTTPSamplerBase: Existing CookieManager HTTP cookie manager superseded by HTTP cookie manager
2026-01-27 17:20:06,194 WARN o.a.j.p.h.s.HTTPSamplerBase: Existing CookieManager HTTP cookie manager superseded by HTTP cookie manager
2026-01-27 17:20:06,200 WARN o.a.j.p.h.s.HTTPSamplerBase: Existing CookieManager HTTP cookie manager superseded by HTTP cookie manager
2026-01-27 17:20:06,211 WARN o.a.j.p.h.s.HTTPSamplerBase: Existing CookieManager HTTP cookie manager superseded by HTTP cookie manager
2026-01-27 17:20:06,217 WARN o.a.j.p.h.s.HTTPSamplerBase: Existing CookieManager HTTP cookie manager superseded by HTTP cookie manager
2026-01-27 17:20:06,218 INFO o.a.j.t.JMeterThread: Thread is done: User threads 1-330
2026-01-27 17:20:06,218 INFO o.a.j.t.JMeterThread: Thread finished: User threads 1-330
2026-01-27 17:20:06,221 WARN o.a.j.p.h.s.HTTPSamplerBase: Existing CookieManager HTTP cookie manager superseded by HTTP cookie manager
2026-01-27 17:20:06,227 INFO o.a.j.t.JMeterThread: Thread is done: User threads 1-282
2026-01-27 17:20:06,227 INFO o.a.j.t.JMeterThread: Thread finished: User threads 1-282
2026-01-27 17:20:06,228 WARN o.a.j.p.h.s.HTTPSamplerBase: Existing CookieManager HTTP cookie manager superseded by HTTP cookie manager
2026-01-27 17:20:06,234 WARN o.a.j.p.h.s.HTTPSamplerBase: Existing CookieManager HTTP cookie manager superseded by HTTP cookie manager
2026-01-27 17:20:06,242 WARN o.a.j.p.h.s.HTTPSamplerBase: Existing CookieManager HTTP cookie manager superseded by HTTP cookie manager
2026-01-27 17:20:06,254 INFO o.a.j.t.JMeterThread: Thread is done: User threads 1-484
2026-01-27 17:20:06,254 INFO o.a.j.t.JMeterThread: Thread finished: User threads 1-484
2026-01-27 17:20:06,260 INFO o.a.j.t.JMeterThread: Thread is done: User threads 1-480
2026-01-27 17:20:06,260 INFO o.a.j.t.JMeterThread: Thread finished: User threads 1-480
2026-01-27 17:20:06,270 WARN o.a.j.p.h.s.HTTPSamplerBase: Existing CookieManager HTTP cookie manager superseded by HTTP cookie manager
2026-01-27 17:20:06,274 INFO o.a.j.t.JMeterThread: Thread is done: User threads 1-425
2026-01-27 17:20:06,274 INFO o.a.j.t.JMeterThread: Thread finished: User threads 1-425
2026-01-27 17:20:06,280 WARN o.a.j.p.h.s.HTTPSamplerBase: Existing CookieManager HTTP cookie manager superseded by HTTP cookie manager
2026-01-27 17:20:06,286 INFO o.a.j.t.JMeterThread: Thread is done: User threads 1-457
2026-01-27 17:20:06,286 WARN o.a.j.p.h.s.HTTPSamplerBase: Existing CookieManager HTTP cookie manager superseded by HTTP cookie manager
2026-01-27 17:20:06,287 INFO o.a.j.t.JMeterThread: Thread finished: User threads 1-457
2026-01-27 17:20:06,288 WARN o.a.j.p.h.s.HTTPSamplerBase: Existing CookieManager HTTP cookie manager superseded by HTTP cookie manager
2026-01-27 17:20:06,298 INFO o.a.j.t.JMeterThread: Thread is done: User threads 1-16
2026-01-27 17:20:06,298 INFO o.a.j.t.JMeterThread: Thread finished: User threads 1-16
2026-01-27 17:20:06,305 WARN o.a.j.p.h.s.HTTPSamplerBase: Existing CookieManager HTTP cookie manager superseded by HTTP cookie manager
2026-01-27 17:20:06,307 INFO o.a.j.t.JMeterThread: Thread is done: User threads 1-373
2026-01-27 17:20:06,307 INFO o.a.j.t.JMeterThread: Thread finished: User threads 1-373
2026-01-27 17:20:06,338 INFO o.a.j.t.JMeterThread: Thread is done: User threads 1-493
2026-01-27 17:20:06,338 INFO o.a.j.t.JMeterThread: Thread finished: User threads 1-493
2026-01-27 17:20:06,340 INFO o.a.j.t.JMeterThread: Thread is done: User threads 1-366
2026-01-27 17:20:06,340 INFO o.a.j.t.JMeterThread: Thread finished: User threads 1-366
2026-01-27 17:20:06,343 INFO o.a.j.t.JMeterThread: Thread is done: User threads 1-315
2026-01-27 17:20:06,343 INFO o.a.j.t.JMeterThread: Thread finished: User threads 1-315
2026-01-27 17:20:06,354 INFO o.a.j.t.JMeterThread: Thread is done: User threads 1-345
2026-01-27 17:20:06,354 INFO o.a.j.t.JMeterThread: Thread finished: User threads 1-345
2026-01-27 17:20:06,357 INFO o.a.j.t.JMeterThread: Thread is done: User threads 1-450
2026-01-27 17:20:06,357 INFO o.a.j.t.JMeterThread: Thread finished: User threads 1-450
2026-01-27 17:20:06,357 WARN o.a.j.p.h.s.HTTPSamplerBase: Existing CookieManager HTTP cookie manager superseded by HTTP cookie manager
2026-01-27 17:20:06,358 INFO o.a.j.t.JMeterThread: Thread is done: User threads 1-466
2026-01-27 17:20:06,358 INFO o.a.j.t.JMeterThread: Thread finished: User threads 1-466
2026-01-27 17:20:06,364 INFO o.a.j.t.JMeterThread: Thread is done: User threads 1-169
2026-01-27 17:20:06,364 INFO o.a.j.t.JMeterThread: Thread finished: User threads 1-169
2026-01-27 17:20:06,368 WARN o.a.j.p.h.s.HTTPSamplerBase: Existing CookieManager HTTP cookie manager superseded by HTTP cookie manager
2026-01-27 17:20:06,370 INFO o.a.j.t.JMeterThread: Thread is done: User threads 1-383
2026-01-27 17:20:06,370 INFO o.a.j.t.JMeterThread: Thread finished: User threads 1-383
2026-01-27 17:20:06,372 WARN o.a.j.p.h.s.HTTPSamplerBase: Existing CookieManager HTTP cookie manager superseded by HTTP cookie manager
2026-01-27 17:20:06,396 INFO o.a.j.t.JMeterThread: Thread is done: User threads 1-290
2026-01-27 17:20:06,396 INFO o.a.j.t.JMeterThread: Thread finished: User threads 1-290
2026-01-27 17:20:06,415 WARN o.a.j.p.h.s.HTTPSamplerBase: Existing CookieManager HTTP cookie manager superseded by HTTP cookie manager
2026-01-27 17:20:06,422 INFO o.a.j.t.JMeterThread: Thread is done: User threads 1-406
2026-01-27 17:20:06,422 INFO o.a.j.t.JMeterThread: Thread finished: User threads 1-406
2026-01-27 17:20:06,422 WARN o.a.j.p.h.s.HTTPSamplerBase: Existing CookieManager HTTP cookie manager superseded by HTTP cookie manager
2026-01-27 17:20:06,431 INFO o.a.j.t.JMeterThread: Thread is done: User threads 1-371
2026-01-27 17:20:06,431 INFO o.a.j.t.JMeterThread: Thread finished: User threads 1-371
2026-01-27 17:20:06,432 WARN o.a.j.p.h.s.HTTPSamplerBase: Existing CookieManager HTTP cookie manager superseded by HTTP cookie manager
2026-01-27 17:20:06,435 INFO o.a.j.t.JMeterThread: Thread is done: User threads 1-492
2026-01-27 17:20:06,436 INFO o.a.j.t.JMeterThread: Thread finished: User threads 1-492
2026-01-27 17:20:06,438 WARN o.a.j.p.h.s.HTTPSamplerBase: Existing CookieManager HTTP cookie manager superseded by HTTP cookie manager
2026-01-27 17:20:06,439 INFO o.a.j.t.JMeterThread: Thread is done: User threads 1-400
2026-01-27 17:20:06,439 INFO o.a.j.t.JMeterThread: Thread finished: User threads 1-400
2026-01-27 17:20:06,450 INFO o.a.j.t.JMeterThread: Thread is done: User threads 1-202
2026-01-27 17:20:06,450 INFO o.a.j.t.JMeterThread: Thread finished: User threads 1-202
2026-01-27 17:20:06,458 INFO o.a.j.t.JMeterThread: Thread is done: User threads 1-500
2026-01-27 17:20:06,458 INFO o.a.j.t.JMeterThread: Thread finished: User threads 1-500
2026-01-27 17:20:06,460 WARN o.a.j.p.h.s.HTTPSamplerBase: Existing CookieManager HTTP cookie manager superseded by HTTP cookie manager
2026-01-27 17:20:06,463 INFO o.a.j.t.JMeterThread: Thread is done: User threads 1-309
2026-01-27 17:20:06,463 INFO o.a.j.t.JMeterThread: Thread finished: User threads 1-309
2026-01-27 17:20:06,463 WARN o.a.j.p.h.s.HTTPSamplerBase: Existing CookieManager HTTP cookie manager superseded by HTTP cookie manager
2026-01-27 17:20:06,470 WARN o.a.j.p.h.s.HTTPSamplerBase: Existing CookieManager HTTP cookie manager superseded by HTTP cookie manager
2026-01-27 17:20:06,482 INFO o.a.j.t.JMeterThread: Thread is done: User threads 1-437
2026-01-27 17:20:06,482 INFO o.a.j.t.JMeterThread: Thread finished: User threads 1-437
2026-01-27 17:20:06,498 INFO o.a.j.t.JMeterThread: Thread is done: User threads 1-231
2026-01-27 17:20:06,498 INFO o.a.j.t.JMeterThread: Thread finished: User threads 1-231
2026-01-27 17:20:06,509 INFO o.a.j.t.JMeterThread: Thread is done: User threads 1-456
2026-01-27 17:20:06,509 INFO o.a.j.t.JMeterThread: Thread finished: User threads 1-456
2026-01-27 17:20:06,512 WARN o.a.j.p.h.s.HTTPSamplerBase: Existing CookieManager HTTP cookie manager superseded by HTTP cookie manager
2026-01-27 17:20:06,515 WARN o.a.j.p.h.s.HTTPSamplerBase: Existing CookieManager HTTP cookie manager superseded by HTTP cookie manager
2026-01-27 17:20:06,520 WARN o.a.j.p.h.s.HTTPSamplerBase: Existing CookieManager HTTP cookie manager superseded by HTTP cookie manager
2026-01-27 17:20:06,525 WARN o.a.j.p.h.s.HTTPSamplerBase: Existing CookieManager HTTP cookie manager superseded by HTTP cookie manager
2026-01-27 17:20:06,536 INFO o.a.j.t.JMeterThread: Thread is done: User threads 1-266
2026-01-27 17:20:06,536 INFO o.a.j.t.JMeterThread: Thread finished: User threads 1-266
2026-01-27 17:20:06,547 INFO o.a.j.t.JMeterThread: Thread is done: User threads 1-223
2026-01-27 17:20:06,547 INFO o.a.j.t.JMeterThread: Thread finished: User threads 1-223
2026-01-27 17:20:06,549 INFO o.a.j.t.JMeterThread: Thread is done: User threads 1-298
2026-01-27 17:20:06,549 INFO o.a.j.t.JMeterThread: Thread finished: User threads 1-298
2026-01-27 17:20:06,570 INFO o.a.j.t.JMeterThread: Thread is done: User threads 1-352
2026-01-27 17:20:06,570 INFO o.a.j.t.JMeterThread: Thread finished: User threads 1-352
2026-01-27 17:20:06,579 INFO o.a.j.t.JMeterThread: Thread is done: User threads 1-196
2026-01-27 17:20:06,580 INFO o.a.j.t.JMeterThread: Thread finished: User threads 1-196
2026-01-27 17:20:06,582 INFO o.a.j.t.JMeterThread: Thread is done: User threads 1-432
2026-01-27 17:20:06,582 INFO o.a.j.t.JMeterThread: Thread finished: User threads 1-432
2026-01-27 17:20:06,589 INFO o.a.j.t.JMeterThread: Thread is done: User threads 1-351
2026-01-27 17:20:06,589 INFO o.a.j.t.JMeterThread: Thread finished: User threads 1-351
2026-01-27 17:20:06,599 INFO o.a.j.t.JMeterThread: Thread is done: User threads 1-478
2026-01-27 17:20:06,599 INFO o.a.j.t.JMeterThread: Thread finished: User threads 1-478
2026-01-27 17:20:06,600 INFO o.a.j.t.JMeterThread: Thread is done: User threads 1-294
2026-01-27 17:20:06,600 INFO o.a.j.t.JMeterThread: Thread finished: User threads 1-294
2026-01-27 17:20:06,603 INFO o.a.j.t.JMeterThread: Thread is done: User threads 1-387
2026-01-27 17:20:06,603 INFO o.a.j.t.JMeterThread: Thread finished: User threads 1-387
2026-01-27 17:20:06,606 INFO o.a.j.t.JMeterThread: Thread is done: User threads 1-127
2026-01-27 17:20:06,606 INFO o.a.j.t.JMeterThread: Thread finished: User threads 1-127
2026-01-27 17:20:06,622 INFO o.a.j.t.JMeterThread: Thread is done: User threads 1-382
2026-01-27 17:20:06,622 INFO o.a.j.t.JMeterThread: Thread finished: User threads 1-382
2026-01-27 17:20:06,622 WARN o.a.j.p.h.s.HTTPSamplerBase: Existing CookieManager HTTP cookie manager superseded by HTTP cookie manager
2026-01-27 17:20:06,624 INFO o.a.j.t.JMeterThread: Thread is done: User threads 1-443
2026-01-27 17:20:06,624 INFO o.a.j.t.JMeterThread: Thread finished: User threads 1-443
2026-01-27 17:20:06,647 WARN o.a.j.p.h.s.HTTPSamplerBase: Existing CookieManager HTTP cookie manager superseded by HTTP cookie manager
2026-01-27 17:20:06,660 WARN o.a.j.p.h.s.HTTPSamplerBase: Existing CookieManager HTTP cookie manager superseded by HTTP cookie manager
2026-01-27 17:20:06,661 INFO o.a.j.t.JMeterThread: Thread is done: User threads 1-237
2026-01-27 17:20:06,661 INFO o.a.j.t.JMeterThread: Thread finished: User threads 1-237
2026-01-27 17:20:06,663 INFO o.a.j.t.JMeterThread: Thread is done: User threads 1-458
2026-01-27 17:20:06,663 INFO o.a.j.t.JMeterThread: Thread finished: User threads 1-458
2026-01-27 17:20:06,673 INFO o.a.j.t.JMeterThread: Thread is done: User threads 1-448
2026-01-27 17:20:06,673 INFO o.a.j.t.JMeterThread: Thread finished: User threads 1-448
2026-01-27 17:20:06,674 INFO o.a.j.t.JMeterThread: Thread is done: User threads 1-428
2026-01-27 17:20:06,674 INFO o.a.j.t.JMeterThread: Thread finished: User threads 1-428
2026-01-27 17:20:06,677 INFO o.a.j.t.JMeterThread: Thread is done: User threads 1-233
2026-01-27 17:20:06,677 INFO o.a.j.t.JMeterThread: Thread finished: User threads 1-233
2026-01-27 17:20:06,700 INFO o.a.j.t.JMeterThread: Thread is done: User threads 1-497
2026-01-27 17:20:06,700 INFO o.a.j.t.JMeterThread: Thread finished: User threads 1-497
2026-01-27 17:20:06,713 INFO o.a.j.t.JMeterThread: Thread is done: User threads 1-304
2026-01-27 17:20:06,713 INFO o.a.j.t.JMeterThread: Thread finished: User threads 1-304
2026-01-27 17:20:06,722 INFO o.a.j.t.JMeterThread: Thread is done: User threads 1-463
2026-01-27 17:20:06,722 WARN o.a.j.p.h.s.HTTPSamplerBase: Existing CookieManager HTTP cookie manager superseded by HTTP cookie manager
2026-01-27 17:20:06,722 INFO o.a.j.t.JMeterThread: Thread finished: User threads 1-463
2026-01-27 17:20:06,742 WARN o.a.j.p.h.s.HTTPSamplerBase: Existing CookieManager HTTP cookie manager superseded by HTTP cookie manager
2026-01-27 17:20:06,744 WARN o.a.j.p.h.s.HTTPSamplerBase: Existing CookieManager HTTP cookie manager superseded by HTTP cookie manager
2026-01-27 17:20:06,752 INFO o.a.j.t.JMeterThread: Thread is done: User threads 1-369
2026-01-27 17:20:06,753 INFO o.a.j.t.JMeterThread: Thread finished: User threads 1-369
2026-01-27 17:20:06,769 INFO o.a.j.t.JMeterThread: Thread is done: User threads 1-239
2026-01-27 17:20:06,769 INFO o.a.j.t.JMeterThread: Thread finished: User threads 1-239
2026-01-27 17:20:06,774 INFO o.a.j.t.JMeterThread: Thread is done: User threads 1-421
2026-01-27 17:20:06,774 INFO o.a.j.t.JMeterThread: Thread finished: User threads 1-421
2026-01-27 17:20:06,794 WARN o.a.j.p.h.s.HTTPSamplerBase: Existing CookieManager HTTP cookie manager superseded by HTTP cookie manager
2026-01-27 17:20:06,795 INFO o.a.j.t.JMeterThread: Thread is done: User threads 1-411
2026-01-27 17:20:06,795 INFO o.a.j.t.JMeterThread: Thread finished: User threads 1-411
2026-01-27 17:20:06,797 WARN o.a.j.p.h.s.HTTPSamplerBase: Existing CookieManager HTTP cookie manager superseded by HTTP cookie manager
2026-01-27 17:20:06,818 INFO o.a.j.t.JMeterThread: Thread is done: User threads 1-495
2026-01-27 17:20:06,818 INFO o.a.j.t.JMeterThread: Thread finished: User threads 1-495
2026-01-27 17:20:06,818 INFO o.a.j.t.JMeterThread: Thread is done: User threads 1-234
2026-01-27 17:20:06,818 INFO o.a.j.t.JMeterThread: Thread finished: User threads 1-234
2026-01-27 17:20:06,827 INFO o.a.j.t.JMeterThread: Thread is done: User threads 1-346
2026-01-27 17:20:06,827 INFO o.a.j.t.JMeterThread: Thread finished: User threads 1-346
2026-01-27 17:20:06,829 WARN o.a.j.p.h.s.HTTPSamplerBase: Existing CookieManager HTTP cookie manager superseded by HTTP cookie manager
2026-01-27 17:20:06,866 INFO o.a.j.t.JMeterThread: Thread is done: User threads 1-490
2026-01-27 17:20:06,866 INFO o.a.j.t.JMeterThread: Thread is done: User threads 1-465
2026-01-27 17:20:06,866 INFO o.a.j.t.JMeterThread: Thread is done: User threads 1-489
2026-01-27 17:20:06,866 INFO o.a.j.t.JMeterThread: Thread finished: User threads 1-489
2026-01-27 17:20:06,866 INFO o.a.j.t.JMeterThread: Thread finished: User threads 1-490
2026-01-27 17:20:06,866 INFO o.a.j.t.JMeterThread: Thread finished: User threads 1-465
2026-01-27 17:20:06,872 INFO o.a.j.t.JMeterThread: Thread is done: User threads 1-396
2026-01-27 17:20:06,872 INFO o.a.j.t.JMeterThread: Thread finished: User threads 1-396
2026-01-27 17:20:06,872 WARN o.a.j.p.h.s.HTTPSamplerBase: Existing CookieManager HTTP cookie manager superseded by HTTP cookie manager
2026-01-27 17:20:06,923 WARN o.a.j.p.h.s.HTTPSamplerBase: Existing CookieManager HTTP cookie manager superseded by HTTP cookie manager
2026-01-27 17:20:06,957 WARN o.a.j.p.h.s.HTTPSamplerBase: Existing CookieManager HTTP cookie manager superseded by HTTP cookie manager
2026-01-27 17:20:06,958 WARN o.a.j.p.h.s.HTTPSamplerBase: Existing CookieManager HTTP cookie manager superseded by HTTP cookie manager
2026-01-27 17:20:06,966 INFO o.a.j.t.JMeterThread: Thread is done: User threads 1-462
2026-01-27 17:20:06,967 INFO o.a.j.t.JMeterThread: Thread finished: User threads 1-462
2026-01-27 17:20:06,985 INFO o.a.j.t.JMeterThread: Thread is done: User threads 1-210
2026-01-27 17:20:06,985 INFO o.a.j.t.JMeterThread: Thread finished: User threads 1-210
2026-01-27 17:20:07,000 INFO o.a.j.t.JMeterThread: Thread is done: User threads 1-260
2026-01-27 17:20:07,000 INFO o.a.j.t.JMeterThread: Thread finished: User threads 1-260
2026-01-27 17:20:07,030 WARN o.a.j.p.h.s.HTTPSamplerBase: Existing CookieManager HTTP cookie manager superseded by HTTP cookie manager
2026-01-27 17:20:07,053 INFO o.a.j.t.JMeterThread: Thread is done: User threads 1-479
2026-01-27 17:20:07,053 INFO o.a.j.t.JMeterThread: Thread finished: User threads 1-479
2026-01-27 17:20:07,086 INFO o.a.j.t.JMeterThread: Thread is done: User threads 1-318
2026-01-27 17:20:07,086 INFO o.a.j.t.JMeterThread: Thread finished: User threads 1-318
2026-01-27 17:20:07,086 INFO o.a.j.t.JMeterThread: Thread is done: User threads 1-426
2026-01-27 17:20:07,086 INFO o.a.j.t.JMeterThread: Thread finished: User threads 1-426
2026-01-27 17:20:07,108 WARN o.a.j.p.h.s.HTTPSamplerBase: Existing CookieManager HTTP cookie manager superseded by HTTP cookie manager
2026-01-27 17:20:07,134 INFO o.a.j.t.JMeterThread: Thread is done: User threads 1-399
2026-01-27 17:20:07,134 INFO o.a.j.t.JMeterThread: Thread finished: User threads 1-399
2026-01-27 17:20:07,135 INFO o.a.j.t.JMeterThread: Thread is done: User threads 1-188
2026-01-27 17:20:07,135 INFO o.a.j.t.JMeterThread: Thread finished: User threads 1-188
2026-01-27 17:20:07,144 WARN o.a.j.p.h.s.HTTPSamplerBase: Existing CookieManager HTTP cookie manager superseded by HTTP cookie manager
2026-01-27 17:20:07,166 INFO o.a.j.t.JMeterThread: Thread is done: User threads 1-413
2026-01-27 17:20:07,166 INFO o.a.j.t.JMeterThread: Thread finished: User threads 1-413
2026-01-27 17:20:07,206 INFO o.a.j.t.JMeterThread: Thread is done: User threads 1-438
2026-01-27 17:20:07,206 INFO o.a.j.t.JMeterThread: Thread finished: User threads 1-438
2026-01-27 17:20:07,253 INFO o.a.j.t.JMeterThread: Thread is done: User threads 1-377
2026-01-27 17:20:07,253 INFO o.a.j.t.JMeterThread: Thread finished: User threads 1-377
2026-01-27 17:20:07,274 WARN o.a.j.p.h.s.HTTPSamplerBase: Existing CookieManager HTTP cookie manager superseded by HTTP cookie manager
2026-01-27 17:20:07,306 INFO o.a.j.t.JMeterThread: Thread is done: User threads 1-441
2026-01-27 17:20:07,306 INFO o.a.j.t.JMeterThread: Thread finished: User threads 1-441
2026-01-27 17:20:07,308 INFO o.a.j.t.JMeterThread: Thread is done: User threads 1-340
2026-01-27 17:20:07,308 INFO o.a.j.t.JMeterThread: Thread finished: User threads 1-340
2026-01-27 17:20:07,310 WARN o.a.j.p.h.s.HTTPSamplerBase: Existing CookieManager HTTP cookie manager superseded by HTTP cookie manager
2026-01-27 17:20:07,311 WARN o.a.j.p.h.s.HTTPSamplerBase: Existing CookieManager HTTP cookie manager superseded by HTTP cookie manager
2026-01-27 17:20:07,360 INFO o.a.j.t.JMeterThread: Thread is done: User threads 1-453
2026-01-27 17:20:07,360 INFO o.a.j.t.JMeterThread: Thread finished: User threads 1-453
2026-01-27 17:20:07,413 WARN o.a.j.p.h.s.HTTPSamplerBase: Existing CookieManager HTTP cookie manager superseded by HTTP cookie manager
2026-01-27 17:20:07,433 WARN o.a.j.p.h.s.HTTPSamplerBase: Existing CookieManager HTTP cookie manager superseded by HTTP cookie manager
2026-01-27 17:20:07,444 INFO o.a.j.t.JMeterThread: Thread is done: User threads 1-440
2026-01-27 17:20:07,445 INFO o.a.j.t.JMeterThread: Thread finished: User threads 1-440
2026-01-27 17:20:07,480 WARN o.a.j.p.h.s.HTTPSamplerBase: Existing CookieManager HTTP cookie manager superseded by HTTP cookie manager
2026-01-27 17:20:07,483 WARN o.a.j.p.h.s.HTTPSamplerBase: Existing CookieManager HTTP cookie manager superseded by HTTP cookie manager
2026-01-27 17:20:07,494 INFO o.a.j.t.JMeterThread: Thread is done: User threads 1-482
2026-01-27 17:20:07,494 INFO o.a.j.t.JMeterThread: Thread finished: User threads 1-482
2026-01-27 17:20:07,605 INFO o.a.j.t.JMeterThread: Thread is done: User threads 1-486
2026-01-27 17:20:07,605 INFO o.a.j.t.JMeterThread: Thread finished: User threads 1-486
2026-01-27 17:20:07,626 WARN o.a.j.p.h.s.HTTPSamplerBase: Existing CookieManager HTTP cookie manager superseded by HTTP cookie manager
2026-01-27 17:20:07,653 INFO o.a.j.t.JMeterThread: Thread is done: User threads 1-452
2026-01-27 17:20:07,653 INFO o.a.j.t.JMeterThread: Thread finished: User threads 1-452
2026-01-27 17:20:07,654 INFO o.a.j.t.JMeterThread: Thread is done: User threads 1-376
2026-01-27 17:20:07,654 INFO o.a.j.t.JMeterThread: Thread finished: User threads 1-376
2026-01-27 17:20:07,704 WARN o.a.j.p.h.s.HTTPSamplerBase: Existing CookieManager HTTP cookie manager superseded by HTTP cookie manager
2026-01-27 17:20:07,744 INFO o.a.j.t.JMeterThread: Thread is done: User threads 1-392
2026-01-27 17:20:07,744 INFO o.a.j.t.JMeterThread: Thread finished: User threads 1-392
2026-01-27 17:20:07,778 INFO o.a.j.t.JMeterThread: Thread is done: User threads 1-430
2026-01-27 17:20:07,778 INFO o.a.j.t.JMeterThread: Thread finished: User threads 1-430
2026-01-27 17:20:07,786 WARN o.a.j.p.h.s.HTTPSamplerBase: Existing CookieManager HTTP cookie manager superseded by HTTP cookie manager
2026-01-27 17:20:07,787 WARN o.a.j.p.h.s.HTTPSamplerBase: Existing CookieManager HTTP cookie manager superseded by HTTP cookie manager
2026-01-27 17:20:07,800 WARN o.a.j.p.h.s.HTTPSamplerBase: Existing CookieManager HTTP cookie manager superseded by HTTP cookie manager
2026-01-27 17:20:07,817 WARN o.a.j.p.h.s.HTTPSamplerBase: Existing CookieManager HTTP cookie manager superseded by HTTP cookie manager
2026-01-27 17:20:07,828 INFO o.a.j.t.JMeterThread: Thread is done: User threads 1-308
2026-01-27 17:20:07,828 INFO o.a.j.t.JMeterThread: Thread finished: User threads 1-308
2026-01-27 17:20:07,828 INFO o.a.j.t.JMeterThread: Thread is done: User threads 1-471
2026-01-27 17:20:07,828 INFO o.a.j.t.JMeterThread: Thread finished: User threads 1-471
2026-01-27 17:20:07,961 INFO o.a.j.t.JMeterThread: Thread is done: User threads 1-477
2026-01-27 17:20:07,961 INFO o.a.j.t.JMeterThread: Thread finished: User threads 1-477
2026-01-27 17:20:08,036 INFO o.a.j.t.JMeterThread: Thread is done: User threads 1-483
2026-01-27 17:20:08,036 INFO o.a.j.t.JMeterThread: Thread finished: User threads 1-483
2026-01-27 17:20:08,061 WARN o.a.j.p.h.s.HTTPSamplerBase: Existing CookieManager HTTP cookie manager superseded by HTTP cookie manager
2026-01-27 17:20:08,138 INFO o.a.j.t.JMeterThread: Thread is done: User threads 1-331
2026-01-27 17:20:08,138 INFO o.a.j.t.JMeterThread: Thread finished: User threads 1-331
2026-01-27 17:20:08,140 INFO o.a.j.t.JMeterThread: Thread is done: User threads 1-245
2026-01-27 17:20:08,140 INFO o.a.j.t.JMeterThread: Thread finished: User threads 1-245
2026-01-27 17:20:08,140 INFO o.a.j.t.JMeterThread: Thread is done: User threads 1-344
2026-01-27 17:20:08,140 INFO o.a.j.t.JMeterThread: Thread finished: User threads 1-344
2026-01-27 17:20:08,142 WARN o.a.j.p.h.s.HTTPSamplerBase: Existing CookieManager HTTP cookie manager superseded by HTTP cookie manager
2026-01-27 17:20:08,143 WARN o.a.j.p.h.s.HTTPSamplerBase: Existing CookieManager HTTP cookie manager superseded by HTTP cookie manager
2026-01-27 17:20:08,168 INFO o.a.j.t.JMeterThread: Thread is done: User threads 1-442
2026-01-27 17:20:08,168 INFO o.a.j.t.JMeterThread: Thread finished: User threads 1-442
2026-01-27 17:20:08,170 WARN o.a.j.p.h.s.HTTPSamplerBase: Existing CookieManager HTTP cookie manager superseded by HTTP cookie manager
2026-01-27 17:20:08,170 WARN o.a.j.p.h.s.HTTPSamplerBase: Existing CookieManager HTTP cookie manager superseded by HTTP cookie manager
2026-01-27 17:20:08,274 WARN o.a.j.p.h.s.HTTPSamplerBase: Existing CookieManager HTTP cookie manager superseded by HTTP cookie manager
2026-01-27 17:20:08,394 INFO o.a.j.t.JMeterThread: Thread is done: User threads 1-301
2026-01-27 17:20:08,394 INFO o.a.j.t.JMeterThread: Thread finished: User threads 1-301
2026-01-27 17:20:08,489 INFO o.a.j.t.JMeterThread: Thread is done: User threads 1-365
2026-01-27 17:20:08,489 INFO o.a.j.t.JMeterThread: Thread finished: User threads 1-365
2026-01-27 17:20:08,490 INFO o.a.j.t.JMeterThread: Thread is done: User threads 1-469
2026-01-27 17:20:08,490 INFO o.a.j.t.JMeterThread: Thread finished: User threads 1-469
2026-01-27 17:20:08,510 INFO o.a.j.t.JMeterThread: Thread is done: User threads 1-354
2026-01-27 17:20:08,510 INFO o.a.j.t.JMeterThread: Thread finished: User threads 1-354
2026-01-27 17:20:08,511 INFO o.a.j.t.JMeterThread: Thread is done: User threads 1-337
2026-01-27 17:20:08,511 INFO o.a.j.t.JMeterThread: Thread finished: User threads 1-337
2026-01-27 17:20:08,554 WARN o.a.j.p.h.s.HTTPSamplerBase: Existing CookieManager HTTP cookie manager superseded by HTTP cookie manager
2026-01-27 17:20:08,610 INFO o.a.j.t.JMeterThread: Thread is done: User threads 1-394
2026-01-27 17:20:08,610 INFO o.a.j.t.JMeterThread: Thread finished: User threads 1-394
2026-01-27 17:20:08,888 INFO o.a.j.t.JMeterThread: Thread is done: User threads 1-398
2026-01-27 17:20:08,888 INFO o.a.j.t.JMeterThread: Thread finished: User threads 1-398
2026-01-27 17:20:09,327 WARN o.a.j.p.h.s.HTTPSamplerBase: Existing CookieManager HTTP cookie manager superseded by HTTP cookie manager
2026-01-27 17:20:09,663 INFO o.a.j.t.JMeterThread: Thread is done: User threads 1-447
2026-01-27 17:20:09,663 INFO o.a.j.t.JMeterThread: Thread finished: User threads 1-447
2026-01-27 17:20:09,663 INFO o.a.j.e.StandardJMeterEngine: Notifying test listeners of end of test
2026-01-27 17:20:09,664 INFO o.a.j.r.Summariser: summary +   2644 in 00:00:10 =  273.6/s Avg:   358 Min:     4 Max:  4393 Err:     0 (0.00%) Active: 0 Started: 500 Finished: 500
2026-01-27 17:20:09,664 INFO o.a.j.r.Summariser: summary =  65000 in 00:01:59 =  546.1/s Avg:   508 Min:     3 Max:  5815 Err:    28 (0.04%)
2026-01-27 17:20:09,665 INFO o.a.j.JMeter: Generating Dashboard
2026-01-27 17:20:09,665 INFO o.a.j.r.d.ReportGenerator: Flushing result collector before report Generation
2026-01-27 17:20:09,678 INFO o.a.j.r.p.NormalizerSampleConsumer: Using format, 'ms', to parse timeStamp field
2026-01-27 17:20:11,318 INFO o.a.j.r.p.AbstractSampleConsumer: class org.apache.jmeter.report.processor.AggregateConsumer#stopProducing(): beginDate produced 0 samples
2026-01-27 17:20:11,318 INFO o.a.j.r.p.AbstractSampleConsumer: class org.apache.jmeter.report.processor.AggregateConsumer#stopProducing(): endDate produced 0 samples
2026-01-27 17:20:11,320 INFO o.a.j.r.p.AbstractSampleConsumer: class org.apache.jmeter.report.processor.ApdexSummaryConsumer#stopProducing(): apdexSummary produced 0 samples
2026-01-27 17:20:11,320 INFO o.a.j.r.p.AbstractSampleConsumer: class org.apache.jmeter.report.processor.RequestsSummaryConsumer#stopProducing(): requestsSummary produced 0 samples
2026-01-27 17:20:11,337 INFO o.a.j.r.p.AbstractSampleConsumer: class org.apache.jmeter.report.processor.StatisticsSummaryConsumer#stopProducing(): statisticsSummary produced 0 samples
2026-01-27 17:20:11,346 INFO o.a.j.r.p.AbstractSampleConsumer: class org.apache.jmeter.report.processor.Top5ErrorsBySamplerConsumer#stopProducing(): top5ErrorsBySampler produced 0 samples
2026-01-27 17:20:11,346 INFO o.a.j.r.p.AbstractSampleConsumer: class org.apache.jmeter.report.processor.ErrorsSummaryConsumer#stopProducing(): errorsSummary produced 0 samples
2026-01-27 17:20:11,346 INFO o.a.j.r.p.AbstractSampleConsumer: class org.apache.jmeter.report.processor.graph.impl.HitsPerSecondGraphConsumer#stopProducing(): hitsPerSecond produced 0 samples
2026-01-27 17:20:11,588 INFO o.a.j.r.p.AbstractSampleConsumer: class org.apache.jmeter.report.processor.graph.impl.LatencyVSRequestGraphConsumer#stopProducing(): latencyVsRequest produced 0 samples
2026-01-27 17:20:11,591 INFO o.a.j.r.p.AbstractSampleConsumer: class org.apache.jmeter.report.processor.graph.impl.SyntheticResponseTimeDistributionGraphConsumer#stopProducing(): syntheticResponseTimeDistribution produced 0 samples
2026-01-27 17:20:11,591 INFO o.a.j.r.p.AbstractSampleConsumer: class org.apache.jmeter.report.processor.graph.impl.BytesThroughputGraphConsumer#stopProducing(): bytesThroughputOverTime produced 0 samples
2026-01-27 17:20:11,591 INFO o.a.j.r.p.AbstractSampleConsumer: class org.apache.jmeter.report.processor.graph.impl.CodesPerSecondGraphConsumer#stopProducing(): codesPerSecond produced 0 samples
2026-01-27 17:20:11,759 INFO o.a.j.r.p.AbstractSampleConsumer: class org.apache.jmeter.report.processor.graph.impl.ResponseTimeVSRequestGraphConsumer#stopProducing(): responseTimeVsRequest produced 0 samples
2026-01-27 17:20:11,761 INFO o.a.j.r.p.AbstractSampleConsumer: class org.apache.jmeter.report.processor.FilterConsumer#stopProducing(): startIntervalControlerFilter produced 525028 samples
2026-01-27 17:20:11,761 INFO o.a.j.r.p.AbstractSampleConsumer: class org.apache.jmeter.report.processor.graph.impl.TotalTPSGraphConsumer#stopProducing(): totalTPS produced 0 samples
2026-01-27 17:20:11,761 INFO o.a.j.r.p.AbstractSampleConsumer: class org.apache.jmeter.report.processor.graph.impl.ActiveThreadsGraphConsumer#stopProducing(): activeThreadsOverTime produced 0 samples
2026-01-27 17:20:11,761 INFO o.a.j.r.p.AbstractSampleConsumer: class org.apache.jmeter.report.processor.graph.impl.TimeVSThreadGraphConsumer#stopProducing(): timeVsThreads produced 0 samples
2026-01-27 17:20:11,764 INFO o.a.j.r.p.AbstractSampleConsumer: class org.apache.jmeter.report.processor.graph.impl.ResponseTimeDistributionGraphConsumer#stopProducing(): responseTimeDistribution produced 0 samples
2026-01-27 17:20:11,766 INFO o.a.j.r.p.AbstractSampleConsumer: class org.apache.jmeter.report.processor.graph.impl.TransactionsPerSecondGraphConsumer#stopProducing(): transactionsPerSecond produced 0 samples
2026-01-27 17:20:11,766 INFO o.a.j.r.p.AbstractSampleConsumer: class org.apache.jmeter.report.processor.graph.impl.ResponseTimePercentilesGraphConsumer#stopProducing(): responseTimePercentiles produced 0 samples
2026-01-27 17:20:11,783 INFO o.a.j.r.p.AbstractSampleConsumer: class org.apache.jmeter.report.processor.graph.impl.ResponseTimePercentilesOverTimeGraphConsumer#stopProducing(): responseTimePercentilesOverTime produced 0 samples
2026-01-27 17:20:11,785 INFO o.a.j.r.p.AbstractSampleConsumer: class org.apache.jmeter.report.processor.graph.impl.ResponseTimeOverTimeGraphConsumer#stopProducing(): responseTimesOverTime produced 0 samples
2026-01-27 17:20:11,785 INFO o.a.j.r.p.AbstractSampleConsumer: class org.apache.jmeter.report.processor.graph.impl.ConnectTimeOverTimeGraphConsumer#stopProducing(): connectTimeOverTime produced 0 samples
2026-01-27 17:20:11,785 INFO o.a.j.r.p.AbstractSampleConsumer: class org.apache.jmeter.report.processor.graph.impl.LatencyOverTimeGraphConsumer#stopProducing(): latenciesOverTime produced 0 samples
2026-01-27 17:20:11,785 INFO o.a.j.r.p.AbstractSampleConsumer: class org.apache.jmeter.report.processor.FilterConsumer#stopProducing(): nameFilter produced 1125060 samples
2026-01-27 17:20:11,785 INFO o.a.j.r.p.AbstractSampleConsumer: class org.apache.jmeter.report.processor.FilterConsumer#stopProducing(): dateRangeFilter produced 225012 samples
2026-01-27 17:20:11,785 INFO o.a.j.r.p.AbstractSampleConsumer: class org.apache.jmeter.report.processor.NormalizerSampleConsumer#stopProducing(): normalizer produced 75004 samples
2026-01-27 17:20:11,787 INFO o.a.j.r.p.CsvFileSampleSource: produce(): 75004 samples produced in 2s 80 ms on channel 0
2026-01-27 17:20:11,787 INFO o.a.j.r.d.ReportGenerator: Exporting data using exporter:'json' of className:'org.apache.jmeter.report.dashboard.JsonExporter'
2026-01-27 17:20:11,895 INFO o.a.j.r.d.JsonExporter: Found data for consumer statisticsSummary in context
2026-01-27 17:20:11,895 INFO o.a.j.r.d.JsonExporter: Creating statistics for overall
2026-01-27 17:20:11,895 INFO o.a.j.r.d.JsonExporter: Creating statistics for other transactions
2026-01-27 17:20:11,895 INFO o.a.j.r.d.JsonExporter: Checking output folder
2026-01-27 17:20:11,896 INFO o.a.j.r.d.JsonExporter: Writing statistics JSON to C:\Users\aymen\OneDrive\Desktop\9raya\Software-Depandabilities\Project\spring-petclinic\target\jmeter-report\statistics.json
2026-01-27 17:20:11,942 INFO o.a.j.r.d.ReportGenerator: Exporting data using exporter:'html' of className:'org.apache.jmeter.report.dashboard.HtmlTemplateExporter'
2026-01-27 17:20:11,945 INFO o.a.j.r.d.HtmlTemplateExporter: Will generate dashboard in folder: C:\Users\aymen\OneDrive\Desktop\9raya\Software-Depandabilities\Project\spring-petclinic\target\jmeter-report
2026-01-27 17:20:12,107 INFO o.a.j.r.d.HtmlTemplateExporter: Report will be generated in: C:\Users\aymen\OneDrive\Desktop\9raya\Software-Depandabilities\Project\spring-petclinic\target\jmeter-report, creating folder structure
2026-01-27 17:20:12,111 INFO o.a.j.r.d.TemplateVisitor: Copying folder from 'C:\ProgramData\chocolatey\lib\jmeter\tools\apache-jmeter-5.6.3\bin\report-template' to 'C:\Users\aymen\OneDrive\Desktop\9raya\Software-Depandabilities\Project\spring-petclinic\target\jmeter-report', got message: C:\Users\aymen\OneDrive\Desktop\9raya\Software-Depandabilities\Project\spring-petclinic\target\jmeter-report, found non empty folder with following content [C:\Users\aymen\OneDrive\Desktop\9raya\Software-Depandabilities\Project\spring-petclinic\target\jmeter-report\statistics.json], will be ignored
2026-01-27 17:20:12,518 INFO o.a.j.JMeter: Dashboard generated
